#if defined(LV_LVGL_H_INCLUDE_SIMPLE)
#include "lvgl.h"
#elif defined(LV_BUILD_TEST)
#include "../lvgl.h"
#else
#include "lvgl/lvgl.h"
#endif

#ifndef LV_ATTRIBUTE_MEM_ALIGN
#define LV_ATTRIBUTE_MEM_ALIGN
#endif

#ifndef LV_ATTRIBUTE_EYES_IMG
#define LV_ATTRIBUTE_EYES_IMG
#endif

static const
LV_ATTRIBUTE_MEM_ALIGN LV_ATTRIBUTE_LARGE_CONST LV_ATTRIBUTE_EYES_IMG
uint8_t eyes_img_map[] = {
    0xff,0xff,0xff,0xff,0xff,0xff,0xff,0xff,0xff,0xff,0xff,0xff,0xff,0xff,0xff,0xff,
    0xff,0xff,0xff,0xff,0xff,0xff,0xff,0xff,0xff,0xff,0xff,0xff,0xff,0xff,0xff,0xff,
    0xff,0xff,0xff,0xff,0xff,0xff,0xff,0xff,0xff,0xff,0xff,0xff,0xff,0xff,0xff,0xff,
    0xff,0xff,0xff,0xff,0xff,0xff,0xff,0xff,0xff,0xff,0xff,0xff,0xff,0xff,0xff,0xff,
    0xff,0xff,0xff,0xff,0xff,0xff,0xff,0xff,0xff,0xff,0xff,0xff,0xff,0xff,0xff,0xff,
    0xff,0xff,0xff,0xff,0xff,0xff,0xff,0xff,0xff,0xff,0xff,0xff,0xff,0xff,0xff,0xff,
    0xff,0xff,0xff,0xff,0xff,0xff,0xff,0xff,0xff,0xff,0xff,0xff,0xff,0xff,0xff,0xff,
    0xff,0xff,0xff,0xff,0xff,0xff,0xff,0xff,0xff,0xff,0xff,0xff,0xff,0xff,0xff,0xff,
    0xff,0xff,0xff,0xff,0xff,0xff,0xff,0xff,0xff,0xff,0xdf,0xff,0xdf,0xff,0xbe,0xf7,
    0xbe,0xf7,0x9e,0xf7,0x9e,0xf7,0x9e,0xf7,0x9e,0xf7,0x9e,0xf7,0x7d,0xef,0x7d,0xef,
    0x7d,0xef,0x7d,0xef,0x9e,0xf7,0x9e,0xf7,0x9e,0xf7,0x9e,0xf7,0x9e,0xf7,0xbe,0xf7,
    0xdf,0xff,0xdf,0xff,0xff,0xff,0xff,0xff,0xff,0xff,0xff,0xff,0xff,0xff,0xff,0xff,
    0xff,0xff,0xff,0xff,0xff,0xff,0xff,0xff,0xff,0xff,0xff,0xff,0xff,0xff,0xff,0xff,
    0xff,0xff,0xff,0xff,0xff,0xff,0xff,0xff,0xff,0xff,0xff,0xff,0xff,0xff,0xff,0xff,
    0xff,0xff,0xff,0xff,0xff,0xff,0xff,0xff,0xff,0xff,0xff,0xff,0xff,0xff,0xff,0xff,
    0xff,0xff,0xff,0xff,0xff,0xff,0xff,0xff,0xff,0xff,0xff,0xff,0xff,0xff,0xff,0xff,
    0xff,0xff,0xff,0xff,0xff,0xff,0xff,0xff,0xff,0xff,0xff,0xff,0xff,0xff,0xff,0xff,
    0xff,0xff,0xff,0xff,0xff,0xff,0xff,0xff,0xff,0xff,0xff,0xff,0xff,0xff,0xff,0xff,
    0xff,0xff,0xff,0xff,0xff,0xff,0xff,0xff,0xff,0xff,0xff,0xff,0xff,0xff,0xff,0xff,
    0xff,0xff,0xff,0xff,0xff,0xff,0xff,0xff,0xff,0xff,0xff,0xff,0xff,0xff,0xff,0xff,
    0xff,0xff,0xff,0xff,0xff,0xff,0xff,0xff,0xff,0xff,0xff,0xff,0xff,0xff,0xff,0xff,
    0xff,0xff,0xff,0xff,0xff,0xff,0xff,0xff,0xff,0xff,0xff,0xff,0xff,0xff,0xff,0xff,
    0xff,0xff,0xff,0xff,0xff,0xff,0xff,0xff,0xff,0xff,0xff,0xff,0xff,0xff,0xff,0xff,
    0xff,0xff,0xff,0xff,0xff,0xff,0xff,0xff,0xff,0xff,0xff,0xff,0xff,0xff,0xff,0xff,
    0xff,0xff,0xff,0xff,0xff,0xff,0xff,0xff,0xff,0xff,0xff,0xff,0xff,0xff,0xff,0xff,
    0xff,0xff,0xff,0xff,0xff,0xff,0xff,0xff,0xff,0xff,0xff,0xff,0xff,0xff,0xff,0xff,
    0xff,0xff,0xff,0xff,0xff,0xff,0xff,0xff,0xff,0xff,0xff,0xff,0xff,0xff,0xff,0xff,
    0xff,0xff,0xff,0xff,0xff,0xff,0xff,0xff,0xff,0xff,0xff,0xff,0xff,0xff,0xdf,0xff,
    0xdf,0xff,0xbe,0xf7,0x9e,0xf7,0x7d,0xef,0x7d,0xef,0x7d,0xef,0x7d,0xef,0x7d,0xef,
    0x7d,0xef,0x7d,0xef,0x7d,0xef,0x9e,0xf7,0x9e,0xf7,0x9e,0xf7,0x9e,0xf7,0x9e,0xf7,
    0x9e,0xf7,0x9e,0xf7,0x9e,0xf7,0x9e,0xf7,0x7d,0xef,0x7d,0xef,0x7d,0xef,0x5d,0xef,
    0x5d,0xef,0x5d,0xef,0x5d,0xef,0x7d,0xef,0x7d,0xef,0x9e,0xf7,0x9e,0xf7,0xdf,0xff,
    0xdf,0xff,0xff,0xff,0xff,0xff,0xff,0xff,0xff,0xff,0xff,0xff,0xff,0xff,0xff,0xff,
    0xff,0xff,0xff,0xff,0xff,0xff,0xff,0xff,0xff,0xff,0xff,0xff,0xff,0xff,0xff,0xff,
    0xff,0xff,0xff,0xff,0xff,0xff,0xff,0xff,0xff,0xff,0xff,0xff,0xff,0xff,0xff,0xff,
    0xff,0xff,0xff,0xff,0xff,0xff,0xff,0xff,0xff,0xff,0xff,0xff,0xff,0xff,0xff,0xff,
    0xff,0xff,0xff,0xff,0xff,0xff,0xff,0xff,0xff,0xff,0xff,0xff,0xff,0xff,0xff,0xff,
    0xff,0xff,0xff,0xff,0xff,0xff,0xff,0xff,0xff,0xff,0xff,0xff,0xff,0xff,0xff,0xff,
    0xff,0xff,0xff,0xff,0xff,0xff,0xff,0xff,0xff,0xff,0xff,0xff,0xff,0xff,0xff,0xff,
    0xff,0xff,0xff,0xff,0xff,0xff,0xff,0xff,0xff,0xff,0xff,0xff,0xff,0xff,0xff,0xff,
    0xff,0xff,0xff,0xff,0xff,0xff,0xff,0xff,0xff,0xff,0xff,0xff,0xff,0xff,0xff,0xff,
    0xff,0xff,0xff,0xff,0xff,0xff,0xff,0xff,0xff,0xff,0xff,0xff,0xff,0xff,0xff,0xff,
    0xff,0xff,0xff,0xff,0xff,0xff,0xff,0xff,0xff,0xff,0xff,0xff,0xff,0xff,0xff,0xff,
    0xff,0xff,0xff,0xff,0xff,0xff,0xff,0xff,0xff,0xff,0xff,0xff,0xff,0xff,0xff,0xff,
    0xff,0xff,0xff,0xff,0xff,0xff,0xff,0xff,0xff,0xff,0xff,0xff,0xff,0xff,0xff,0xff,
    0xff,0xff,0xff,0xff,0xff,0xff,0xff,0xff,0xff,0xff,0xff,0xff,0xff,0xff,0xff,0xff,
    0xff,0xff,0xff,0xff,0xff,0xff,0xff,0xff,0xff,0xff,0xff,0xff,0xff,0xff,0xff,0xff,
    0xff,0xff,0xff,0xff,0xff,0xff,0xdf,0xff,0x9e,0xf7,0x7d,0xef,0x5d,0xef,0x3c,0xe7,
    0x5d,0xef,0x5d,0xef,0x7d,0xef,0x9e,0xf7,0xbe,0xf7,0xdf,0xff,0xff,0xff,0xff,0xff,
    0xff,0xff,0xff,0xff,0xff,0xff,0xff,0xff,0xff,0xff,0xff,0xff,0xff,0xff,0xff,0xff,
    0xff,0xff,0xff,0xff,0xff,0xff,0xff,0xff,0xff,0xff,0xff,0xff,0xff,0xff,0xff,0xff,
    0xdf,0xff,0xdf,0xff,0xbe,0xf7,0x9e,0xf7,0x7d,0xef,0x5d,0xef,0x3c,0xe7,0x1c,0xe7,
    0x1c,0xe7,0x3c,0xe7,0x5d,0xef,0x7d,0xef,0xbe,0xf7,0xff,0xff,0xff,0xff,0xff,0xff,
    0xff,0xff,0xff,0xff,0xff,0xff,0xff,0xff,0xff,0xff,0xff,0xff,0xff,0xff,0xff,0xff,
    0xff,0xff,0xff,0xff,0xff,0xff,0xff,0xff,0xff,0xff,0xff,0xff,0xff,0xff,0xff,0xff,
    0xff,0xff,0xff,0xff,0xff,0xff,0xff,0xff,0xff,0xff,0xff,0xff,0xff,0xff,0xff,0xff,
    0xff,0xff,0xff,0xff,0xff,0xff,0xff,0xff,0xff,0xff,0xff,0xff,0xff,0xff,0xff,0xff,
    0xff,0xff,0xff,0xff,0xff,0xff,0xff,0xff,0xff,0xff,0xff,0xff,0xff,0xff,0xff,0xff,
    0xff,0xff,0xff,0xff,0xff,0xff,0xff,0xff,0xff,0xff,0xff,0xff,0xff,0xff,0xff,0xff,
    0xff,0xff,0xff,0xff,0xff,0xff,0xff,0xff,0xff,0xff,0xff,0xff,0xff,0xff,0xff,0xff,
    0xff,0xff,0xff,0xff,0xff,0xff,0xff,0xff,0xff,0xff,0xff,0xff,0xff,0xff,0xff,0xff,
    0xff,0xff,0xff,0xff,0xff,0xff,0xff,0xff,0xff,0xff,0xff,0xff,0xff,0xff,0xff,0xff,
    0xff,0xff,0xff,0xff,0xff,0xff,0xff,0xff,0xff,0xff,0xff,0xff,0xff,0xff,0xff,0xff,
    0xff,0xff,0xff,0xff,0xff,0xff,0xff,0xff,0xff,0xff,0xff,0xff,0xff,0xff,0xff,0xff,
    0xff,0xff,0xff,0xff,0xff,0xff,0xff,0xff,0xff,0xff,0xff,0xff,0xff,0xff,0xff,0xff,
    0xff,0xff,0xff,0xff,0xff,0xff,0xff,0xff,0xff,0xff,0xff,0xff,0xff,0xff,0xff,0xff,
    0xff,0xff,0xff,0xff,0xff,0xff,0xff,0xff,0xff,0xff,0xff,0xff,0xff,0xff,0xdf,0xff,
    0xbe,0xf7,0x7d,0xef,0x5d,0xef,0x5d,0xef,0x5d,0xef,0x7d,0xef,0x9e,0xf7,0xbe,0xf7,
    0xdf,0xff,0xff,0xff,0xff,0xff,0xff,0xff,0xff,0xff,0xff,0xff,0xff,0xff,0xff,0xff,
    0xff,0xff,0xff,0xff,0xff,0xff,0xff,0xff,0xff,0xff,0xff,0xff,0xff,0xff,0xff,0xff,
    0xff,0xff,0xff,0xff,0xff,0xff,0xff,0xff,0xff,0xff,0xff,0xff,0xff,0xff,0xff,0xff,
    0xff,0xff,0xff,0xff,0xdf,0xff,0xdf,0xff,0xbe,0xf7,0xbe,0xf7,0xbe,0xf7,0x9e,0xf7,
    0x7d,0xef,0x5d,0xef,0x3c,0xe7,0x1c,0xe7,0xfb,0xde,0xfb,0xde,0x1c,0xe7,0x7d,0xef,
    0xdf,0xff,0xff,0xff,0xff,0xff,0xff,0xff,0xff,0xff,0xff,0xff,0xff,0xff,0xff,0xff,
    0xff,0xff,0xff,0xff,0xff,0xff,0xff,0xff,0xff,0xff,0xff,0xff,0xff,0xff,0xff,0xff,
    0xff,0xff,0xff,0xff,0xff,0xff,0xff,0xff,0xff,0xff,0xff,0xff,0xff,0xff,0xff,0xff,
    0xff,0xff,0xff,0xff,0xff,0xff,0xff,0xff,0xff,0xff,0xff,0xff,0xff,0xff,0xff,0xff,
    0xff,0xff,0xff,0xff,0xff,0xff,0xff,0xff,0xff,0xff,0xff,0xff,0xff,0xff,0xff,0xff,
    0xff,0xff,0xff,0xff,0xff,0xff,0xff,0xff,0xff,0xff,0xff,0xff,0xff,0xff,0xff,0xff,
    0xff,0xff,0xff,0xff,0xff,0xff,0xff,0xff,0xff,0xff,0xff,0xff,0xff,0xff,0xff,0xff,
    0xff,0xff,0xff,0xff,0xff,0xff,0xff,0xff,0xff,0xff,0xff,0xff,0xff,0xff,0xff,0xff,
    0xff,0xff,0xff,0xff,0xff,0xff,0xff,0xff,0xff,0xff,0xff,0xff,0xff,0xff,0xff,0xff,
    0xff,0xff,0xff,0xff,0xff,0xff,0xff,0xff,0xff,0xff,0xff,0xff,0xff,0xff,0xff,0xff,
    0xff,0xff,0xff,0xff,0xff,0xff,0xff,0xff,0xff,0xff,0xff,0xff,0xff,0xff,0xff,0xff,
    0xff,0xff,0xff,0xff,0xff,0xff,0xff,0xff,0xff,0xff,0xff,0xff,0xff,0xff,0xff,0xff,
    0xff,0xff,0xff,0xff,0xff,0xff,0xff,0xff,0xff,0xff,0xff,0xff,0xff,0xff,0xff,0xff,
    0xff,0xff,0xff,0xff,0xff,0xff,0xff,0xff,0xdf,0xff,0x7d,0xef,0x5d,0xef,0x3c,0xe7,
    0x3c,0xe7,0x5d,0xef,0x9e,0xf7,0xdf,0xff,0xff,0xff,0xff,0xff,0xff,0xff,0xff,0xff,
    0xff,0xff,0xff,0xff,0xff,0xff,0xff,0xff,0xff,0xff,0xff,0xff,0xff,0xff,0xff,0xff,
    0xff,0xff,0xff,0xff,0xff,0xff,0xff,0xff,0xff,0xff,0xff,0xff,0xff,0xff,0xff,0xff,
    0xff,0xff,0xff,0xff,0xff,0xff,0xff,0xff,0xff,0xff,0xff,0xff,0xff,0xff,0xff,0xff,
    0xff,0xff,0xff,0xff,0xff,0xff,0xff,0xff,0xdf,0xff,0xdf,0xff,0xbe,0xf7,0xbe,0xf7,
    0xbe,0xf7,0xdf,0xff,0xbe,0xf7,0xbe,0xf7,0x7d,0xef,0x1c,0xe7,0xba,0xd6,0x59,0xce,
    0x59,0xce,0xba,0xd6,0x5d,0xef,0xdf,0xff,0xff,0xff,0xff,0xff,0xff,0xff,0xff,0xff,
    0xff,0xff,0xff,0xff,0xff,0xff,0xff,0xff,0xff,0xff,0xff,0xff,0xff,0xff,0xff,0xff,
    0xff,0xff,0xff,0xff,0xff,0xff,0xff,0xff,0xff,0xff,0xff,0xff,0xff,0xff,0xff,0xff,
    0xff,0xff,0xff,0xff,0xff,0xff,0xff,0xff,0xff,0xff,0xff,0xff,0xff,0xff,0xff,0xff,
    0xff,0xff,0xff,0xff,0xff,0xff,0xff,0xff,0xff,0xff,0xff,0xff,0xff,0xff,0xff,0xff,
    0xff,0xff,0xff,0xff,0xff,0xff,0xff,0xff,0xff,0xff,0xff,0xff,0xff,0xff,0xff,0xff,
    0xff,0xff,0xff,0xff,0xff,0xff,0xff,0xff,0xff,0xff,0xff,0xff,0xff,0xff,0xff,0xff,
    0xff,0xff,0xff,0xff,0xff,0xff,0xff,0xff,0xff,0xff,0xff,0xff,0xff,0xff,0xff,0xff,
    0xff,0xff,0xff,0xff,0xff,0xff,0xff,0xff,0xff,0xff,0xff,0xff,0xff,0xff,0xff,0xff,
    0xff,0xff,0xff,0xff,0xff,0xff,0xff,0xff,0xff,0xff,0xff,0xff,0xff,0xff,0xff,0xff,
    0xff,0xff,0xff,0xff,0xff,0xff,0xff,0xff,0xff,0xff,0xff,0xff,0xff,0xff,0xff,0xff,
    0xff,0xff,0xff,0xff,0xff,0xff,0xff,0xff,0xff,0xff,0xff,0xff,0xff,0xff,0xff,0xff,
    0xff,0xff,0xff,0xff,0xff,0xff,0xff,0xff,0xff,0xff,0xff,0xff,0xff,0xff,0xff,0xff,
    0xff,0xff,0xff,0xff,0x7d,0xef,0xdb,0xde,0xba,0xd6,0x1c,0xe7,0x5d,0xef,0x9e,0xf7,
    0xbe,0xf7,0xff,0xff,0xff,0xff,0xff,0xff,0xff,0xff,0xdf,0xff,0xdf,0xff,0xff,0xff,
    0xff,0xff,0xff,0xff,0xff,0xff,0xff,0xff,0xff,0xff,0xff,0xff,0xff,0xff,0xff,0xff,
    0xff,0xff,0xff,0xff,0xff,0xff,0xff,0xff,0xff,0xff,0xff,0xff,0xff,0xff,0xff,0xff,
    0xff,0xff,0xff,0xff,0xff,0xff,0xff,0xff,0xff,0xff,0xff,0xff,0xff,0xff,0xff,0xff,
    0xff,0xff,0xff,0xff,0xff,0xff,0xff,0xff,0xff,0xff,0xff,0xff,0xff,0xff,0xff,0xff,
    0xdf,0xff,0xbe,0xf7,0x9e,0xf7,0x9e,0xf7,0x9e,0xf7,0xbe,0xf7,0x9e,0xf7,0x5d,0xef,
    0xdb,0xde,0x38,0xc6,0xd7,0xbd,0xf7,0xbd,0xba,0xd6,0x7d,0xef,0xff,0xff,0xff,0xff,
    0xff,0xff,0xff,0xff,0xff,0xff,0xff,0xff,0xff,0xff,0xff,0xff,0xff,0xff,0xff,0xff,
    0xff,0xff,0xff,0xff,0xff,0xff,0xff,0xff,0xff,0xff,0xff,0xff,0xff,0xff,0xff,0xff,
    0xff,0xff,0xff,0xff,0xff,0xff,0xff,0xff,0xff,0xff,0xff,0xff,0xff,0xff,0xff,0xff,
    0xff,0xff,0xff,0xff,0xff,0xff,0xff,0xff,0xff,0xff,0xff,0xff,0xff,0xff,0xff,0xff,
    0xff,0xff,0xff,0xff,0xff,0xff,0xff,0xff,0xff,0xff,0xff,0xff,0xff,0xff,0xff,0xff,
    0xff,0xff,0xff,0xff,0xff,0xff,0xff,0xff,0xff,0xff,0xff,0xff,0xff,0xff,0xff,0xff,
    0xff,0xff,0xff,0xff,0xff,0xff,0xff,0xff,0xff,0xff,0xff,0xff,0xff,0xff,0xff,0xff,
    0xff,0xff,0xff,0xff,0xff,0xff,0xff,0xff,0xff,0xff,0xff,0xff,0xff,0xff,0xff,0xff,
    0xff,0xff,0xff,0xff,0xff,0xff,0xff,0xff,0xff,0xff,0xff,0xff,0xff,0xff,0xff,0xff,
    0xff,0xff,0xff,0xff,0xff,0xff,0xff,0xff,0xff,0xff,0xff,0xff,0xff,0xff,0xff,0xff,
    0xff,0xff,0xff,0xff,0xff,0xff,0xff,0xff,0xff,0xff,0xff,0xff,0xff,0xff,0xff,0xff,
    0xff,0xff,0xff,0xff,0xff,0xff,0xff,0xff,0xff,0xff,0xff,0xff,0xff,0xff,0xdf,0xff,
    0x1c,0xe7,0x79,0xce,0x9a,0xd6,0x1c,0xe7,0x7d,0xef,0xbe,0xf7,0xff,0xff,0xff,0xff,
    0xff,0xff,0xdf,0xff,0xdf,0xff,0xbe,0xf7,0xdf,0xff,0xff,0xff,0xff,0xff,0xff,0xff,
    0xff,0xff,0xff,0xff,0xff,0xff,0xff,0xff,0xff,0xff,0xff,0xff,0xff,0xff,0xff,0xff,
    0xff,0xff,0xff,0xff,0xff,0xff,0xff,0xff,0xff,0xff,0xff,0xff,0xff,0xff,0xff,0xff,
    0xff,0xff,0xff,0xff,0xff,0xff,0xff,0xff,0xff,0xff,0xff,0xff,0xff,0xff,0xff,0xff,
    0xff,0xff,0xff,0xff,0xff,0xff,0xff,0xff,0xff,0xff,0xff,0xff,0xff,0xff,0xff,0xff,
    0xff,0xff,0xff,0xff,0xdf,0xff,0xbe,0xf7,0x5d,0xef,0x3c,0xe7,0x3c,0xe7,0x5d,0xef,
    0x7d,0xef,0x7d,0xef,0x1c,0xe7,0x79,0xce,0xf7,0xbd,0xf7,0xbd,0x59,0xce,0x3c,0xe7,
    0xdf,0xff,0xff,0xff,0xff,0xff,0xff,0xff,0xff,0xff,0xff,0xff,0xff,0xff,0xff,0xff,
    0xff,0xff,0xff,0xff,0xff,0xff,0xff,0xff,0xff,0xff,0xff,0xff,0xff,0xff,0xff,0xff,
    0xff,0xff,0xff,0xff,0xff,0xff,0xff,0xff,0xff,0xff,0xff,0xff,0xff,0xff,0xff,0xff,
    0xff,0xff,0xff,0xff,0xff,0xff,0xff,0xff,0xff,0xff,0xff,0xff,0xff,0xff,0xff,0xff,
    0xff,0xff,0xff,0xff,0xff,0xff,0xff,0xff,0xff,0xff,0xff,0xff,0xff,0xff,0xff,0xff,
    0xff,0xff,0xff,0xff,0xff,0xff,0xff,0xff,0xff,0xff,0xff,0xff,0xff,0xff,0xff,0xff,
    0xff,0xff,0xff,0xff,0xff,0xff,0xff,0xff,0xff,0xff,0xff,0xff,0xff,0xff,0xff,0xff,
    0xff,0xff,0xff,0xff,0xff,0xff,0xff,0xff,0xff,0xff,0xff,0xff,0xff,0xff,0xff,0xff,
    0xff,0xff,0xff,0xff,0xff,0xff,0xff,0xff,0xff,0xff,0xff,0xff,0xff,0xff,0xff,0xff,
    0xff,0xff,0xff,0xff,0xff,0xff,0xff,0xff,0xff,0xff,0xff,0xff,0xff,0xff,0xff,0xff,
    0xff,0xff,0xff,0xff,0xff,0xff,0xff,0xff,0xff,0xff,0xff,0xff,0xff,0xff,0xff,0xff,
    0xff,0xff,0xff,0xff,0xff,0xff,0xff,0xff,0xff,0xff,0xdf,0xff,0xdb,0xde,0x18,0xc6,
    0x38,0xc6,0xfb,0xde,0x9e,0xf7,0xdf,0xff,0xff,0xff,0xff,0xff,0xdf,0xff,0xdf,0xff,
    0xbe,0xf7,0xbe,0xf7,0xdf,0xff,0xff,0xff,0xff,0xff,0xff,0xff,0xff,0xff,0xff,0xff,
    0xff,0xff,0xff,0xff,0xff,0xff,0xff,0xff,0xff,0xff,0xff,0xff,0xff,0xff,0xff,0xff,
    0xff,0xff,0xff,0xff,0xff,0xff,0xff,0xff,0xff,0xff,0xff,0xff,0xff,0xff,0xff,0xff,
    0xff,0xff,0xff,0xff,0xff,0xff,0xff,0xff,0xff,0xff,0xff,0xff,0xff,0xff,0xff,0xff,
    0xff,0xff,0xff,0xff,0xff,0xff,0xff,0xff,0xff,0xff,0xff,0xff,0xff,0xff,0xff,0xff,
    0xff,0xff,0xff,0xff,0xff,0xff,0xff,0xff,0xff,0xff,0xbe,0xf7,0x3c,0xe7,0xba,0xd6,
    0x9a,0xd6,0xdb,0xde,0x1c,0xe7,0x5d,0xef,0x5d,0xef,0xfb,0xde,0x38,0xc6,0xd7,0xbd,
    0x38,0xc6,0xfb,0xde,0xbe,0xf7,0xff,0xff,0xff,0xff,0xff,0xff,0xff,0xff,0xff,0xff,
    0xff,0xff,0xff,0xff,0xff,0xff,0xff,0xff,0xff,0xff,0xff,0xff,0xff,0xff,0xff,0xff,
    0xff,0xff,0xff,0xff,0xff,0xff,0xff,0xff,0xff,0xff,0xff,0xff,0xff,0xff,0xff,0xff,
    0xff,0xff,0xff,0xff,0xff,0xff,0xff,0xff,0xff,0xff,0xff,0xff,0xff,0xff,0xff,0xff,
    0xff,0xff,0xff,0xff,0xff,0xff,0xff,0xff,0xff,0xff,0xff,0xff,0xff,0xff,0xff,0xff,
    0xff,0xff,0xff,0xff,0xff,0xff,0xff,0xff,0xff,0xff,0xff,0xff,0xff,0xff,0xff,0xff,
    0xff,0xff,0xff,0xff,0xff,0xff,0xff,0xff,0xff,0xff,0xff,0xff,0xff,0xff,0xff,0xff,
    0xff,0xff,0xff,0xff,0xff,0xff,0xff,0xff,0xff,0xff,0xff,0xff,0xff,0xff,0xff,0xff,
    0xff,0xff,0xff,0xff,0xff,0xff,0xff,0xff,0xff,0xff,0xff,0xff,0xff,0xff,0xff,0xff,
    0xff,0xff,0xff,0xff,0xff,0xff,0xff,0xff,0xff,0xff,0xff,0xff,0xff,0xff,0xff,0xff,
    0xff,0xff,0xff,0xff,0xff,0xff,0xff,0xff,0xff,0xff,0xff,0xff,0xff,0xff,0xff,0xff,
    0xff,0xff,0xff,0xff,0xff,0xff,0xdf,0xff,0xdb,0xde,0xf7,0xbd,0xf7,0xbd,0xfb,0xde,
    0xbe,0xf7,0xdf,0xff,0xdf,0xff,0xdf,0xff,0xdf,0xff,0xbe,0xf7,0xbe,0xf7,0xbe,0xf7,
    0xdf,0xff,0xff,0xff,0xff,0xff,0xff,0xff,0xff,0xff,0xff,0xff,0xff,0xff,0xff,0xff,
    0xff,0xff,0xff,0xff,0xff,0xff,0xff,0xff,0xff,0xff,0xff,0xff,0xff,0xff,0xff,0xff,
    0xff,0xff,0xff,0xff,0xff,0xff,0xff,0xff,0xff,0xff,0xff,0xff,0xff,0xff,0xff,0xff,
    0xff,0xff,0xff,0xff,0xff,0xff,0xff,0xff,0xff,0xff,0xff,0xff,0xff,0xff,0xff,0xff,
    0xff,0xff,0xff,0xff,0xff,0xff,0xff,0xff,0xff,0xff,0xff,0xff,0xff,0xff,0xff,0xff,
    0xff,0xff,0xff,0xff,0xff,0xff,0xff,0xff,0xff,0xff,0xff,0xff,0xff,0xff,0xbe,0xf7,
    0xfb,0xde,0x79,0xce,0x59,0xce,0x9a,0xd6,0xdb,0xde,0x3c,0xe7,0x3c,0xe7,0xba,0xd6,
    0xd7,0xbd,0x75,0xad,0xd7,0xbd,0xdb,0xde,0xdf,0xff,0xff,0xff,0xff,0xff,0xff,0xff,
    0xff,0xff,0xff,0xff,0xff,0xff,0xff,0xff,0xff,0xff,0xff,0xff,0xff,0xff,0xff,0xff,
    0xff,0xff,0xff,0xff,0xff,0xff,0xff,0xff,0xff,0xff,0xff,0xff,0xff,0xff,0xff,0xff,
    0xff,0xff,0xff,0xff,0xff,0xff,0xff,0xff,0xff,0xff,0xff,0xff,0xff,0xff,0xff,0xff,
    0xff,0xff,0xff,0xff,0xff,0xff,0xff,0xff,0xff,0xff,0xff,0xff,0xff,0xff,0xff,0xff,
    0xff,0xff,0xff,0xff,0xff,0xff,0xff,0xff,0xff,0xff,0xff,0xff,0xff,0xff,0xff,0xff,
    0xff,0xff,0xff,0xff,0xff,0xff,0xff,0xff,0xff,0xff,0xff,0xff,0xff,0xff,0xff,0xff,
    0xff,0xff,0xff,0xff,0xff,0xff,0xff,0xff,0xff,0xff,0xff,0xff,0xff,0xff,0xff,0xff,
    0xff,0xff,0xff,0xff,0xff,0xff,0xff,0xff,0xff,0xff,0xff,0xff,0xff,0xff,0xff,0xff,
    0xff,0xff,0xff,0xff,0xff,0xff,0xff,0xff,0xff,0xff,0xff,0xff,0xff,0xff,0xff,0xff,
    0xff,0xff,0xff,0xff,0xff,0xff,0xff,0xff,0xff,0xff,0xff,0xff,0xff,0xff,0xff,0xff,
    0xff,0xff,0xdf,0xff,0xfb,0xde,0xd7,0xbd,0xd7,0xbd,0xba,0xd6,0x9e,0xf7,0xff,0xff,
    0xdf,0xff,0xdf,0xff,0xbe,0xf7,0xbe,0xf7,0xbe,0xf7,0x9e,0xf7,0xbe,0xf7,0xff,0xff,
    0xff,0xff,0xff,0xff,0xff,0xff,0xff,0xff,0xff,0xff,0xff,0xff,0xff,0xff,0xff,0xff,
    0xff,0xff,0xff,0xff,0xff,0xff,0xff,0xff,0xff,0xff,0xff,0xff,0xff,0xff,0xff,0xff,
    0xff,0xff,0xff,0xff,0xff,0xff,0xff,0xff,0xff,0xff,0xff,0xff,0xff,0xff,0xff,0xff,
    0xff,0xff,0xff,0xff,0xff,0xff,0xff,0xff,0xdf,0xff,0xdf,0xff,0xbe,0xf7,0xbe,0xf7,
    0xbe,0xf7,0xbe,0xf7,0xdf,0xff,0xdf,0xff,0xdf,0xff,0xff,0xff,0xff,0xff,0xff,0xff,
    0xff,0xff,0xff,0xff,0xff,0xff,0xff,0xff,0xff,0xff,0xdf,0xff,0xdf,0xff,0xff,0xff,
    0xff,0xff,0x9e,0xf7,0xdb,0xde,0x38,0xc6,0x18,0xc6,0x38,0xc6,0x79,0xce,0x9a,0xd6,
    0xba,0xd6,0x59,0xce,0xb6,0xb5,0x55,0xad,0xf7,0xbd,0x1c,0xe7,0xdf,0xff,0xff,0xff,
    0xff,0xff,0xff,0xff,0xff,0xff,0xff,0xff,0xff,0xff,0xff,0xff,0xff,0xff,0xff,0xff,
    0xff,0xff,0xff,0xff,0xff,0xff,0xff,0xff,0xff,0xff,0xff,0xff,0xff,0xff,0xff,0xff,
    0xff,0xff,0xff,0xff,0xff,0xff,0xff,0xff,0xff,0xff,0xff,0xff,0xff,0xff,0xff,0xff,
    0xff,0xff,0xff,0xff,0xff,0xff,0xff,0xff,0xff,0xff,0xff,0xff,0xff,0xff,0xff,0xff,
    0xff,0xff,0xff,0xff,0xff,0xff,0xff,0xff,0xff,0xff,0xff,0xff,0xff,0xff,0xff,0xff,
    0xff,0xff,0xff,0xff,0xff,0xff,0xff,0xff,0xff,0xff,0xff,0xff,0xff,0xff,0xff,0xff,
    0xff,0xff,0xff,0xff,0xff,0xff,0xff,0xff,0xff,0xff,0xff,0xff,0xff,0xff,0xff,0xff,
    0xff,0xff,0xff,0xff,0xff,0xff,0xff,0xff,0xff,0xff,0xff,0xff,0xff,0xff,0xff,0xff,
    0xff,0xff,0xff,0xff,0xff,0xff,0xff,0xff,0xff,0xff,0xff,0xff,0xff,0xff,0xff,0xff,
    0xff,0xff,0xff,0xff,0xff,0xff,0xff,0xff,0xff,0xff,0xff,0xff,0xff,0xff,0xff,0xff,
    0x3c,0xe7,0xf7,0xbd,0x75,0xad,0x18,0xc6,0x5d,0xef,0xff,0xff,0xdf,0xff,0xbe,0xf7,
    0xbe,0xf7,0xbe,0xf7,0x9e,0xf7,0x9e,0xf7,0x9e,0xf7,0xdf,0xff,0xff,0xff,0xff,0xff,
    0xff,0xff,0xff,0xff,0xff,0xff,0xff,0xff,0xdf,0xff,0xdf,0xff,0xdf,0xff,0xbe,0xf7,
    0xbe,0xf7,0xbe,0xf7,0xdf,0xff,0xff,0xff,0xff,0xff,0xff,0xff,0xff,0xff,0xff,0xff,
    0xff,0xff,0xff,0xff,0xff,0xff,0xff,0xff,0xdf,0xff,0xdf,0xff,0xdf,0xff,0xdf,0xff,
    0xdf,0xff,0xdf,0xff,0xbe,0xf7,0xbe,0xf7,0xbe,0xf7,0x9e,0xf7,0x9e,0xf7,0x9e,0xf7,
    0x7d,0xef,0x7d,0xef,0x5d,0xef,0x3c,0xe7,0x1c,0xe7,0xfb,0xde,0x1c,0xe7,0x1c,0xe7,
    0x1c,0xe7,0x3c,0xe7,0x3c,0xe7,0x7d,0xef,0xbe,0xf7,0xbe,0xf7,0xdf,0xff,0xdf,0xff,
    0xdf,0xff,0xff,0xff,0xdf,0xff,0x5d,0xef,0x59,0xce,0xd7,0xbd,0xb6,0xb5,0xd7,0xbd,
    0x18,0xc6,0x59,0xce,0x9a,0xd6,0x38,0xc6,0x75,0xad,0x96,0xb5,0x59,0xce,0x3c,0xe7,
    0xff,0xff,0xff,0xff,0xff,0xff,0xff,0xff,0xff,0xff,0xff,0xff,0xff,0xff,0xff,0xff,
    0xff,0xff,0xff,0xff,0xff,0xff,0xff,0xff,0xff,0xff,0xff,0xff,0xff,0xff,0xff,0xff,
    0xff,0xff,0xff,0xff,0xff,0xff,0xff,0xff,0xff,0xff,0xff,0xff,0xff,0xff,0xff,0xff,
    0xff,0xff,0xff,0xff,0xff,0xff,0xff,0xff,0xff,0xff,0xff,0xff,0xff,0xff,0xff,0xff,
    0xff,0xff,0xff,0xff,0xff,0xff,0xff,0xff,0xff,0xff,0xff,0xff,0xff,0xff,0xff,0xff,
    0xff,0xff,0xff,0xff,0xff,0xff,0xff,0xff,0xff,0xff,0xff,0xff,0xff,0xff,0xff,0xff,
    0xff,0xff,0xff,0xff,0xff,0xff,0xff,0xff,0xff,0xff,0xff,0xff,0xff,0xff,0xff,0xff,
    0xff,0xff,0xff,0xff,0xff,0xff,0xff,0xff,0xff,0xff,0xff,0xff,0xff,0xff,0xff,0xff,
    0xff,0xff,0xff,0xff,0xff,0xff,0xff,0xff,0xff,0xff,0xff,0xff,0xff,0xff,0xff,0xff,
    0xff,0xff,0xff,0xff,0xff,0xff,0xff,0xff,0xff,0xff,0xff,0xff,0x9e,0xf7,0x59,0xce,
    0x75,0xad,0x96,0xb5,0xdb,0xde,0xbe,0xf7,0xdf,0xff,0xbe,0xf7,0xbe,0xf7,0xbe,0xf7,
    0xbe,0xf7,0x9e,0xf7,0x7d,0xef,0x9e,0xf7,0xdf,0xff,0xff,0xff,0xdf,0xff,0xdf,0xff,
    0xdf,0xff,0xbe,0xf7,0xbe,0xf7,0x9e,0xf7,0x7d,0xef,0x7d,0xef,0x9e,0xf7,0xbe,0xf7,
    0xdf,0xff,0xdf,0xff,0xdf,0xff,0xbe,0xf7,0xbe,0xf7,0xbe,0xf7,0xbe,0xf7,0xbe,0xf7,
    0xbe,0xf7,0xbe,0xf7,0xdf,0xff,0xdf,0xff,0xdf,0xff,0xdf,0xff,0xdf,0xff,0xdf,0xff,
    0xdf,0xff,0xdf,0xff,0xdf,0xff,0xdf,0xff,0xbe,0xf7,0xbe,0xf7,0xbe,0xf7,0xbe,0xf7,
    0x9e,0xf7,0x9e,0xf7,0x7d,0xef,0x7d,0xef,0x5d,0xef,0x1c,0xe7,0xfb,0xde,0xdb,0xde,
    0x9a,0xd6,0x59,0xce,0x18,0xc6,0x18,0xc6,0x38,0xc6,0x79,0xce,0xdb,0xde,0x1c,0xe7,
    0x7d,0xef,0xbe,0xf7,0xbe,0xf7,0xdf,0xff,0x9e,0xf7,0xba,0xd6,0xb6,0xb5,0x75,0xad,
    0x96,0xb5,0x96,0xb5,0xf7,0xbd,0x79,0xce,0x79,0xce,0xf7,0xbd,0x55,0xad,0x75,0xad,
    0x38,0xc6,0x5d,0xef,0xff,0xff,0xff,0xff,0xff,0xff,0xff,0xff,0xff,0xff,0xff,0xff,
    0xff,0xff,0xff,0xff,0xff,0xff,0xff,0xff,0xff,0xff,0xff,0xff,0xff,0xff,0xff,0xff,
    0xff,0xff,0xff,0xff,0xff,0xff,0xff,0xff,0xff,0xff,0xff,0xff,0xff,0xff,0xff,0xff,
    0xff,0xff,0xff,0xff,0xff,0xff,0xff,0xff,0xff,0xff,0xff,0xff,0xff,0xff,0xff,0xff,
    0xff,0xff,0xff,0xff,0xff,0xff,0xff,0xff,0xff,0xff,0xff,0xff,0xff,0xff,0xff,0xff,
    0xff,0xff,0xff,0xff,0xff,0xff,0xff,0xff,0xff,0xff,0xff,0xff,0xff,0xff,0xff,0xff,
    0xff,0xff,0xff,0xff,0xff,0xff,0xff,0xff,0xff,0xff,0xff,0xff,0xff,0xff,0xff,0xff,
    0xff,0xff,0xff,0xff,0xff,0xff,0xff,0xff,0xff,0xff,0xff,0xff,0xff,0xff,0xff,0xff,
    0xff,0xff,0xff,0xff,0xff,0xff,0xff,0xff,0xff,0xff,0xff,0xff,0xff,0xff,0xff,0xff,
    0xff,0xff,0xff,0xff,0xff,0xff,0xff,0xff,0xdf,0xff,0xdb,0xde,0x96,0xb5,0x55,0xad,
    0x38,0xc6,0x7d,0xef,0xdf,0xff,0xbe,0xf7,0x9e,0xf7,0x9e,0xf7,0x9e,0xf7,0x9e,0xf7,
    0x9e,0xf7,0x7d,0xef,0x9e,0xf7,0xbe,0xf7,0xbe,0xf7,0xbe,0xf7,0x9e,0xf7,0x7d,0xef,
    0x7d,0xef,0x7d,0xef,0x7d,0xef,0x9e,0xf7,0xbe,0xf7,0xbe,0xf7,0xbe,0xf7,0x9e,0xf7,
    0x9e,0xf7,0x9e,0xf7,0x9e,0xf7,0xbe,0xf7,0xdf,0xff,0xdf,0xff,0xff,0xff,0xff,0xff,
    0xff,0xff,0xff,0xff,0xff,0xff,0xff,0xff,0xff,0xff,0xff,0xff,0xff,0xff,0xff,0xff,
    0xff,0xff,0xff,0xff,0xff,0xff,0xff,0xff,0xff,0xff,0xff,0xff,0xff,0xff,0xff,0xff,
    0xff,0xff,0xff,0xff,0xdf,0xff,0xbe,0xf7,0x9e,0xf7,0x7d,0xef,0x3c,0xe7,0xfb,0xde,
    0xba,0xd6,0x79,0xce,0x79,0xce,0x38,0xc6,0x18,0xc6,0xd7,0xbd,0xb6,0xb5,0x96,0xb5,
    0xd7,0xbd,0x18,0xc6,0x79,0xce,0xfb,0xde,0x3c,0xe7,0x9e,0xf7,0x3c,0xe7,0x38,0xc6,
    0x96,0xb5,0x96,0xb5,0x96,0xb5,0xb6,0xb5,0x18,0xc6,0x59,0xce,0x38,0xc6,0x55,0xad,
    0xf3,0x9c,0x55,0xad,0x79,0xce,0xbe,0xf7,0xff,0xff,0xff,0xff,0xff,0xff,0xff,0xff,
    0xff,0xff,0xff,0xff,0xff,0xff,0xff,0xff,0xff,0xff,0xff,0xff,0xff,0xff,0xff,0xff,
    0xff,0xff,0xff,0xff,0xff,0xff,0xff,0xff,0xff,0xff,0xff,0xff,0xff,0xff,0xff,0xff,
    0xff,0xff,0xff,0xff,0xff,0xff,0xff,0xff,0xff,0xff,0xff,0xff,0xff,0xff,0xff,0xff,
    0xff,0xff,0xff,0xff,0xff,0xff,0xff,0xff,0xff,0xff,0xff,0xff,0xff,0xff,0xff,0xff,
    0xff,0xff,0xff,0xff,0xff,0xff,0xff,0xff,0xff,0xff,0xff,0xff,0xff,0xff,0xff,0xff,
    0xff,0xff,0xff,0xff,0xff,0xff,0xff,0xff,0xff,0xff,0xff,0xff,0xff,0xff,0xff,0xff,
    0xff,0xff,0xff,0xff,0xff,0xff,0xff,0xff,0xff,0xff,0xff,0xff,0xff,0xff,0xff,0xff,
    0xff,0xff,0xff,0xff,0xff,0xff,0xff,0xff,0xff,0xff,0xff,0xff,0xff,0xff,0xff,0xff,
    0xff,0xff,0xff,0xff,0xff,0xff,0x3c,0xe7,0xf7,0xbd,0x34,0xa5,0x96,0xb5,0xfb,0xde,
    0xdf,0xff,0xbe,0xf7,0x9e,0xf7,0x9e,0xf7,0x9e,0xf7,0x7d,0xef,0x7d,0xef,0x7d,0xef,
    0x7d,0xef,0x7d,0xef,0x9e,0xf7,0x7d,0xef,0x7d,0xef,0x5d,0xef,0x5d,0xef,0x5d,0xef,
    0x7d,0xef,0x9e,0xf7,0xbe,0xf7,0xbe,0xf7,0x9e,0xf7,0x7d,0xef,0x7d,0xef,0x9e,0xf7,
    0xbe,0xf7,0xff,0xff,0xff,0xff,0xff,0xff,0xff,0xff,0xff,0xff,0xff,0xff,0xff,0xff,
    0xff,0xff,0xff,0xff,0xff,0xff,0xff,0xff,0xff,0xff,0xff,0xff,0xff,0xff,0xff,0xff,
    0xff,0xff,0xff,0xff,0xff,0xff,0xff,0xff,0xff,0xff,0xff,0xff,0xff,0xff,0xff,0xff,
    0xff,0xff,0xff,0xff,0xff,0xff,0xff,0xff,0xff,0xff,0xff,0xff,0xdf,0xff,0x9e,0xf7,
    0x3c,0xe7,0xba,0xd6,0x59,0xce,0x38,0xc6,0x38,0xc6,0x38,0xc6,0x18,0xc6,0xf7,0xbd,
    0x96,0xb5,0x55,0xad,0x34,0xa5,0x55,0xad,0x96,0xb5,0x18,0xc6,0xdb,0xde,0x1c,0xe7,
    0x79,0xce,0xb6,0xb5,0xb6,0xb5,0x96,0xb5,0x75,0xad,0x96,0xb5,0xd7,0xbd,0x18,0xc6,
    0x96,0xb5,0xd3,0x9c,0xd3,0x9c,0x96,0xb5,0xfb,0xde,0xff,0xff,0xff,0xff,0xff,0xff,
    0xff,0xff,0xff,0xff,0xff,0xff,0xff,0xff,0xff,0xff,0xff,0xff,0xff,0xff,0xff,0xff,
    0xff,0xff,0xff,0xff,0xff,0xff,0xff,0xff,0xff,0xff,0xff,0xff,0xff,0xff,0xff,0xff,
    0xff,0xff,0xff,0xff,0xff,0xff,0xff,0xff,0xff,0xff,0xff,0xff,0xff,0xff,0xff,0xff,
    0xff,0xff,0xff,0xff,0xff,0xff,0xff,0xff,0xff,0xff,0xff,0xff,0xff,0xff,0xff,0xff,
    0xff,0xff,0xff,0xff,0xff,0xff,0xff,0xff,0xff,0xff,0xff,0xff,0xff,0xff,0xff,0xff,
    0xff,0xff,0xff,0xff,0xff,0xff,0xff,0xff,0xff,0xff,0xff,0xff,0xff,0xff,0xff,0xff,
    0xff,0xff,0xff,0xff,0xff,0xff,0xff,0xff,0xff,0xff,0xff,0xff,0xff,0xff,0xff,0xff,
    0xff,0xff,0xff,0xff,0xff,0xff,0xff,0xff,0xff,0xff,0xff,0xff,0xff,0xff,0xff,0xff,
    0xff,0xff,0xdf,0xff,0x79,0xce,0x34,0xa5,0xf3,0x9c,0xd7,0xbd,0x7d,0xef,0xdf,0xff,
    0x9e,0xf7,0x9e,0xf7,0x9e,0xf7,0x7d,0xef,0x7d,0xef,0x7d,0xef,0x5d,0xef,0x5d,0xef,
    0x5d,0xef,0x7d,0xef,0x5d,0xef,0x5d,0xef,0x5d,0xef,0x5d,0xef,0x7d,0xef,0x9e,0xf7,
    0x9e,0xf7,0x7d,0xef,0x7d,0xef,0x7d,0xef,0xbe,0xf7,0xdf,0xff,0xff,0xff,0xff,0xff,
    0xff,0xff,0xff,0xff,0xff,0xff,0xff,0xff,0xff,0xff,0xff,0xff,0xff,0xff,0xff,0xff,
    0xff,0xff,0xff,0xff,0xff,0xff,0xff,0xff,0xff,0xff,0xff,0xff,0xff,0xff,0xff,0xff,
    0xff,0xff,0xff,0xff,0xff,0xff,0xff,0xff,0xff,0xff,0xff,0xff,0xff,0xff,0xff,0xff,
    0xff,0xff,0xff,0xff,0xff,0xff,0xff,0xff,0xff,0xff,0xff,0xff,0xff,0xff,0xff,0xff,
    0xff,0xff,0xff,0xff,0x9e,0xf7,0x1c,0xe7,0x79,0xce,0xf7,0xbd,0xd7,0xbd,0xd7,0xbd,
    0xd7,0xbd,0xb6,0xb5,0x75,0xad,0x55,0xad,0x34,0xa5,0x14,0xa5,0x55,0xad,0xb6,0xb5,
    0x59,0xce,0xf7,0xbd,0x55,0xad,0x34,0xa5,0x34,0xa5,0x34,0xa5,0x34,0xa5,0x55,0xad,
    0xd7,0xbd,0xd7,0xbd,0xf3,0x9c,0x92,0x94,0xf3,0x9c,0x59,0xce,0xdf,0xff,0xff,0xff,
    0xff,0xff,0xff,0xff,0xff,0xff,0xff,0xff,0xff,0xff,0xff,0xff,0xff,0xff,0xff,0xff,
    0xff,0xff,0xff,0xff,0xff,0xff,0xff,0xff,0xff,0xff,0xff,0xff,0xff,0xff,0xff,0xff,
    0xff,0xff,0xff,0xff,0xff,0xff,0xff,0xff,0xff,0xff,0xff,0xff,0xff,0xff,0xff,0xff,
    0xff,0xff,0xff,0xff,0xff,0xff,0xff,0xff,0xff,0xff,0xff,0xff,0xff,0xff,0xff,0xff,
    0xff,0xff,0xff,0xff,0xff,0xff,0xff,0xff,0xff,0xff,0xff,0xff,0xff,0xff,0xff,0xff,
    0xff,0xff,0xff,0xff,0xff,0xff,0xff,0xff,0xff,0xff,0xff,0xff,0xff,0xff,0xff,0xff,
    0xff,0xff,0xff,0xff,0xff,0xff,0xff,0xff,0xff,0xff,0xff,0xff,0xff,0xff,0xff,0xff,
    0xff,0xff,0xff,0xff,0xff,0xff,0xff,0xff,0xff,0xff,0xff,0xff,0xff,0xff,0xff,0xff,
    0x7d,0xef,0xb6,0xb5,0xd3,0x9c,0xd3,0x9c,0x59,0xce,0x9e,0xf7,0xbe,0xf7,0x9e,0xf7,
    0x9e,0xf7,0x9e,0xf7,0x7d,0xef,0x5d,0xef,0x5d,0xef,0x5d,0xef,0x5d,0xef,0x5d,0xef,
    0x5d,0xef,0x5d,0xef,0x5d,0xef,0x5d,0xef,0x7d,0xef,0x7d,0xef,0x7d,0xef,0x5d,0xef,
    0x5d,0xef,0x7d,0xef,0xdf,0xff,0xff,0xff,0xff,0xff,0xff,0xff,0xff,0xff,0xff,0xff,
    0xff,0xff,0xff,0xff,0xff,0xff,0xff,0xff,0xff,0xff,0xff,0xff,0xff,0xff,0xff,0xff,
    0xff,0xff,0xff,0xff,0xff,0xff,0xff,0xff,0xff,0xff,0xff,0xff,0xff,0xff,0xff,0xff,
    0xff,0xff,0xff,0xff,0xff,0xff,0xff,0xff,0xff,0xff,0xff,0xff,0xff,0xff,0xff,0xff,
    0xff,0xff,0xff,0xff,0xff,0xff,0xff,0xff,0xff,0xff,0xff,0xff,0xff,0xff,0xff,0xff,
    0xff,0xff,0xff,0xff,0xff,0xff,0xff,0xff,0xff,0xff,0x7d,0xef,0x9a,0xd6,0xb6,0xb5,
    0x55,0xad,0x96,0xb5,0x96,0xb5,0x96,0xb5,0x75,0xad,0x55,0xad,0x34,0xa5,0x34,0xa5,
    0x34,0xa5,0x55,0xad,0x14,0xa5,0x92,0x94,0x51,0x8c,0x92,0x94,0xf3,0x9c,0xf3,0x9c,
    0x14,0xa5,0x75,0xad,0xd7,0xbd,0x34,0xa5,0x71,0x8c,0xb2,0x94,0x75,0xad,0x5d,0xef,
    0xff,0xff,0xff,0xff,0xff,0xff,0xff,0xff,0xff,0xff,0xff,0xff,0xff,0xff,0xff,0xff,
    0xff,0xff,0xff,0xff,0xff,0xff,0xff,0xff,0xff,0xff,0xff,0xff,0xff,0xff,0xff,0xff,
    0xff,0xff,0xff,0xff,0xff,0xff,0xff,0xff,0xff,0xff,0xff,0xff,0xff,0xff,0xff,0xff,
    0xff,0xff,0xff,0xff,0xff,0xff,0xff,0xff,0xff,0xff,0xff,0xff,0xff,0xff,0xff,0xff,
    0xff,0xff,0xff,0xff,0xff,0xff,0xff,0xff,0xff,0xff,0xff,0xff,0xff,0xff,0xff,0xff,
    0xff,0xff,0xff,0xff,0xff,0xff,0xff,0xff,0xff,0xff,0xff,0xff,0xff,0xff,0xff,0xff,
    0xff,0xff,0xff,0xff,0xff,0xff,0xff,0xff,0xff,0xff,0xff,0xff,0xff,0xff,0xff,0xff,
    0xff,0xff,0xff,0xff,0xff,0xff,0xff,0xff,0xff,0xff,0xff,0xff,0xff,0xff,0xfb,0xde,
    0x75,0xad,0xd3,0x9c,0x14,0xa5,0xdb,0xde,0x9e,0xf7,0x7d,0xef,0x7d,0xef,0x7d,0xef,
    0x7d,0xef,0x7d,0xef,0x5d,0xef,0x5d,0xef,0x5d,0xef,0x5d,0xef,0x5d,0xef,0x3c,0xe7,
    0x5d,0xef,0x5d,0xef,0x7d,0xef,0x9e,0xf7,0x7d,0xef,0x3c,0xe7,0x3c,0xe7,0x7d,0xef,
    0xdf,0xff,0xff,0xff,0xff,0xff,0xff,0xff,0xff,0xff,0xff,0xff,0xff,0xff,0xff,0xff,
    0xff,0xff,0xff,0xff,0xff,0xff,0xff,0xff,0xff,0xff,0xff,0xff,0xff,0xff,0xff,0xff,
    0xff,0xff,0xff,0xff,0xff,0xff,0xff,0xff,0xff,0xff,0xff,0xff,0xff,0xff,0xff,0xff,
    0xff,0xff,0xff,0xff,0xff,0xff,0xff,0xff,0xff,0xff,0xff,0xff,0xff,0xff,0xff,0xff,
    0xff,0xff,0xff,0xff,0xff,0xff,0xff,0xff,0xff,0xff,0xff,0xff,0xff,0xff,0xff,0xff,
    0xff,0xff,0xff,0xff,0xff,0xff,0xff,0xff,0xff,0xff,0xff,0xff,0xff,0xff,0xbe,0xf7,
    0x9a,0xd6,0x75,0xad,0x34,0xa5,0x75,0xad,0x96,0xb5,0x75,0xad,0x55,0xad,0x34,0xa5,
    0x14,0xa5,0xf3,0x9c,0x14,0xa5,0xf3,0x9c,0x71,0x8c,0x10,0x84,0x30,0x84,0x92,0x94,
    0xd3,0x9c,0xf3,0x9c,0x34,0xa5,0x96,0xb5,0x34,0xa5,0x51,0x8c,0x71,0x8c,0xf3,0x9c,
    0xba,0xd6,0xff,0xff,0xff,0xff,0xff,0xff,0xff,0xff,0xff,0xff,0xff,0xff,0xff,0xff,
    0xff,0xff,0xff,0xff,0xff,0xff,0xff,0xff,0xff,0xff,0xff,0xff,0xff,0xff,0xff,0xff,
    0xff,0xff,0xff,0xff,0xff,0xff,0xff,0xff,0xff,0xff,0xff,0xff,0xff,0xff,0xff,0xff,
    0xff,0xff,0xff,0xff,0xff,0xff,0xff,0xff,0xff,0xff,0xff,0xff,0xff,0xff,0xff,0xff,
    0xff,0xff,0xff,0xff,0xff,0xff,0xff,0xff,0xff,0xff,0xff,0xff,0xff,0xff,0xff,0xff,
    0xff,0xff,0xff,0xff,0xff,0xff,0xff,0xff,0xff,0xff,0xff,0xff,0xff,0xff,0xff,0xff,
    0xff,0xff,0xff,0xff,0xff,0xff,0xff,0xff,0xff,0xff,0xff,0xff,0xff,0xff,0xff,0xff,
    0xff,0xff,0xff,0xff,0xff,0xff,0xff,0xff,0xff,0xff,0xdf,0xff,0x59,0xce,0x14,0xa5,
    0xb2,0x94,0x75,0xad,0x3c,0xe7,0x7d,0xef,0x5d,0xef,0x7d,0xef,0x7d,0xef,0x7d,0xef,
    0x7d,0xef,0x5d,0xef,0x5d,0xef,0x5d,0xef,0x5d,0xef,0x3c,0xe7,0x3c,0xe7,0x5d,0xef,
    0x5d,0xef,0x7d,0xef,0x7d,0xef,0xfb,0xde,0xdb,0xde,0x5d,0xef,0xdf,0xff,0xff,0xff,
    0xff,0xff,0xff,0xff,0xff,0xff,0xff,0xff,0xff,0xff,0xff,0xff,0xff,0xff,0xff,0xff,
    0xff,0xff,0xff,0xff,0xff,0xff,0xff,0xff,0xff,0xff,0xff,0xff,0xff,0xff,0xff,0xff,
    0xff,0xff,0xff,0xff,0xff,0xff,0xff,0xff,0xff,0xff,0xff,0xff,0xff,0xff,0xff,0xff,
    0xff,0xff,0xff,0xff,0xff,0xff,0xff,0xff,0xff,0xff,0xff,0xff,0xff,0xff,0xff,0xff,
    0xff,0xff,0xff,0xff,0xff,0xff,0xff,0xff,0xff,0xff,0xff,0xff,0xff,0xff,0xff,0xff,
    0xff,0xff,0xff,0xff,0xff,0xff,0xff,0xff,0xff,0xff,0xff,0xff,0xff,0xff,0xff,0xff,
    0xff,0xff,0xdf,0xff,0x9a,0xd6,0x55,0xad,0xf3,0x9c,0x55,0xad,0x55,0xad,0x55,0xad,
    0x14,0xa5,0xf3,0x9c,0xd3,0x9c,0xf3,0x9c,0xf3,0x9c,0x71,0x8c,0xef,0x7b,0xef,0x7b,
    0x30,0x84,0x71,0x8c,0xd3,0x9c,0xf3,0x9c,0x55,0xad,0x34,0xa5,0x30,0x84,0x30,0x84,
    0xb2,0x94,0xf7,0xbd,0xdf,0xff,0xff,0xff,0xff,0xff,0xff,0xff,0xff,0xff,0xff,0xff,
    0xff,0xff,0xff,0xff,0xff,0xff,0xff,0xff,0xff,0xff,0xff,0xff,0xff,0xff,0xff,0xff,
    0xff,0xff,0xff,0xff,0xff,0xff,0xff,0xff,0xff,0xff,0xff,0xff,0xff,0xff,0xff,0xff,
    0xff,0xff,0xff,0xff,0xff,0xff,0xff,0xff,0xff,0xff,0xff,0xff,0xff,0xff,0xff,0xff,
    0xff,0xff,0xff,0xff,0xff,0xff,0xff,0xff,0xff,0xff,0xff,0xff,0xff,0xff,0xff,0xff,
    0xff,0xff,0xff,0xff,0xff,0xff,0xff,0xff,0xff,0xff,0xff,0xff,0xff,0xff,0xff,0xff,
    0xff,0xff,0xff,0xff,0xff,0xff,0xff,0xff,0xff,0xff,0xff,0xff,0xff,0xff,0xff,0xff,
    0xff,0xff,0xff,0xff,0xff,0xff,0xff,0xff,0xbe,0xf7,0xb6,0xb5,0xd3,0x9c,0x92,0x94,
    0x96,0xb5,0x5d,0xef,0x5d,0xef,0x5d,0xef,0x7d,0xef,0x7d,0xef,0x7d,0xef,0x5d,0xef,
    0x5d,0xef,0x5d,0xef,0x5d,0xef,0x3c,0xe7,0x3c,0xe7,0x5d,0xef,0x7d,0xef,0x5d,0xef,
    0x5d,0xef,0xba,0xd6,0x18,0xc6,0xdb,0xde,0xbe,0xf7,0xff,0xff,0xff,0xff,0xff,0xff,
    0xff,0xff,0xff,0xff,0xff,0xff,0xff,0xff,0xff,0xff,0xff,0xff,0xff,0xff,0xff,0xff,
    0xff,0xff,0xff,0xff,0xff,0xff,0xff,0xff,0xff,0xff,0xff,0xff,0xff,0xff,0xff,0xff,
    0xff,0xff,0xff,0xff,0xff,0xff,0xff,0xff,0xff,0xff,0xff,0xff,0xff,0xff,0xff,0xff,
    0xff,0xff,0xff,0xff,0xff,0xff,0xff,0xff,0xff,0xff,0xff,0xff,0xff,0xff,0xff,0xff,
    0xff,0xff,0xff,0xff,0xff,0xff,0xff,0xff,0xff,0xff,0xff,0xff,0xff,0xff,0xff,0xff,
    0xff,0xff,0xff,0xff,0xff,0xff,0xff,0xff,0xff,0xff,0xff,0xff,0xff,0xff,0xff,0xff,
    0xff,0xff,0xff,0xff,0xff,0xff,0xbe,0xf7,0x38,0xc6,0xd3,0x9c,0xb2,0x94,0x14,0xa5,
    0x34,0xa5,0x34,0xa5,0x14,0xa5,0xf3,0x9c,0xd3,0x9c,0xd3,0x9c,0x71,0x8c,0xcf,0x7b,
    0xcf,0x7b,0xef,0x7b,0x30,0x84,0x71,0x8c,0xb2,0x94,0x14,0xa5,0x55,0xad,0x51,0x8c,
    0x10,0x84,0x51,0x8c,0x96,0xb5,0x9e,0xf7,0xff,0xff,0xff,0xff,0xff,0xff,0xff,0xff,
    0xff,0xff,0xff,0xff,0xff,0xff,0xff,0xff,0xff,0xff,0xff,0xff,0xff,0xff,0xff,0xff,
    0xff,0xff,0xff,0xff,0xff,0xff,0xff,0xff,0xff,0xff,0xff,0xff,0xff,0xff,0xff,0xff,
    0xff,0xff,0xff,0xff,0xff,0xff,0xff,0xff,0xff,0xff,0xff,0xff,0xff,0xff,0xff,0xff,
    0xff,0xff,0xff,0xff,0xff,0xff,0xff,0xff,0xff,0xff,0xff,0xff,0xff,0xff,0xff,0xff,
    0xff,0xff,0xff,0xff,0xff,0xff,0xff,0xff,0xff,0xff,0xff,0xff,0xff,0xff,0xff,0xff,
    0xff,0xff,0xff,0xff,0xff,0xff,0xff,0xff,0xff,0xff,0xff,0xff,0xff,0xff,0xff,0xff,
    0xff,0xff,0xff,0xff,0xff,0xff,0x5d,0xef,0x55,0xad,0xb2,0x94,0x71,0x8c,0x96,0xb5,
    0x3c,0xe7,0x1c,0xe7,0x3c,0xe7,0x7d,0xef,0x7d,0xef,0x5d,0xef,0x5d,0xef,0x5d,0xef,
    0x5d,0xef,0x3c,0xe7,0x3c,0xe7,0x5d,0xef,0x7d,0xef,0x3c,0xe7,0xfb,0xde,0x79,0xce,
    0xb6,0xb5,0x18,0xc6,0x5d,0xef,0xff,0xff,0xff,0xff,0xff,0xff,0xff,0xff,0xff,0xff,
    0xff,0xff,0xff,0xff,0xff,0xff,0xff,0xff,0xff,0xff,0xff,0xff,0xff,0xff,0xff,0xff,
    0xff,0xff,0xff,0xff,0xff,0xff,0xff,0xff,0xff,0xff,0xff,0xff,0xff,0xff,0xff,0xff,
    0xff,0xff,0xff,0xff,0xff,0xff,0xff,0xff,0xff,0xff,0xff,0xff,0xff,0xff,0xff,0xff,
    0xff,0xff,0xff,0xff,0xff,0xff,0xff,0xff,0xff,0xff,0xff,0xff,0xff,0xff,0xff,0xff,
    0xff,0xff,0xff,0xff,0xff,0xff,0xff,0xff,0xff,0xff,0xff,0xff,0xff,0xff,0xff,0xff,
    0xff,0xff,0xff,0xff,0xff,0xff,0xff,0xff,0xff,0xff,0xff,0xff,0xff,0xff,0xff,0xff,
    0xff,0xff,0xff,0xff,0xff,0xff,0xff,0xff,0xff,0xff,0x5d,0xef,0x55,0xad,0x51,0x8c,
    0xd3,0x9c,0xf3,0x9c,0x14,0xa5,0x14,0xa5,0xf3,0x9c,0xd3,0x9c,0xd3,0x9c,0x51,0x8c,
    0xae,0x73,0xae,0x73,0xcf,0x7b,0xef,0x7b,0x30,0x84,0x71,0x8c,0xf3,0x9c,0x55,0xad,
    0x30,0x84,0xcf,0x7b,0x51,0x8c,0x14,0xa5,0x5d,0xef,0xff,0xff,0xff,0xff,0xff,0xff,
    0xff,0xff,0xff,0xff,0xff,0xff,0xff,0xff,0xff,0xff,0xff,0xff,0xff,0xff,0xff,0xff,
    0xff,0xff,0xff,0xff,0xff,0xff,0xff,0xff,0xff,0xff,0xff,0xff,0xff,0xff,0xff,0xff,
    0xff,0xff,0xff,0xff,0xff,0xff,0xff,0xff,0xff,0xff,0xff,0xff,0xff,0xff,0xff,0xff,
    0xff,0xff,0xff,0xff,0xff,0xff,0xff,0xff,0xff,0xff,0xff,0xff,0xff,0xff,0xff,0xff,
    0xff,0xff,0xff,0xff,0xff,0xff,0xff,0xff,0xff,0xff,0xff,0xff,0xff,0xff,0xff,0xff,
    0xff,0xff,0xff,0xff,0xff,0xff,0xff,0xff,0xff,0xff,0xff,0xff,0xff,0xff,0xff,0xff,
    0xff,0xff,0xff,0xff,0x1c,0xe7,0x14,0xa5,0xb2,0x94,0x51,0x8c,0x55,0xad,0xdb,0xde,
    0xba,0xd6,0xfb,0xde,0x5d,0xef,0x5d,0xef,0x7d,0xef,0x5d,0xef,0x5d,0xef,0x5d,0xef,
    0x5d,0xef,0x5d,0xef,0x7d,0xef,0x1c,0xe7,0x59,0xce,0xd7,0xbd,0x34,0xa5,0x14,0xa5,
    0x9a,0xd6,0xff,0xff,0xff,0xff,0xff,0xff,0xff,0xff,0xff,0xff,0xff,0xff,0xff,0xff,
    0xff,0xff,0xff,0xff,0xff,0xff,0xff,0xff,0xff,0xff,0xff,0xff,0xff,0xff,0xff,0xff,
    0xff,0xff,0xff,0xff,0xff,0xff,0xff,0xff,0xff,0xff,0xff,0xff,0xff,0xff,0xff,0xff,
    0xff,0xff,0xff,0xff,0xff,0xff,0xff,0xff,0xff,0xff,0xff,0xff,0xff,0xff,0xff,0xff,
    0xff,0xff,0xff,0xff,0xff,0xff,0xff,0xff,0xff,0xff,0xff,0xff,0xff,0xff,0xff,0xff,
    0xff,0xff,0xff,0xff,0xff,0xff,0xff,0xff,0xff,0xff,0xff,0xff,0xff,0xff,0xff,0xff,
    0xff,0xff,0xff,0xff,0xff,0xff,0xff,0xff,0xff,0xff,0xff,0xff,0xff,0xff,0xff,0xff,
    0xff,0xff,0xff,0xff,0xff,0xff,0xff,0xff,0xff,0xff,0xff,0xff,0xff,0xff,0x59,0xce,
    0x51,0x8c,0x71,0x8c,0xd3,0x9c,0xd3,0x9c,0x14,0xa5,0xf3,0x9c,0xb2,0x94,0x92,0x94,
    0x30,0x84,0x8e,0x73,0x8e,0x73,0xae,0x73,0xef,0x7b,0x10,0x84,0x51,0x8c,0xd3,0x9c,
    0x14,0xa5,0x10,0x84,0xae,0x73,0x10,0x84,0xf3,0x9c,0x1c,0xe7,0xff,0xff,0xff,0xff,
    0xff,0xff,0xff,0xff,0xff,0xff,0xff,0xff,0xff,0xff,0xff,0xff,0xff,0xff,0xff,0xff,
    0xff,0xff,0xff,0xff,0xff,0xff,0xff,0xff,0xff,0xff,0xff,0xff,0xff,0xff,0xff,0xff,
    0xff,0xff,0xff,0xff,0xff,0xff,0xff,0xff,0xff,0xff,0xff,0xff,0xff,0xff,0xff,0xff,
    0xff,0xff,0xff,0xff,0xff,0xff,0xff,0xff,0xff,0xff,0xff,0xff,0xff,0xff,0xff,0xff,
    0xff,0xff,0xff,0xff,0xff,0xff,0xff,0xff,0xff,0xff,0xff,0xff,0xff,0xff,0xff,0xff,
    0xff,0xff,0xff,0xff,0xff,0xff,0xff,0xff,0xff,0xff,0xff,0xff,0xff,0xff,0xff,0xff,
    0xff,0xff,0xfb,0xde,0x14,0xa5,0xd3,0x9c,0x51,0x8c,0x55,0xad,0xba,0xd6,0x79,0xce,
    0x9a,0xd6,0x1c,0xe7,0x5d,0xef,0x5d,0xef,0x5d,0xef,0x5d,0xef,0x5d,0xef,0x5d,0xef,
    0x3c,0xe7,0xba,0xd6,0xf7,0xbd,0x34,0xa5,0xd3,0x9c,0x51,0x8c,0x14,0xa5,0x5d,0xef,
    0xff,0xff,0xff,0xff,0xff,0xff,0xff,0xff,0xff,0xff,0xff,0xff,0xff,0xff,0xff,0xff,
    0xff,0xff,0xff,0xff,0xff,0xff,0xff,0xff,0xff,0xff,0xff,0xff,0xff,0xff,0xff,0xff,
    0xff,0xff,0xff,0xff,0xff,0xff,0xff,0xff,0xff,0xff,0xff,0xff,0xff,0xff,0xff,0xff,
    0xff,0xff,0xff,0xff,0xff,0xff,0xff,0xff,0xff,0xff,0xff,0xff,0xff,0xff,0xff,0xff,
    0xff,0xff,0xff,0xff,0xff,0xff,0xff,0xff,0xff,0xff,0xff,0xff,0xff,0xff,0xff,0xff,
    0xff,0xff,0xff,0xff,0xff,0xff,0xff,0xff,0xff,0xff,0xff,0xff,0xff,0xff,0xff,0xff,
    0xff,0xff,0xff,0xff,0xff,0xff,0xff,0xff,0xff,0xff,0xff,0xff,0xff,0xff,0xff,0xff,
    0xff,0xff,0xff,0xff,0xff,0xff,0xff,0xff,0xff,0xff,0xdf,0xff,0xdf,0xff,0xff,0xff,
    0x3c,0xe7,0xd3,0x9c,0x10,0x84,0x92,0x94,0x92,0x94,0xb2,0x94,0xd3,0x9c,0xb2,0x94,
    0x92,0x94,0x30,0x84,0x6d,0x6b,0x8e,0x73,0xae,0x73,0xcf,0x7b,0xef,0x7b,0x30,0x84,
    0x92,0x94,0xf3,0x9c,0xef,0x7b,0x8e,0x73,0x10,0x84,0xb2,0x94,0xdb,0xde,0xff,0xff,
    0xff,0xff,0xff,0xff,0xff,0xff,0xff,0xff,0xff,0xff,0xff,0xff,0xff,0xff,0xff,0xff,
    0xff,0xff,0xff,0xff,0xff,0xff,0xff,0xff,0xff,0xff,0xff,0xff,0xff,0xff,0xff,0xff,
    0xff,0xff,0xff,0xff,0xff,0xff,0xff,0xff,0xff,0xff,0xff,0xff,0xff,0xff,0xff,0xff,
    0xff,0xff,0xff,0xff,0xff,0xff,0xff,0xff,0xff,0xff,0xff,0xff,0xff,0xff,0xff,0xff,
    0xff,0xff,0xff,0xff,0xff,0xff,0xff,0xff,0xff,0xff,0xff,0xff,0xff,0xff,0xff,0xff,
    0xff,0xff,0xff,0xff,0xff,0xff,0xff,0xff,0xff,0xff,0xff,0xff,0xff,0xff,0xff,0xff,
    0xdb,0xde,0x14,0xa5,0xd3,0x9c,0x51,0x8c,0x34,0xa5,0x9a,0xd6,0x59,0xce,0x79,0xce,
    0x1c,0xe7,0x5d,0xef,0x5d,0xef,0x5d,0xef,0x7d,0xef,0x5d,0xef,0xdb,0xde,0x18,0xc6,
    0x75,0xad,0xf3,0x9c,0xb2,0x94,0xb2,0x94,0x10,0x84,0x75,0xad,0xdf,0xff,0xff,0xff,
    0xff,0xff,0xff,0xff,0xff,0xff,0xff,0xff,0xff,0xff,0xff,0xff,0xff,0xff,0xff,0xff,
    0xff,0xff,0xff,0xff,0xff,0xff,0xff,0xff,0xff,0xff,0xff,0xff,0xff,0xff,0xff,0xff,
    0xff,0xff,0xff,0xff,0xff,0xff,0xff,0xff,0xff,0xff,0xff,0xff,0xff,0xff,0xff,0xff,
    0xff,0xff,0xff,0xff,0xff,0xff,0xff,0xff,0xff,0xff,0xff,0xff,0xff,0xff,0xff,0xff,
    0xff,0xff,0xff,0xff,0xff,0xff,0xff,0xff,0xff,0xff,0xff,0xff,0xff,0xff,0xff,0xff,
    0xff,0xff,0xff,0xff,0xff,0xff,0xff,0xff,0xff,0xff,0xff,0xff,0xff,0xff,0xff,0xff,
    0xff,0xff,0xff,0xff,0xff,0xff,0xff,0xff,0xff,0xff,0xff,0xff,0xff,0xff,0xff,0xff,
    0xff,0xff,0xff,0xff,0xff,0xff,0xff,0xff,0xff,0xff,0xff,0xff,0xdf,0xff,0xdf,0xff,
    0xff,0xff,0xdf,0xff,0x75,0xad,0xcf,0x7b,0x30,0x84,0x51,0x8c,0x71,0x8c,0xb2,0x94,
    0xb2,0x94,0x92,0x94,0xcf,0x7b,0x4d,0x6b,0x6d,0x6b,0x8e,0x73,0x8e,0x73,0xcf,0x7b,
    0x10,0x84,0x71,0x8c,0xd3,0x9c,0xcf,0x7b,0x8e,0x73,0x30,0x84,0x92,0x94,0x9a,0xd6,
    0xff,0xff,0xff,0xff,0xff,0xff,0xff,0xff,0xff,0xff,0xff,0xff,0xff,0xff,0xff,0xff,
    0xff,0xff,0xff,0xff,0xff,0xff,0xff,0xff,0xff,0xff,0xff,0xff,0xff,0xff,0xff,0xff,
    0xff,0xff,0xff,0xff,0xff,0xff,0xff,0xff,0xff,0xff,0xff,0xff,0xff,0xff,0xff,0xff,
    0xff,0xff,0xff,0xff,0xff,0xff,0xff,0xff,0xff,0xff,0xff,0xff,0xff,0xff,0xff,0xff,
    0xff,0xff,0xff,0xff,0xff,0xff,0xff,0xff,0xff,0xff,0xff,0xff,0xff,0xff,0xff,0xff,
    0xff,0xff,0xff,0xff,0xff,0xff,0xff,0xff,0xff,0xff,0xff,0xff,0xff,0xff,0xba,0xd6,
    0xf3,0x9c,0xb2,0x94,0x51,0x8c,0xf3,0x9c,0x9a,0xd6,0x59,0xce,0x79,0xce,0x1c,0xe7,
    0x5d,0xef,0x5d,0xef,0x7d,0xef,0x5d,0xef,0x79,0xce,0x96,0xb5,0x14,0xa5,0xd3,0x9c,
    0xb2,0x94,0xd3,0x9c,0x92,0x94,0x30,0x84,0x18,0xc6,0xff,0xff,0xff,0xff,0xdf,0xff,
    0xff,0xff,0xff,0xff,0xff,0xff,0xff,0xff,0xff,0xff,0xff,0xff,0xff,0xff,0xff,0xff,
    0xff,0xff,0xff,0xff,0xff,0xff,0xff,0xff,0xff,0xff,0xff,0xff,0xff,0xff,0xff,0xff,
    0xff,0xff,0xff,0xff,0xff,0xff,0xff,0xff,0xff,0xff,0xff,0xff,0xff,0xff,0xff,0xff,
    0xff,0xff,0xff,0xff,0xff,0xff,0xff,0xff,0xff,0xff,0xff,0xff,0xff,0xff,0xff,0xff,
    0xff,0xff,0xff,0xff,0xff,0xff,0xff,0xff,0xff,0xff,0xff,0xff,0xff,0xff,0xff,0xff,
    0xff,0xff,0xff,0xff,0xff,0xff,0xff,0xff,0xff,0xff,0xff,0xff,0xff,0xff,0xff,0xff,
    0xff,0xff,0xff,0xff,0xff,0xff,0xff,0xff,0xff,0xff,0xff,0xff,0xff,0xff,0xff,0xff,
    0xff,0xff,0xff,0xff,0xff,0xff,0xff,0xff,0xff,0xff,0xff,0xff,0xff,0xff,0xdf,0xff,
    0xbe,0xf7,0xdf,0xff,0xff,0xff,0xd7,0xbd,0xae,0x73,0xef,0x7b,0x10,0x84,0x30,0x84,
    0x51,0x8c,0x71,0x8c,0x71,0x8c,0xae,0x73,0x2c,0x63,0x2c,0x63,0x4d,0x6b,0x8e,0x73,
    0xae,0x73,0xef,0x7b,0x51,0x8c,0xd3,0x9c,0xae,0x73,0xae,0x73,0x10,0x84,0x71,0x8c,
    0x79,0xce,0xff,0xff,0xff,0xff,0xff,0xff,0xff,0xff,0xff,0xff,0xff,0xff,0xff,0xff,
    0xff,0xff,0xff,0xff,0xff,0xff,0xff,0xff,0xff,0xff,0xff,0xff,0xff,0xff,0xff,0xff,
    0xff,0xff,0xff,0xff,0xff,0xff,0xff,0xff,0xff,0xff,0xff,0xff,0xff,0xff,0xff,0xff,
    0xff,0xff,0xff,0xff,0xff,0xff,0xff,0xff,0xff,0xff,0xff,0xff,0xff,0xff,0xff,0xff,
    0xff,0xff,0xff,0xff,0xff,0xff,0xff,0xff,0xff,0xff,0xff,0xff,0xff,0xff,0xff,0xff,
    0xff,0xff,0xff,0xff,0xff,0xff,0xff,0xff,0xff,0xff,0xff,0xff,0xba,0xd6,0xd3,0x9c,
    0x92,0x94,0x30,0x84,0x71,0x8c,0x59,0xce,0x38,0xc6,0x79,0xce,0x1c,0xe7,0x7d,0xef,
    0x7d,0xef,0x5d,0xef,0xba,0xd6,0x55,0xad,0x92,0x94,0x92,0x94,0xb2,0x94,0x92,0x94,
    0x71,0x8c,0x51,0x8c,0x10,0x84,0x79,0xce,0xff,0xff,0xdf,0xff,0xdf,0xff,0xff,0xff,
    0xdf,0xff,0xff,0xff,0xff,0xff,0xff,0xff,0xff,0xff,0xff,0xff,0xff,0xff,0xff,0xff,
    0xff,0xff,0xff,0xff,0xff,0xff,0xff,0xff,0xff,0xff,0xff,0xff,0xff,0xff,0xff,0xff,
    0xff,0xff,0xff,0xff,0xff,0xff,0xff,0xff,0xff,0xff,0xff,0xff,0xff,0xff,0xff,0xff,
    0xff,0xff,0xff,0xff,0xff,0xff,0xff,0xff,0xff,0xff,0xff,0xff,0xff,0xff,0xff,0xff,
    0xff,0xff,0xff,0xff,0xff,0xff,0xff,0xff,0xff,0xff,0xff,0xff,0xff,0xff,0xff,0xff,
    0xff,0xff,0xff,0xff,0xff,0xff,0xff,0xff,0xff,0xff,0xdf,0xff,0xdf,0xff,0xff,0xff,
    0xff,0xff,0xdf,0xff,0xdf,0xff,0xdf,0xff,0xdf,0xff,0xdf,0xff,0xdf,0xff,0xdf,0xff,
    0xdf,0xff,0xdf,0xff,0xdf,0xff,0xff,0xff,0xff,0xff,0xff,0xff,0xff,0xff,0xff,0xff,
    0xdf,0xff,0xbe,0xf7,0x9e,0xf7,0xdf,0xff,0xf7,0xbd,0x8e,0x73,0xcf,0x7b,0xef,0x7b,
    0x10,0x84,0x51,0x8c,0x71,0x8c,0x30,0x84,0x6d,0x6b,0xeb,0x5a,0x0c,0x63,0x4d,0x6b,
    0x6d,0x6b,0x8e,0x73,0xcf,0x7b,0x51,0x8c,0x71,0x8c,0x6d,0x6b,0x8e,0x73,0xef,0x7b,
    0x51,0x8c,0x9a,0xd6,0xff,0xff,0xff,0xff,0xff,0xff,0xff,0xff,0xff,0xff,0xff,0xff,
    0xff,0xff,0xff,0xff,0xff,0xff,0xff,0xff,0xff,0xff,0xff,0xff,0xff,0xff,0xff,0xff,
    0xff,0xff,0xff,0xff,0xff,0xff,0xff,0xff,0xff,0xff,0xff,0xff,0xff,0xff,0xff,0xff,
    0xff,0xff,0xff,0xff,0xff,0xff,0xff,0xff,0xff,0xff,0xff,0xff,0xff,0xff,0xff,0xff,
    0xff,0xff,0xff,0xff,0xff,0xff,0xff,0xff,0xff,0xff,0xff,0xff,0xff,0xff,0xff,0xff,
    0xff,0xff,0xff,0xff,0xff,0xff,0xff,0xff,0xff,0xff,0xdb,0xde,0xd3,0x9c,0x92,0x94,
    0x30,0x84,0xef,0x7b,0xb6,0xb5,0x18,0xc6,0x59,0xce,0x3c,0xe7,0x7d,0xef,0x5d,0xef,
    0xba,0xd6,0x96,0xb5,0x71,0x8c,0x71,0x8c,0xb2,0x94,0x92,0x94,0x71,0x8c,0x30,0x84,
    0xef,0x7b,0xae,0x73,0x79,0xce,0xff,0xff,0xdf,0xff,0xff,0xff,0xdf,0xff,0xdf,0xff,
    0xff,0xff,0xff,0xff,0xff,0xff,0xff,0xff,0xff,0xff,0xff,0xff,0xff,0xff,0xff,0xff,
    0xff,0xff,0xff,0xff,0xff,0xff,0xff,0xff,0xff,0xff,0xff,0xff,0xff,0xff,0xff,0xff,
    0xff,0xff,0xff,0xff,0xff,0xff,0xff,0xff,0xff,0xff,0xff,0xff,0xff,0xff,0xff,0xff,
    0xff,0xff,0xff,0xff,0xff,0xff,0xff,0xff,0xff,0xff,0xff,0xff,0xff,0xff,0xff,0xff,
    0xff,0xff,0xff,0xff,0xff,0xff,0xff,0xff,0xff,0xff,0xff,0xff,0xff,0xff,0xff,0xff,
    0xff,0xff,0xff,0xff,0xff,0xff,0xdf,0xff,0xdf,0xff,0xdf,0xff,0xdf,0xff,0xdf,0xff,
    0xdf,0xff,0xdf,0xff,0xdf,0xff,0xdf,0xff,0xdf,0xff,0xdf,0xff,0xdf,0xff,0xdf,0xff,
    0xdf,0xff,0xdf,0xff,0xdf,0xff,0xdf,0xff,0xdf,0xff,0xdf,0xff,0xdf,0xff,0xdf,0xff,
    0xdf,0xff,0xdf,0xff,0x9e,0xf7,0x7d,0xef,0xbe,0xf7,0xf7,0xbd,0x6d,0x6b,0x8e,0x73,
    0xae,0x73,0xef,0x7b,0x10,0x84,0x30,0x84,0x10,0x84,0x2c,0x63,0xcb,0x5a,0x0c,0x63,
    0x2c,0x63,0x4d,0x6b,0x8e,0x73,0xcf,0x7b,0x30,0x84,0x30,0x84,0x2c,0x63,0x8e,0x73,
    0xef,0x7b,0x71,0x8c,0x9a,0xd6,0xff,0xff,0xff,0xff,0xff,0xff,0xff,0xff,0xff,0xff,
    0xff,0xff,0xff,0xff,0xff,0xff,0xff,0xff,0xff,0xff,0xff,0xff,0xff,0xff,0xff,0xff,
    0xff,0xff,0xff,0xff,0xff,0xff,0xff,0xff,0xff,0xff,0xff,0xff,0xff,0xff,0xff,0xff,
    0xff,0xff,0xff,0xff,0xff,0xff,0xff,0xff,0xff,0xff,0xff,0xff,0xff,0xff,0xff,0xff,
    0xff,0xff,0xff,0xff,0xff,0xff,0xff,0xff,0xff,0xff,0xff,0xff,0xff,0xff,0xff,0xff,
    0xff,0xff,0xff,0xff,0xff,0xff,0xff,0xff,0x1c,0xe7,0x14,0xa5,0x92,0x94,0x30,0x84,
    0xae,0x73,0x14,0xa5,0xf7,0xbd,0x59,0xce,0x5d,0xef,0x7d,0xef,0xdb,0xde,0xb6,0xb5,
    0xb2,0x94,0x30,0x84,0x92,0x94,0xd3,0x9c,0x92,0x94,0x51,0x8c,0xef,0x7b,0xcf,0x7b,
    0x6d,0x6b,0x18,0xc6,0xff,0xff,0xdf,0xff,0xdf,0xff,0xff,0xff,0xff,0xff,0xff,0xff,
    0xff,0xff,0xff,0xff,0xff,0xff,0xff,0xff,0xff,0xff,0xff,0xff,0xff,0xff,0xff,0xff,
    0xff,0xff,0xff,0xff,0xff,0xff,0xff,0xff,0xff,0xff,0xff,0xff,0xff,0xff,0xff,0xff,
    0xff,0xff,0xff,0xff,0xff,0xff,0xff,0xff,0xff,0xff,0xff,0xff,0xff,0xff,0xff,0xff,
    0xff,0xff,0xff,0xff,0xff,0xff,0xff,0xff,0xff,0xff,0xff,0xff,0xff,0xff,0xdf,0xff,
    0xdf,0xff,0xdf,0xff,0xff,0xff,0xff,0xff,0xdf,0xff,0xdf,0xff,0xdf,0xff,0xdf,0xff,
    0xdf,0xff,0xdf,0xff,0xdf,0xff,0xdf,0xff,0xdf,0xff,0xdf,0xff,0xdf,0xff,0xbe,0xf7,
    0xdf,0xff,0xdf,0xff,0xdf,0xff,0xbe,0xf7,0xbe,0xf7,0xbe,0xf7,0xbe,0xf7,0xdf,0xff,
    0xdf,0xff,0xdf,0xff,0xdf,0xff,0xdf,0xff,0xdf,0xff,0xdf,0xff,0xdf,0xff,0xdf,0xff,
    0xdf,0xff,0xdf,0xff,0xbe,0xf7,0x5d,0xef,0x3c,0xe7,0x9e,0xf7,0x96,0xb5,0x2c,0x63,
    0x6d,0x6b,0x8e,0x73,0xcf,0x7b,0xef,0x7b,0x30,0x84,0xcf,0x7b,0xeb,0x5a,0xaa,0x52,
    0xeb,0x5a,0x2c,0x63,0x4d,0x6b,0x6d,0x6b,0xcf,0x7b,0x30,0x84,0xae,0x73,0x2c,0x63,
    0xcf,0x7b,0x10,0x84,0x92,0x94,0xdb,0xde,0xff,0xff,0xff,0xff,0xff,0xff,0xff,0xff,
    0xff,0xff,0xff,0xff,0xff,0xff,0xff,0xff,0xff,0xff,0xff,0xff,0xff,0xff,0xff,0xff,
    0xff,0xff,0xff,0xff,0xff,0xff,0xff,0xff,0xff,0xff,0xff,0xff,0xff,0xff,0xff,0xff,
    0xff,0xff,0xff,0xff,0xff,0xff,0xff,0xff,0xff,0xff,0xff,0xff,0xff,0xff,0xff,0xff,
    0xff,0xff,0xff,0xff,0xff,0xff,0xff,0xff,0xff,0xff,0xff,0xff,0xff,0xff,0xff,0xff,
    0xff,0xff,0xff,0xff,0xff,0xff,0x5d,0xef,0x55,0xad,0xb2,0x94,0x51,0x8c,0xae,0x73,
    0x92,0x94,0xd7,0xbd,0x79,0xce,0x7d,0xef,0x3c,0xe7,0x18,0xc6,0xf3,0x9c,0x51,0x8c,
    0x30,0x84,0x92,0x94,0xb2,0x94,0x71,0x8c,0x30,0x84,0xef,0x7b,0xcf,0x7b,0x6d,0x6b,
    0x96,0xb5,0xff,0xff,0xbe,0xf7,0xdf,0xff,0xdf,0xff,0xdf,0xff,0xff,0xff,0xff,0xff,
    0xff,0xff,0xff,0xff,0xff,0xff,0xff,0xff,0xff,0xff,0xff,0xff,0xff,0xff,0xff,0xff,
    0xff,0xff,0xff,0xff,0xff,0xff,0xff,0xff,0xff,0xff,0xff,0xff,0xff,0xff,0xff,0xff,
    0xff,0xff,0xff,0xff,0xff,0xff,0xff,0xff,0xff,0xff,0xff,0xff,0xff,0xff,0xff,0xff,
    0xff,0xff,0xff,0xff,0xff,0xff,0xff,0xff,0xdf,0xff,0xdf,0xff,0xdf,0xff,0xdf,0xff,
    0xdf,0xff,0xff,0xff,0xff,0xff,0xdf,0xff,0xdf,0xff,0xdf,0xff,0xdf,0xff,0xdf,0xff,
    0xdf,0xff,0xdf,0xff,0xdf,0xff,0xdf,0xff,0xdf,0xff,0xdf,0xff,0xbe,0xf7,0xbe,0xf7,
    0xbe,0xf7,0xbe,0xf7,0xbe,0xf7,0x9e,0xf7,0x9e,0xf7,0x9e,0xf7,0x9e,0xf7,0x9e,0xf7,
    0x9e,0xf7,0xbe,0xf7,0xdf,0xff,0xbe,0xf7,0xbe,0xf7,0xbe,0xf7,0xdf,0xff,0xdf,0xff,
    0xdf,0xff,0xdf,0xff,0xdf,0xff,0x9e,0xf7,0x5d,0xef,0x3c,0xe7,0x7d,0xef,0x14,0xa5,
    0xeb,0x5a,0x6d,0x6b,0x8e,0x73,0xae,0x73,0xef,0x7b,0x30,0x84,0xae,0x73,0xaa,0x52,
    0xaa,0x52,0xeb,0x5a,0x0c,0x63,0x2c,0x63,0x6d,0x6b,0xae,0x73,0x30,0x84,0x4d,0x6b,
    0x4d,0x6b,0xef,0x7b,0x30,0x84,0xb2,0x94,0x1c,0xe7,0xff,0xff,0xff,0xff,0xff,0xff,
    0xff,0xff,0xff,0xff,0xff,0xff,0xff,0xff,0xff,0xff,0xff,0xff,0xff,0xff,0xff,0xff,
    0xff,0xff,0xff,0xff,0xff,0xff,0xff,0xff,0xff,0xff,0xff,0xff,0xff,0xff,0xff,0xff,
    0xff,0xff,0xff,0xff,0xff,0xff,0xff,0xff,0xff,0xff,0xff,0xff,0xff,0xff,0xff,0xff,
    0xff,0xff,0xff,0xff,0xff,0xff,0xff,0xff,0xff,0xff,0xff,0xff,0xff,0xff,0xff,0xff,
    0xff,0xff,0xff,0xff,0x7d,0xef,0x75,0xad,0xd3,0x9c,0x51,0x8c,0xae,0x73,0x30,0x84,
    0xf7,0xbd,0x79,0xce,0x3c,0xe7,0xba,0xd6,0x55,0xad,0x71,0x8c,0x30,0x84,0x30,0x84,
    0x92,0x94,0xb2,0x94,0x51,0x8c,0x10,0x84,0xcf,0x7b,0xef,0x7b,0x8e,0x73,0xf3,0x9c,
    0xdf,0xff,0xbe,0xf7,0xbe,0xf7,0xbe,0xf7,0xdf,0xff,0xff,0xff,0xff,0xff,0xff,0xff,
    0xff,0xff,0xff,0xff,0xff,0xff,0xff,0xff,0xff,0xff,0xff,0xff,0xff,0xff,0xff,0xff,
    0xff,0xff,0xff,0xff,0xff,0xff,0xff,0xff,0xff,0xff,0xff,0xff,0xff,0xff,0xff,0xff,
    0xff,0xff,0xff,0xff,0xff,0xff,0xff,0xff,0xff,0xff,0xff,0xff,0xff,0xff,0xff,0xff,
    0xff,0xff,0xff,0xff,0xff,0xff,0xff,0xff,0xff,0xff,0xdf,0xff,0xdf,0xff,0xdf,0xff,
    0xdf,0xff,0xdf,0xff,0xdf,0xff,0xdf,0xff,0xdf,0xff,0xdf,0xff,0xdf,0xff,0xdf,0xff,
    0xbe,0xf7,0xbe,0xf7,0xdf,0xff,0xbe,0xf7,0xbe,0xf7,0xdf,0xff,0xbe,0xf7,0xbe,0xf7,
    0x9e,0xf7,0x9e,0xf7,0x9e,0xf7,0x7d,0xef,0x7d,0xef,0x7d,0xef,0x7d,0xef,0x5d,0xef,
    0x7d,0xef,0x7d,0xef,0x9e,0xf7,0x9e,0xf7,0x9e,0xf7,0x9e,0xf7,0x9e,0xf7,0x9e,0xf7,
    0xbe,0xf7,0xdf,0xff,0xdf,0xff,0xdf,0xff,0x5d,0xef,0x1c,0xe7,0x1c,0xe7,0x3c,0xe7,
    0x71,0x8c,0xeb,0x5a,0x6d,0x6b,0x6d,0x6b,0x8e,0x73,0xcf,0x7b,0x10,0x84,0x4d,0x6b,
    0x69,0x4a,0xaa,0x52,0xcb,0x5a,0x0c,0x63,0x2c,0x63,0x6d,0x6b,0xcf,0x7b,0x10,0x84,
    0x0c,0x63,0x8e,0x73,0xef,0x7b,0x30,0x84,0xb2,0x94,0x5d,0xef,0xff,0xff,0xff,0xff,
    0xff,0xff,0xff,0xff,0xff,0xff,0xff,0xff,0xff,0xff,0xff,0xff,0xff,0xff,0xff,0xff,
    0xff,0xff,0xff,0xff,0xff,0xff,0xff,0xff,0xff,0xff,0xff,0xff,0xff,0xff,0xff,0xff,
    0xff,0xff,0xff,0xff,0xff,0xff,0xff,0xff,0xff,0xff,0xff,0xff,0xff,0xff,0xff,0xff,
    0xff,0xff,0xff,0xff,0xff,0xff,0xff,0xff,0xff,0xff,0xff,0xff,0xff,0xff,0xff,0xff,
    0xff,0xff,0xbe,0xf7,0x75,0xad,0xb2,0x94,0x51,0x8c,0xcf,0x7b,0xae,0x73,0x96,0xb5,
    0x59,0xce,0xba,0xd6,0xf7,0xbd,0xd3,0x9c,0x51,0x8c,0x51,0x8c,0x30,0x84,0x92,0x94,
    0x92,0x94,0x30,0x84,0xef,0x7b,0xcf,0x7b,0xcf,0x7b,0xae,0x73,0x30,0x84,0x7d,0xef,
    0xdf,0xff,0xbe,0xf7,0xbe,0xf7,0xbe,0xf7,0xff,0xff,0xff,0xff,0xff,0xff,0xff,0xff,
    0xff,0xff,0xff,0xff,0xff,0xff,0xff,0xff,0xff,0xff,0xff,0xff,0xff,0xff,0xff,0xff,
    0xff,0xff,0xff,0xff,0xff,0xff,0xff,0xff,0xff,0xff,0xff,0xff,0xff,0xff,0xff,0xff,
    0xff,0xff,0xff,0xff,0xff,0xff,0xff,0xff,0xff,0xff,0xff,0xff,0xff,0xff,0xff,0xff,
    0xff,0xff,0xff,0xff,0xff,0xff,0xff,0xff,0xff,0xff,0xff,0xff,0xdf,0xff,0xdf,0xff,
    0xdf,0xff,0xdf,0xff,0xdf,0xff,0xdf,0xff,0xdf,0xff,0xbe,0xf7,0xdf,0xff,0xbe,0xf7,
    0xbe,0xf7,0xbe,0xf7,0xbe,0xf7,0xbe,0xf7,0xbe,0xf7,0xbe,0xf7,0xbe,0xf7,0x9e,0xf7,
    0x7d,0xef,0x7d,0xef,0x7d,0xef,0x7d,0xef,0x5d,0xef,0x7d,0xef,0x5d,0xef,0x5d,0xef,
    0x5d,0xef,0x3c,0xe7,0x5d,0xef,0x5d,0xef,0x5d,0xef,0x7d,0xef,0x7d,0xef,0x7d,0xef,
    0x9e,0xf7,0xbe,0xf7,0xbe,0xf7,0xdf,0xff,0x9e,0xf7,0x1c,0xe7,0xfb,0xde,0x1c,0xe7,
    0xdb,0xde,0xae,0x73,0x2c,0x63,0x4d,0x6b,0x6d,0x6b,0x8e,0x73,0xcf,0x7b,0xef,0x7b,
    0xeb,0x5a,0x49,0x4a,0x8a,0x52,0xeb,0x5a,0x0c,0x63,0x2c,0x63,0x6d,0x6b,0xcf,0x7b,
    0x8e,0x73,0xeb,0x5a,0xae,0x73,0xef,0x7b,0x30,0x84,0xf3,0x9c,0x9e,0xf7,0xff,0xff,
    0xff,0xff,0xff,0xff,0xff,0xff,0xff,0xff,0xff,0xff,0xff,0xff,0xff,0xff,0xff,0xff,
    0xff,0xff,0xff,0xff,0xff,0xff,0xff,0xff,0xff,0xff,0xff,0xff,0xff,0xff,0xff,0xff,
    0xff,0xff,0xff,0xff,0xff,0xff,0xff,0xff,0xff,0xff,0xff,0xff,0xff,0xff,0xff,0xff,
    0xff,0xff,0xff,0xff,0xff,0xff,0xff,0xff,0xff,0xff,0xff,0xff,0xff,0xff,0xff,0xff,
    0xff,0xff,0xf7,0xbd,0xb2,0x94,0x51,0x8c,0xae,0x73,0x6d,0x6b,0xd3,0x9c,0x59,0xce,
    0x18,0xc6,0x75,0xad,0x92,0x94,0x51,0x8c,0x51,0x8c,0x51,0x8c,0x92,0x94,0x92,0x94,
    0x51,0x8c,0x10,0x84,0xae,0x73,0xae,0x73,0xcf,0x7b,0x8e,0x73,0x9a,0xd6,0xff,0xff,
    0xbe,0xf7,0xbe,0xf7,0xbe,0xf7,0xff,0xff,0xff,0xff,0xff,0xff,0xff,0xff,0xff,0xff,
    0xff,0xff,0xff,0xff,0xff,0xff,0xff,0xff,0xff,0xff,0xff,0xff,0xff,0xff,0xff,0xff,
    0xff,0xff,0xff,0xff,0xff,0xff,0xff,0xff,0xff,0xff,0xff,0xff,0xff,0xff,0xff,0xff,
    0xff,0xff,0xff,0xff,0xff,0xff,0xff,0xff,0xff,0xff,0xff,0xff,0xff,0xff,0xff,0xff,
    0xff,0xff,0xff,0xff,0xff,0xff,0xff,0xff,0xff,0xff,0xff,0xff,0xff,0xff,0xdf,0xff,
    0xdf,0xff,0xdf,0xff,0xbe,0xf7,0xbe,0xf7,0xbe,0xf7,0xbe,0xf7,0xbe,0xf7,0xbe,0xf7,
    0xbe,0xf7,0xbe,0xf7,0xbe,0xf7,0xbe,0xf7,0xbe,0xf7,0xbe,0xf7,0x9e,0xf7,0x9e,0xf7,
    0x7d,0xef,0x5d,0xef,0x5d,0xef,0x3c,0xe7,0x3c,0xe7,0x3c,0xe7,0x3c,0xe7,0x3c,0xe7,
    0x3c,0xe7,0x1c,0xe7,0x1c,0xe7,0x1c,0xe7,0x1c,0xe7,0x3c,0xe7,0x5d,0xef,0x5d,0xef,
    0x5d,0xef,0x7d,0xef,0x9e,0xf7,0xbe,0xf7,0xbe,0xf7,0x3c,0xe7,0xfb,0xde,0xfb,0xde,
    0x3c,0xe7,0xf7,0xbd,0x0c,0x63,0x2c,0x63,0x4d,0x6b,0x4d,0x6b,0x8e,0x73,0xae,0x73,
    0xcf,0x7b,0xaa,0x52,0x49,0x4a,0xaa,0x52,0xeb,0x5a,0x0c,0x63,0x2c,0x63,0x4d,0x6b,
    0xae,0x73,0x0c,0x63,0x0c,0x63,0xcf,0x7b,0xef,0x7b,0x30,0x84,0x96,0xb5,0xff,0xff,
    0xff,0xff,0xff,0xff,0xff,0xff,0xff,0xff,0xff,0xff,0xff,0xff,0xff,0xff,0xff,0xff,
    0xff,0xff,0xff,0xff,0xff,0xff,0xff,0xff,0xff,0xff,0xff,0xff,0xff,0xff,0xff,0xff,
    0xff,0xff,0xff,0xff,0xff,0xff,0xff,0xff,0xff,0xff,0xff,0xff,0xff,0xff,0xff,0xff,
    0xff,0xff,0xff,0xff,0xff,0xff,0xff,0xff,0xff,0xff,0xff,0xff,0xff,0xff,0xff,0xff,
    0x79,0xce,0xf3,0x9c,0x71,0x8c,0xae,0x73,0x4d,0x6b,0xef,0x7b,0xf7,0xbd,0xd7,0xbd,
    0x14,0xa5,0x92,0x94,0x71,0x8c,0x71,0x8c,0x51,0x8c,0x92,0x94,0x71,0x8c,0x30,0x84,
    0x10,0x84,0xae,0x73,0xae,0x73,0xcf,0x7b,0x6d,0x6b,0x14,0xa5,0xdf,0xff,0x9e,0xf7,
    0xbe,0xf7,0x9e,0xf7,0xdf,0xff,0xff,0xff,0xff,0xff,0xff,0xff,0xff,0xff,0xff,0xff,
    0xff,0xff,0xff,0xff,0xff,0xff,0xff,0xff,0xff,0xff,0xff,0xff,0xff,0xff,0xff,0xff,
    0xff,0xff,0xff,0xff,0xff,0xff,0xff,0xff,0xff,0xff,0xff,0xff,0xff,0xff,0xff,0xff,
    0xff,0xff,0xff,0xff,0xff,0xff,0xff,0xff,0xff,0xff,0xff,0xff,0xff,0xff,0xff,0xff,
    0xff,0xff,0xff,0xff,0xff,0xff,0xff,0xff,0xff,0xff,0xff,0xff,0xff,0xff,0xdf,0xff,
    0xdf,0xff,0xbe,0xf7,0xbe,0xf7,0xbe,0xf7,0xbe,0xf7,0xbe,0xf7,0xbe,0xf7,0xbe,0xf7,
    0xbe,0xf7,0xbe,0xf7,0xbe,0xf7,0xbe,0xf7,0xbe,0xf7,0x9e,0xf7,0x7d,0xef,0x5d,0xef,
    0x5d,0xef,0x5d,0xef,0x5d,0xef,0x3c,0xe7,0x3c,0xe7,0x1c,0xe7,0x1c,0xe7,0x1c,0xe7,
    0xfb,0xde,0xfb,0xde,0xfb,0xde,0xfb,0xde,0x1c,0xe7,0xfb,0xde,0x1c,0xe7,0x3c,0xe7,
    0x3c,0xe7,0x5d,0xef,0x5d,0xef,0x7d,0xef,0xbe,0xf7,0x7d,0xef,0xfb,0xde,0xdb,0xde,
    0xdb,0xde,0x1c,0xe7,0x92,0x94,0xeb,0x5a,0x4d,0x6b,0x2c,0x63,0x4d,0x6b,0x8e,0x73,
    0xcf,0x7b,0x6d,0x6b,0x69,0x4a,0x69,0x4a,0xaa,0x52,0xcb,0x5a,0x0c,0x63,0x2c,0x63,
    0x6d,0x6b,0x6d,0x6b,0xaa,0x52,0x6d,0x6b,0xef,0x7b,0x10,0x84,0x51,0x8c,0x18,0xc6,
    0xff,0xff,0xff,0xff,0xff,0xff,0xff,0xff,0xff,0xff,0xff,0xff,0xff,0xff,0xff,0xff,
    0xff,0xff,0xff,0xff,0xff,0xff,0xff,0xff,0xff,0xff,0xff,0xff,0xff,0xff,0xff,0xff,
    0xff,0xff,0xff,0xff,0xff,0xff,0xff,0xff,0xff,0xff,0xff,0xff,0xff,0xff,0xff,0xff,
    0xff,0xff,0xff,0xff,0xff,0xff,0xff,0xff,0xff,0xff,0xff,0xff,0xff,0xff,0x3c,0xe7,
    0x55,0xad,0xb2,0x94,0xef,0x7b,0x6d,0x6b,0x6d,0x6b,0x14,0xa5,0x96,0xb5,0x92,0x94,
    0x71,0x8c,0x71,0x8c,0x71,0x8c,0x51,0x8c,0x71,0x8c,0x92,0x94,0x30,0x84,0xef,0x7b,
    0xcf,0x7b,0xcf,0x7b,0xcf,0x7b,0xae,0x73,0xcf,0x7b,0x1c,0xe7,0x9e,0xf7,0x7d,0xef,
    0x7d,0xef,0xbe,0xf7,0xff,0xff,0xff,0xff,0xff,0xff,0xff,0xff,0xff,0xff,0xff,0xff,
    0xff,0xff,0xff,0xff,0xff,0xff,0xff,0xff,0xff,0xff,0xff,0xff,0xff,0xff,0xff,0xff,
    0xff,0xff,0xff,0xff,0xff,0xff,0xff,0xff,0xff,0xff,0xff,0xff,0xff,0xff,0xff,0xff,
    0xff,0xff,0xff,0xff,0xff,0xff,0xff,0xff,0xff,0xff,0xff,0xff,0xff,0xff,0xff,0xff,
    0xff,0xff,0xff,0xff,0xff,0xff,0xff,0xff,0xff,0xff,0xff,0xff,0xff,0xff,0xff,0xff,
    0xbe,0xf7,0xbe,0xf7,0xbe,0xf7,0xbe,0xf7,0xbe,0xf7,0xbe,0xf7,0xbe,0xf7,0xbe,0xf7,
    0x9e,0xf7,0xbe,0xf7,0x9e,0xf7,0xbe,0xf7,0x9e,0xf7,0x9e,0xf7,0x7d,0xef,0x5d,0xef,
    0x3c,0xe7,0x3c,0xe7,0x3c,0xe7,0x3c,0xe7,0x1c,0xe7,0x1c,0xe7,0x1c,0xe7,0xfb,0xde,
    0xfb,0xde,0xfb,0xde,0xdb,0xde,0xdb,0xde,0xfb,0xde,0xfb,0xde,0xfb,0xde,0xfb,0xde,
    0x1c,0xe7,0x1c,0xe7,0x3c,0xe7,0x3c,0xe7,0x7d,0xef,0x7d,0xef,0xfb,0xde,0xba,0xd6,
    0x9a,0xd6,0xdb,0xde,0x79,0xce,0x4d,0x6b,0xeb,0x5a,0x2c,0x63,0x2c,0x63,0x4d,0x6b,
    0x6d,0x6b,0x8e,0x73,0xeb,0x5a,0x69,0x4a,0x69,0x4a,0xaa,0x52,0xcb,0x5a,0x0c,0x63,
    0x2c,0x63,0x8e,0x73,0xeb,0x5a,0xcb,0x5a,0x8e,0x73,0xef,0x7b,0x10,0x84,0x92,0x94,
    0xdb,0xde,0xff,0xff,0xff,0xff,0xff,0xff,0xff,0xff,0xff,0xff,0xff,0xff,0xff,0xff,
    0xff,0xff,0xff,0xff,0xff,0xff,0xff,0xff,0xff,0xff,0xff,0xff,0xff,0xff,0xff,0xff,
    0xff,0xff,0xff,0xff,0xff,0xff,0xff,0xff,0xff,0xff,0xff,0xff,0xff,0xff,0xff,0xff,
    0xff,0xff,0xff,0xff,0xff,0xff,0xff,0xff,0xff,0xff,0xff,0xff,0x9e,0xf7,0x96,0xb5,
    0xd3,0x9c,0x30,0x84,0x8e,0x73,0x8e,0x73,0x30,0x84,0x34,0xa5,0x71,0x8c,0x71,0x8c,
    0x71,0x8c,0x71,0x8c,0x51,0x8c,0x51,0x8c,0x92,0x94,0x51,0x8c,0xef,0x7b,0xcf,0x7b,
    0xcf,0x7b,0xcf,0x7b,0xcf,0x7b,0x4d,0x6b,0x96,0xb5,0xbe,0xf7,0x5d,0xef,0x3c,0xe7,
    0x3c,0xe7,0xff,0xff,0xff,0xff,0xff,0xff,0xff,0xff,0xff,0xff,0xff,0xff,0xff,0xff,
    0xff,0xff,0xff,0xff,0xff,0xff,0xff,0xff,0xff,0xff,0xff,0xff,0xff,0xff,0xff,0xff,
    0xff,0xff,0xff,0xff,0xff,0xff,0xff,0xff,0xff,0xff,0xff,0xff,0xff,0xff,0xff,0xff,
    0xff,0xff,0xff,0xff,0xff,0xff,0xff,0xff,0xff,0xff,0xff,0xff,0xff,0xff,0xff,0xff,
    0xff,0xff,0xff,0xff,0xff,0xff,0xff,0xff,0xff,0xff,0xff,0xff,0xff,0xff,0xff,0xff,
    0xdf,0xff,0x9e,0xf7,0xbe,0xf7,0xbe,0xf7,0xbe,0xf7,0xbe,0xf7,0xbe,0xf7,0x9e,0xf7,
    0x9e,0xf7,0x9e,0xf7,0x9e,0xf7,0x9e,0xf7,0x9e,0xf7,0x7d,0xef,0x7d,0xef,0x5d,0xef,
    0x3c,0xe7,0x3c,0xe7,0x1c,0xe7,0x1c,0xe7,0x1c,0xe7,0xfb,0xde,0xfb,0xde,0xdb,0xde,
    0xdb,0xde,0xdb,0xde,0xba,0xd6,0xba,0xd6,0xba,0xd6,0xba,0xd6,0xdb,0xde,0xdb,0xde,
    0xdb,0xde,0xdb,0xde,0xfb,0xde,0x1c,0xe7,0x3c,0xe7,0x3c,0xe7,0x1c,0xe7,0xba,0xd6,
    0x9a,0xd6,0x9a,0xd6,0xfb,0xde,0xd3,0x9c,0xaa,0x52,0x0c,0x63,0x2c,0x63,0x2c,0x63,
    0x4d,0x6b,0x8e,0x73,0x6d,0x6b,0xaa,0x52,0x69,0x4a,0x69,0x4a,0x8a,0x52,0xeb,0x5a,
    0x0c,0x63,0x2c,0x63,0x4d,0x6b,0x8a,0x52,0xeb,0x5a,0xae,0x73,0xef,0x7b,0x51,0x8c,
    0x14,0xa5,0x9e,0xf7,0xff,0xff,0xff,0xff,0xff,0xff,0xff,0xff,0xff,0xff,0xff,0xff,
    0xff,0xff,0xff,0xff,0xff,0xff,0xff,0xff,0xff,0xff,0xff,0xff,0xff,0xff,0xff,0xff,
    0xff,0xff,0xff,0xff,0xff,0xff,0xff,0xff,0xff,0xff,0xff,0xff,0xff,0xff,0xff,0xff,
    0xff,0xff,0xff,0xff,0xff,0xff,0xff,0xff,0xff,0xff,0xff,0xff,0xf7,0xbd,0xd3,0x9c,
    0x71,0x8c,0xae,0x73,0xae,0x73,0xef,0x7b,0xb2,0x94,0xb2,0x94,0x71,0x8c,0x71,0x8c,
    0x71,0x8c,0x51,0x8c,0x51,0x8c,0x71,0x8c,0x51,0x8c,0xef,0x7b,0xcf,0x7b,0xef,0x7b,
    0x10,0x84,0xef,0x7b,0xae,0x73,0xcf,0x7b,0xfb,0xde,0x3c,0xe7,0x3c,0xe7,0x1c,0xe7,
    0x7d,0xef,0xff,0xff,0xff,0xff,0xff,0xff,0xff,0xff,0xff,0xff,0xff,0xff,0xff,0xff,
    0xff,0xff,0xff,0xff,0xff,0xff,0xff,0xff,0xff,0xff,0xff,0xff,0xff,0xff,0xff,0xff,
    0xff,0xff,0xff,0xff,0xff,0xff,0xff,0xff,0xff,0xff,0xff,0xff,0xff,0xff,0xff,0xff,
    0xff,0xff,0xff,0xff,0xff,0xff,0xff,0xff,0xff,0xff,0xff,0xff,0xff,0xff,0xff,0xff,
    0xff,0xff,0xff,0xff,0xff,0xff,0xff,0xff,0xff,0xff,0xff,0xff,0xff,0xff,0xff,0xff,
    0xff,0xff,0x9e,0xf7,0x9e,0xf7,0x9e,0xf7,0x9e,0xf7,0x9e,0xf7,0x9e,0xf7,0x9e,0xf7,
    0x9e,0xf7,0x9e,0xf7,0x9e,0xf7,0x9e,0xf7,0x7d,0xef,0x7d,0xef,0x5d,0xef,0x3c,0xe7,
    0x3c,0xe7,0x3c,0xe7,0x1c,0xe7,0xfb,0xde,0xfb,0xde,0xfb,0xde,0xdb,0xde,0xdb,0xde,
    0xdb,0xde,0xba,0xd6,0xba,0xd6,0xba,0xd6,0xba,0xd6,0x9a,0xd6,0xba,0xd6,0xba,0xd6,
    0xba,0xd6,0xdb,0xde,0xba,0xd6,0xdb,0xde,0xfb,0xde,0xfb,0xde,0xdb,0xde,0xba,0xd6,
    0x9a,0xd6,0x79,0xce,0x79,0xce,0x59,0xce,0x2c,0x63,0xcb,0x5a,0x0c,0x63,0x2c,0x63,
    0x4d,0x6b,0x4d,0x6b,0x8e,0x73,0x2c,0x63,0x69,0x4a,0x49,0x4a,0x49,0x4a,0xaa,0x52,
    0xcb,0x5a,0xeb,0x5a,0x2c,0x63,0xcb,0x5a,0x8a,0x52,0x4d,0x6b,0xcf,0x7b,0x10,0x84,
    0x92,0x94,0xb6,0xb5,0xdf,0xff,0xff,0xff,0xff,0xff,0xff,0xff,0xff,0xff,0xff,0xff,
    0xff,0xff,0xff,0xff,0xff,0xff,0xff,0xff,0xff,0xff,0xff,0xff,0xff,0xff,0xff,0xff,
    0xff,0xff,0xff,0xff,0xff,0xff,0xff,0xff,0xff,0xff,0xff,0xff,0xff,0xff,0xff,0xff,
    0xff,0xff,0xff,0xff,0xff,0xff,0xff,0xff,0xff,0xff,0x9a,0xd6,0xf3,0x9c,0x71,0x8c,
    0xcf,0x7b,0xae,0x73,0xef,0x7b,0xcf,0x7b,0xb2,0x94,0x92,0x94,0x71,0x8c,0x71,0x8c,
    0x51,0x8c,0x30,0x84,0x71,0x8c,0x51,0x8c,0xef,0x7b,0xcf,0x7b,0xcf,0x7b,0x10,0x84,
    0x10,0x84,0xcf,0x7b,0x4d,0x6b,0x34,0xa5,0x5d,0xef,0xdb,0xde,0xdb,0xde,0xdb,0xde,
    0xdf,0xff,0xff,0xff,0xff,0xff,0xff,0xff,0xff,0xff,0xff,0xff,0xff,0xff,0xff,0xff,
    0xff,0xff,0xff,0xff,0xff,0xff,0xff,0xff,0xff,0xff,0xff,0xff,0xff,0xff,0xff,0xff,
    0xff,0xff,0xff,0xff,0xff,0xff,0xff,0xff,0xff,0xff,0xff,0xff,0xff,0xff,0xff,0xff,
    0xff,0xff,0xff,0xff,0xff,0xff,0xff,0xff,0xff,0xff,0xff,0xff,0xff,0xff,0xff,0xff,
    0xff,0xff,0xff,0xff,0xff,0xff,0xff,0xff,0xff,0xff,0xff,0xff,0xff,0xff,0xff,0xff,
    0xff,0xff,0xbe,0xf7,0x7d,0xef,0x7d,0xef,0x7d,0xef,0x7d,0xef,0x5d,0xef,0x5d,0xef,
    0x5d,0xef,0x7d,0xef,0x7d,0xef,0x7d,0xef,0x7d,0xef,0x5d,0xef,0x5d,0xef,0x3c,0xe7,
    0x3c,0xe7,0x1c,0xe7,0xfb,0xde,0xdb,0xde,0xdb,0xde,0xdb,0xde,0xdb,0xde,0xba,0xd6,
    0xba,0xd6,0x9a,0xd6,0x9a,0xd6,0x9a,0xd6,0x9a,0xd6,0x9a,0xd6,0x9a,0xd6,0x9a,0xd6,
    0x9a,0xd6,0x9a,0xd6,0x9a,0xd6,0x9a,0xd6,0x9a,0xd6,0xba,0xd6,0xba,0xd6,0x9a,0xd6,
    0x79,0xce,0x59,0xce,0x59,0xce,0xba,0xd6,0x92,0x94,0xaa,0x52,0x0c,0x63,0x0c,0x63,
    0x2c,0x63,0x2c,0x63,0x6d,0x6b,0x8e,0x73,0xaa,0x52,0x49,0x4a,0x49,0x4a,0x69,0x4a,
    0x8a,0x52,0xcb,0x5a,0x0c,0x63,0x0c,0x63,0x8a,0x52,0xcb,0x5a,0x6d,0x6b,0xef,0x7b,
    0x51,0x8c,0xb2,0x94,0x9a,0xd6,0xff,0xff,0xff,0xff,0xff,0xff,0xff,0xff,0xff,0xff,
    0xff,0xff,0xff,0xff,0xff,0xff,0xff,0xff,0xff,0xff,0xff,0xff,0xff,0xff,0xff,0xff,
    0xff,0xff,0xff,0xff,0xff,0xff,0xff,0xff,0xff,0xff,0xff,0xff,0xff,0xff,0xff,0xff,
    0xff,0xff,0xff,0xff,0xff,0xff,0xff,0xff,0x7d,0xef,0x34,0xa5,0x92,0x94,0xef,0x7b,
    0x8e,0x73,0xef,0x7b,0x4d,0x6b,0xcf,0x7b,0xd3,0x9c,0x92,0x94,0x71,0x8c,0x51,0x8c,
    0x10,0x84,0x51,0x8c,0x51,0x8c,0x10,0x84,0xcf,0x7b,0xcf,0x7b,0xef,0x7b,0x10,0x84,
    0xef,0x7b,0xae,0x73,0x8e,0x73,0x79,0xce,0xfb,0xde,0xba,0xd6,0x9a,0xd6,0x1c,0xe7,
    0xff,0xff,0xff,0xff,0xff,0xff,0xff,0xff,0xff,0xff,0xff,0xff,0xff,0xff,0xff,0xff,
    0xff,0xff,0xff,0xff,0xff,0xff,0xff,0xff,0xff,0xff,0xff,0xff,0xff,0xff,0xff,0xff,
    0xff,0xff,0xff,0xff,0xff,0xff,0xff,0xff,0xff,0xff,0xff,0xff,0xff,0xff,0xff,0xff,
    0xff,0xff,0xff,0xff,0xff,0xff,0xff,0xff,0xff,0xff,0xff,0xff,0xff,0xff,0xff,0xff,
    0xff,0xff,0xff,0xff,0xff,0xff,0xff,0xff,0xff,0xff,0xff,0xff,0xff,0xff,0xff,0xff,
    0xff,0xff,0xff,0xff,0x7d,0xef,0x7d,0xef,0x5d,0xef,0x5d,0xef,0x3c,0xe7,0x1c,0xe7,
    0xfb,0xde,0xfb,0xde,0xfb,0xde,0xfb,0xde,0x1c,0xe7,0x3c,0xe7,0x3c,0xe7,0x1c,0xe7,
    0xfb,0xde,0xfb,0xde,0xfb,0xde,0xdb,0xde,0xba,0xd6,0xba,0xd6,0xba,0xd6,0x9a,0xd6,
    0x9a,0xd6,0x9a,0xd6,0x9a,0xd6,0x79,0xce,0x79,0xce,0x79,0xce,0x9a,0xd6,0x79,0xce,
    0x79,0xce,0x79,0xce,0x79,0xce,0x59,0xce,0x59,0xce,0x79,0xce,0x9a,0xd6,0x79,0xce,
    0x38,0xc6,0x59,0xce,0x59,0xce,0x79,0xce,0xd7,0xbd,0xcb,0x5a,0xeb,0x5a,0x0c,0x63,
    0x0c,0x63,0x2c,0x63,0x4d,0x6b,0x8e,0x73,0x2c,0x63,0x49,0x4a,0x69,0x4a,0x69,0x4a,
    0x69,0x4a,0xaa,0x52,0xeb,0x5a,0x0c,0x63,0xaa,0x52,0xaa,0x52,0x0c,0x63,0xae,0x73,
    0xef,0x7b,0x71,0x8c,0xf3,0x9c,0x5d,0xef,0xff,0xff,0xff,0xff,0xff,0xff,0xff,0xff,
    0xff,0xff,0xff,0xff,0xff,0xff,0xff,0xff,0xff,0xff,0xff,0xff,0xff,0xff,0xff,0xff,
    0xff,0xff,0xff,0xff,0xff,0xff,0xff,0xff,0xff,0xff,0xff,0xff,0xff,0xff,0xff,0xff,
    0xff,0xff,0xff,0xff,0xff,0xff,0xff,0xff,0xf7,0xbd,0xd3,0x9c,0x30,0x84,0xcf,0x7b,
    0x10,0x84,0x6d,0x6b,0xeb,0x5a,0x71,0x8c,0x92,0x94,0x71,0x8c,0x71,0x8c,0x30,0x84,
    0x51,0x8c,0x51,0x8c,0x10,0x84,0xcf,0x7b,0xcf,0x7b,0xef,0x7b,0x30,0x84,0xef,0x7b,
    0xcf,0x7b,0x8e,0x73,0x30,0x84,0xdb,0xde,0x9a,0xd6,0xba,0xd6,0x79,0xce,0x7d,0xef,
    0xff,0xff,0xff,0xff,0xff,0xff,0xff,0xff,0xff,0xff,0xff,0xff,0xff,0xff,0xff,0xff,
    0xff,0xff,0xff,0xff,0xff,0xff,0xff,0xff,0xff,0xff,0xff,0xff,0xff,0xff,0xff,0xff,
    0xff,0xff,0xff,0xff,0xff,0xff,0xff,0xff,0xff,0xff,0xff,0xff,0xff,0xff,0xff,0xff,
    0xff,0xff,0xff,0xff,0xff,0xff,0xff,0xff,0xff,0xff,0xff,0xff,0xff,0xff,0xff,0xff,
    0xff,0xff,0xff,0xff,0xff,0xff,0xff,0xff,0xff,0xff,0xff,0xff,0xff,0xff,0xff,0xff,
    0xff,0xff,0xff,0xff,0x9e,0xf7,0x5d,0xef,0x5d,0xef,0x3c,0xe7,0x3c,0xe7,0x1c,0xe7,
    0xfb,0xde,0xdb,0xde,0xdb,0xde,0xba,0xd6,0x9a,0xd6,0x9a,0xd6,0x9a,0xd6,0xba,0xd6,
    0xdb,0xde,0xdb,0xde,0xdb,0xde,0xba,0xd6,0x9a,0xd6,0x9a,0xd6,0x9a,0xd6,0x79,0xce,
    0x79,0xce,0x79,0xce,0x79,0xce,0x79,0xce,0x79,0xce,0x79,0xce,0x79,0xce,0x79,0xce,
    0x59,0xce,0x59,0xce,0x59,0xce,0x59,0xce,0x38,0xc6,0x38,0xc6,0x59,0xce,0x59,0xce,
    0x18,0xc6,0x18,0xc6,0x38,0xc6,0x38,0xc6,0x59,0xce,0x8e,0x73,0xcb,0x5a,0x0c,0x63,
    0x0c,0x63,0x0c,0x63,0x2c,0x63,0x4d,0x6b,0x6d,0x6b,0xaa,0x52,0x49,0x4a,0x69,0x4a,
    0x69,0x4a,0x8a,0x52,0xaa,0x52,0x0c,0x63,0xcb,0x5a,0x69,0x4a,0xaa,0x52,0x4d,0x6b,
    0x8e,0x73,0x10,0x84,0x71,0x8c,0xb6,0xb5,0xff,0xff,0xff,0xff,0xff,0xff,0xff,0xff,
    0xff,0xff,0xff,0xff,0xff,0xff,0xff,0xff,0xff,0xff,0xff,0xff,0xff,0xff,0xff,0xff,
    0xff,0xff,0xff,0xff,0xff,0xff,0xff,0xff,0xff,0xff,0xff,0xff,0xff,0xff,0xff,0xff,
    0xff,0xff,0xff,0xff,0xff,0xff,0xdb,0xde,0x14,0xa5,0x71,0x8c,0xef,0x7b,0x30,0x84,
    0x8e,0x73,0xcb,0x5a,0x8e,0x73,0x92,0x94,0x51,0x8c,0x71,0x8c,0x51,0x8c,0x51,0x8c,
    0x71,0x8c,0x10,0x84,0xef,0x7b,0xcf,0x7b,0xef,0x7b,0x10,0x84,0x10,0x84,0xcf,0x7b,
    0xcf,0x7b,0x2c,0x63,0x34,0xa5,0xdb,0xde,0x79,0xce,0x9a,0xd6,0x79,0xce,0xdf,0xff,
    0xff,0xff,0xff,0xff,0xff,0xff,0xff,0xff,0xff,0xff,0xff,0xff,0xff,0xff,0xff,0xff,
    0xff,0xff,0xff,0xff,0xff,0xff,0xff,0xff,0xff,0xff,0xff,0xff,0xff,0xff,0xff,0xff,
    0xff,0xff,0xff,0xff,0xff,0xff,0xff,0xff,0xff,0xff,0xff,0xff,0xff,0xff,0xff,0xff,
    0xff,0xff,0xff,0xff,0xff,0xff,0xff,0xff,0xff,0xff,0xff,0xff,0xff,0xff,0xff,0xff,
    0xff,0xff,0xff,0xff,0xff,0xff,0xff,0xff,0xff,0xff,0xff,0xff,0xff,0xff,0xff,0xff,
    0xff,0xff,0xff,0xff,0x9e,0xf7,0x3c,0xe7,0x3c,0xe7,0x1c,0xe7,0x1c,0xe7,0xfb,0xde,
    0xfb,0xde,0xdb,0xde,0xba,0xd6,0x9a,0xd6,0x79,0xce,0x59,0xce,0x38,0xc6,0x18,0xc6,
    0x38,0xc6,0x38,0xc6,0x79,0xce,0x9a,0xd6,0x9a,0xd6,0x79,0xce,0x79,0xce,0x79,0xce,
    0x59,0xce,0x59,0xce,0x59,0xce,0x59,0xce,0x59,0xce,0x59,0xce,0x59,0xce,0x59,0xce,
    0x38,0xc6,0x38,0xc6,0x38,0xc6,0x38,0xc6,0x18,0xc6,0x18,0xc6,0x18,0xc6,0x18,0xc6,
    0x18,0xc6,0x18,0xc6,0xd7,0xbd,0xf7,0xbd,0x59,0xce,0x92,0x94,0x8a,0x52,0xeb,0x5a,
    0xeb,0x5a,0xeb,0x5a,0x0c,0x63,0x2c,0x63,0x4d,0x6b,0x0c,0x63,0x49,0x4a,0x69,0x4a,
    0x69,0x4a,0x49,0x4a,0x8a,0x52,0xcb,0x5a,0xeb,0x5a,0x69,0x4a,0x8a,0x52,0xcb,0x5a,
    0x4d,0x6b,0xae,0x73,0x51,0x8c,0xd3,0x9c,0xba,0xd6,0xff,0xff,0xff,0xff,0xff,0xff,
    0xff,0xff,0xff,0xff,0xff,0xff,0xff,0xff,0xff,0xff,0xff,0xff,0xff,0xff,0xff,0xff,
    0xff,0xff,0xff,0xff,0xff,0xff,0xff,0xff,0xff,0xff,0xff,0xff,0xff,0xff,0xff,0xff,
    0xff,0xff,0xff,0xff,0xbe,0xf7,0x75,0xad,0xb2,0x94,0x10,0x84,0x51,0x8c,0xcf,0x7b,
    0xcb,0x5a,0xcb,0x5a,0xef,0x7b,0x51,0x8c,0x71,0x8c,0x51,0x8c,0x51,0x8c,0x71,0x8c,
    0x30,0x84,0x10,0x84,0xef,0x7b,0xef,0x7b,0x10,0x84,0x10,0x84,0xef,0x7b,0xae,0x73,
    0x6d,0x6b,0x0c,0x63,0xf7,0xbd,0x9a,0xd6,0x59,0xce,0x59,0xce,0x9a,0xd6,0xff,0xff,
    0xff,0xff,0xff,0xff,0xff,0xff,0xff,0xff,0xff,0xff,0xff,0xff,0xff,0xff,0xff,0xff,
    0xff,0xff,0xff,0xff,0xff,0xff,0xff,0xff,0xff,0xff,0xff,0xff,0xff,0xff,0xff,0xff,
    0xff,0xff,0xff,0xff,0xff,0xff,0xff,0xff,0xff,0xff,0xff,0xff,0xff,0xff,0xff,0xff,
    0xff,0xff,0xff,0xff,0xff,0xff,0xff,0xff,0xff,0xff,0xff,0xff,0xff,0xff,0xff,0xff,
    0xff,0xff,0xff,0xff,0xff,0xff,0xff,0xff,0xff,0xff,0xff,0xff,0xff,0xff,0xff,0xff,
    0xff,0xff,0xff,0xff,0xbe,0xf7,0x3c,0xe7,0x3c,0xe7,0x1c,0xe7,0xfb,0xde,0xdb,0xde,
    0xdb,0xde,0xba,0xd6,0xba,0xd6,0x79,0xce,0x79,0xce,0x59,0xce,0x38,0xc6,0x18,0xc6,
    0x18,0xc6,0xf7,0xbd,0xd7,0xbd,0x18,0xc6,0x38,0xc6,0x59,0xce,0x59,0xce,0x38,0xc6,
    0x38,0xc6,0x38,0xc6,0x38,0xc6,0x38,0xc6,0x38,0xc6,0x38,0xc6,0x18,0xc6,0x18,0xc6,
    0x18,0xc6,0x18,0xc6,0x18,0xc6,0x18,0xc6,0xf7,0xbd,0xf7,0xbd,0xf7,0xbd,0xf7,0xbd,
    0x18,0xc6,0x18,0xc6,0xd7,0xbd,0xb6,0xb5,0xd7,0xbd,0x96,0xb5,0xaa,0x52,0xaa,0x52,
    0xcb,0x5a,0xeb,0x5a,0x0c,0x63,0x2c,0x63,0x2c,0x63,0x4d,0x6b,0xaa,0x52,0x49,0x4a,
    0x8a,0x52,0x69,0x4a,0x69,0x4a,0xaa,0x52,0xcb,0x5a,0x8a,0x52,0x69,0x4a,0x8a,0x52,
    0xeb,0x5a,0x6d,0x6b,0xef,0x7b,0x92,0x94,0x55,0xad,0x9e,0xf7,0xff,0xff,0xff,0xff,
    0xff,0xff,0xff,0xff,0xff,0xff,0xff,0xff,0xff,0xff,0xff,0xff,0xff,0xff,0xff,0xff,
    0xff,0xff,0xff,0xff,0xff,0xff,0xff,0xff,0xff,0xff,0xff,0xff,0xff,0xff,0xff,0xff,
    0xff,0xff,0xff,0xff,0x38,0xc6,0xd3,0x9c,0x30,0x84,0x30,0x84,0x30,0x84,0xeb,0x5a,
    0xaa,0x52,0xeb,0x5a,0x30,0x84,0x51,0x8c,0x71,0x8c,0x30,0x84,0x71,0x8c,0x51,0x8c,
    0x10,0x84,0x10,0x84,0xef,0x7b,0x10,0x84,0x30,0x84,0xef,0x7b,0xae,0x73,0x8e,0x73,
    0x0c,0x63,0x4d,0x6b,0x59,0xce,0x59,0xce,0x59,0xce,0x18,0xc6,0xdb,0xde,0xff,0xff,
    0xff,0xff,0xff,0xff,0xff,0xff,0xff,0xff,0xff,0xff,0xff,0xff,0xff,0xff,0xff,0xff,
    0xff,0xff,0xff,0xff,0xff,0xff,0xff,0xff,0xff,0xff,0xff,0xff,0xff,0xff,0xff,0xff,
    0xff,0xff,0xff,0xff,0xff,0xff,0xff,0xff,0xff,0xff,0xff,0xff,0xff,0xff,0xff,0xff,
    0xff,0xff,0xff,0xff,0xff,0xff,0xff,0xff,0xff,0xff,0xff,0xff,0xff,0xff,0xff,0xff,
    0xff,0xff,0xff,0xff,0xff,0xff,0xff,0xff,0xff,0xff,0xff,0xff,0xff,0xff,0xff,0xff,
    0xff,0xff,0xff,0xff,0xdf,0xff,0x3c,0xe7,0x1c,0xe7,0xfb,0xde,0xfb,0xde,0xdb,0xde,
    0xba,0xd6,0xba,0xd6,0x9a,0xd6,0x79,0xce,0x59,0xce,0x38,0xc6,0x18,0xc6,0xf7,0xbd,
    0xd7,0xbd,0xd7,0xbd,0xb6,0xb5,0x96,0xb5,0x75,0xad,0xb6,0xb5,0x18,0xc6,0x18,0xc6,
    0x18,0xc6,0xf7,0xbd,0xf7,0xbd,0xf7,0xbd,0x18,0xc6,0x18,0xc6,0x18,0xc6,0x18,0xc6,
    0xf7,0xbd,0xf7,0xbd,0xf7,0xbd,0xf7,0xbd,0xd7,0xbd,0xd7,0xbd,0xd7,0xbd,0xd7,0xbd,
    0xd7,0xbd,0xd7,0xbd,0xd7,0xbd,0xd7,0xbd,0x55,0xad,0x75,0xad,0x0c,0x63,0x8a,0x52,
    0xaa,0x52,0xeb,0x5a,0xeb,0x5a,0x0c,0x63,0x2c,0x63,0x4d,0x6b,0x0c,0x63,0x28,0x42,
    0x69,0x4a,0x8a,0x52,0x69,0x4a,0x69,0x4a,0xaa,0x52,0x69,0x4a,0x49,0x4a,0x8a,0x52,
    0xcb,0x5a,0x2c,0x63,0x8e,0x73,0x30,0x84,0xb2,0x94,0x59,0xce,0xff,0xff,0xff,0xff,
    0xff,0xff,0xff,0xff,0xff,0xff,0xff,0xff,0xff,0xff,0xff,0xff,0xff,0xff,0xff,0xff,
    0xff,0xff,0xff,0xff,0xff,0xff,0xff,0xff,0xff,0xff,0xff,0xff,0xff,0xff,0xff,0xff,
    0xff,0xff,0x7d,0xef,0x34,0xa5,0x71,0x8c,0x30,0x84,0x51,0x8c,0x0c,0x63,0xaa,0x52,
    0xaa,0x52,0x4d,0x6b,0x51,0x8c,0x71,0x8c,0x30,0x84,0x51,0x8c,0x71,0x8c,0x30,0x84,
    0x10,0x84,0xef,0x7b,0x10,0x84,0x51,0x8c,0x10,0x84,0xcf,0x7b,0x8e,0x73,0x4d,0x6b,
    0xcb,0x5a,0xcf,0x7b,0x59,0xce,0x18,0xc6,0x38,0xc6,0x18,0xc6,0x1c,0xe7,0xff,0xff,
    0xff,0xff,0xff,0xff,0xff,0xff,0xff,0xff,0xff,0xff,0xff,0xff,0xff,0xff,0xff,0xff,
    0xff,0xff,0xff,0xff,0xff,0xff,0xff,0xff,0xff,0xff,0xff,0xff,0xff,0xff,0xff,0xff,
    0xff,0xff,0xff,0xff,0xff,0xff,0xff,0xff,0xff,0xff,0xff,0xff,0xff,0xff,0xff,0xff,
    0xff,0xff,0xff,0xff,0xff,0xff,0xff,0xff,0xff,0xff,0xff,0xff,0xff,0xff,0xff,0xff,
    0xff,0xff,0xff,0xff,0xff,0xff,0xff,0xff,0xff,0xff,0xff,0xff,0xff,0xff,0xff,0xff,
    0xff,0xff,0xff,0xff,0xff,0xff,0x1c,0xe7,0xfb,0xde,0xfb,0xde,0xdb,0xde,0xba,0xd6,
    0xba,0xd6,0x9a,0xd6,0x79,0xce,0x59,0xce,0x59,0xce,0x38,0xc6,0x18,0xc6,0xf7,0xbd,
    0xd7,0xbd,0xb6,0xb5,0x96,0xb5,0x75,0xad,0x75,0xad,0x55,0xad,0x55,0xad,0xb6,0xb5,
    0xf7,0xbd,0xf7,0xbd,0xd7,0xbd,0xd7,0xbd,0xd7,0xbd,0xd7,0xbd,0xd7,0xbd,0xf7,0xbd,
    0xd7,0xbd,0xd7,0xbd,0xd7,0xbd,0xd7,0xbd,0xd7,0xbd,0xd7,0xbd,0xb6,0xb5,0xb6,0xb5,
    0xb6,0xb5,0xb6,0xb5,0xb6,0xb5,0xb6,0xb5,0x75,0xad,0x55,0xad,0x8a,0x52,0x28,0x42,
    0xcb,0x5a,0xaa,0x52,0xcb,0x5a,0xeb,0x5a,0x0c,0x63,0x2c,0x63,0x4d,0x6b,0x69,0x4a,
    0x49,0x4a,0x8a,0x52,0x8a,0x52,0x49,0x4a,0x8a,0x52,0x69,0x4a,0x28,0x42,0x69,0x4a,
    0xaa,0x52,0x0c,0x63,0x4d,0x6b,0xef,0x7b,0x92,0x94,0x14,0xa5,0x5d,0xef,0xff,0xff,
    0xff,0xff,0xff,0xff,0xff,0xff,0xff,0xff,0xff,0xff,0xff,0xff,0xff,0xff,0xff,0xff,
    0xff,0xff,0xff,0xff,0xff,0xff,0xff,0xff,0xff,0xff,0xff,0xff,0xff,0xff,0xff,0xff,
    0xff,0xff,0xf7,0xbd,0xd3,0x9c,0x30,0x84,0x92,0x94,0x8e,0x73,0x8a,0x52,0xcb,0x5a,
    0xaa,0x52,0xcf,0x7b,0x92,0x94,0x51,0x8c,0x30,0x84,0x92,0x94,0x71,0x8c,0x30,0x84,
    0x30,0x84,0x10,0x84,0x30,0x84,0x30,0x84,0xef,0x7b,0xae,0x73,0x4d,0x6b,0x2c,0x63,
    0x8a,0x52,0x30,0x84,0x59,0xce,0xf7,0xbd,0x18,0xc6,0xf7,0xbd,0x3c,0xe7,0xff,0xff,
    0xff,0xff,0xff,0xff,0xff,0xff,0xff,0xff,0xff,0xff,0xff,0xff,0xff,0xff,0xff,0xff,
    0xff,0xff,0xff,0xff,0xff,0xff,0xff,0xff,0xff,0xff,0xff,0xff,0xff,0xff,0xff,0xff,
    0xff,0xff,0xff,0xff,0xff,0xff,0xff,0xff,0xff,0xff,0xff,0xff,0xff,0xff,0xff,0xff,
    0xff,0xff,0xff,0xff,0xff,0xff,0xff,0xff,0xff,0xff,0xff,0xff,0xff,0xff,0xff,0xff,
    0xff,0xff,0xff,0xff,0xff,0xff,0xff,0xff,0xff,0xff,0xff,0xff,0xff,0xff,0xff,0xff,
    0xff,0xff,0xff,0xff,0xff,0xff,0x1c,0xe7,0xdb,0xde,0xdb,0xde,0xba,0xd6,0xba,0xd6,
    0x9a,0xd6,0x79,0xce,0x59,0xce,0x38,0xc6,0x18,0xc6,0x18,0xc6,0x18,0xc6,0xf7,0xbd,
    0xd7,0xbd,0xb6,0xb5,0x96,0xb5,0x75,0xad,0x55,0xad,0x55,0xad,0x55,0xad,0x34,0xa5,
    0x55,0xad,0xb6,0xb5,0xf7,0xbd,0xd7,0xbd,0xd7,0xbd,0xd7,0xbd,0xd7,0xbd,0xb6,0xb5,
    0xb6,0xb5,0xb6,0xb5,0xb6,0xb5,0xb6,0xb5,0xb6,0xb5,0x96,0xb5,0x96,0xb5,0x96,0xb5,
    0x96,0xb5,0x96,0xb5,0x96,0xb5,0x75,0xad,0x55,0xad,0x96,0xb5,0xeb,0x5a,0x04,0x21,
    0x8a,0x52,0xcb,0x5a,0xaa,0x52,0xeb,0x5a,0x0c,0x63,0x2c,0x63,0x4d,0x6b,0xeb,0x5a,
    0x08,0x42,0x69,0x4a,0x8a,0x52,0x69,0x4a,0x49,0x4a,0x69,0x4a,0x28,0x42,0x49,0x4a,
    0x69,0x4a,0xcb,0x5a,0x2c,0x63,0xae,0x73,0x30,0x84,0xb2,0x94,0xf7,0xbd,0xff,0xff,
    0xff,0xff,0xff,0xff,0xff,0xff,0xff,0xff,0xff,0xff,0xff,0xff,0xff,0xff,0xff,0xff,
    0xff,0xff,0xff,0xff,0xff,0xff,0xff,0xff,0xff,0xff,0xff,0xff,0xff,0xff,0xff,0xff,
    0x3c,0xe7,0xf3,0x9c,0x51,0x8c,0x92,0x94,0x10,0x84,0xaa,0x52,0xcb,0x5a,0xaa,0x52,
    0x0c,0x63,0x92,0x94,0x92,0x94,0x51,0x8c,0x92,0x94,0x92,0x94,0x51,0x8c,0x30,0x84,
    0x10,0x84,0x30,0x84,0x51,0x8c,0x10,0x84,0xcf,0x7b,0x8e,0x73,0x2c,0x63,0xeb,0x5a,
    0x69,0x4a,0x51,0x8c,0x38,0xc6,0xf7,0xbd,0x18,0xc6,0xd7,0xbd,0x5d,0xef,0xff,0xff,
    0xff,0xff,0xff,0xff,0xff,0xff,0xff,0xff,0xff,0xff,0xff,0xff,0xff,0xff,0xff,0xff,
    0xff,0xff,0xff,0xff,0xff,0xff,0xff,0xff,0xff,0xff,0xff,0xff,0xff,0xff,0xff,0xff,
    0xff,0xff,0xff,0xff,0xff,0xff,0xff,0xff,0xff,0xff,0xff,0xff,0xff,0xff,0xff,0xff,
    0xff,0xff,0xff,0xff,0xff,0xff,0xff,0xff,0xff,0xff,0xff,0xff,0xff,0xff,0xff,0xff,
    0xff,0xff,0xff,0xff,0xff,0xff,0xff,0xff,0xff,0xff,0xff,0xff,0xff,0xff,0xff,0xff,
    0xff,0xff,0xff,0xff,0xff,0xff,0x1c,0xe7,0x9a,0xd6,0xba,0xd6,0x9a,0xd6,0x79,0xce,
    0x59,0xce,0x79,0xce,0x38,0xc6,0x38,0xc6,0x18,0xc6,0xf7,0xbd,0xf7,0xbd,0xd7,0xbd,
    0xb6,0xb5,0x96,0xb5,0x96,0xb5,0x75,0xad,0x55,0xad,0x55,0xad,0x34,0xa5,0x14,0xa5,
    0x14,0xa5,0x14,0xa5,0x75,0xad,0xd7,0xbd,0xb6,0xb5,0xb6,0xb5,0xb6,0xb5,0xb6,0xb5,
    0x96,0xb5,0xb6,0xb5,0x96,0xb5,0x96,0xb5,0x96,0xb5,0x96,0xb5,0x96,0xb5,0x75,0xad,
    0x55,0xad,0x55,0xad,0x75,0xad,0x55,0xad,0x55,0xad,0x96,0xb5,0x6d,0x6b,0xe3,0x18,
    0x65,0x29,0x8a,0x52,0xeb,0x5a,0xeb,0x5a,0x0c,0x63,0x2c,0x63,0x4d,0x6b,0x4d,0x6b,
    0x28,0x42,0x28,0x42,0x69,0x4a,0x69,0x4a,0x49,0x4a,0x69,0x4a,0x28,0x42,0x49,0x4a,
    0x69,0x4a,0xaa,0x52,0xeb,0x5a,0x4d,0x6b,0xcf,0x7b,0x71,0x8c,0x14,0xa5,0x3c,0xe7,
    0xff,0xff,0xff,0xff,0xff,0xff,0xff,0xff,0xff,0xff,0xff,0xff,0xff,0xff,0xff,0xff,
    0xff,0xff,0xff,0xff,0xff,0xff,0xff,0xff,0xff,0xff,0xff,0xff,0xff,0xff,0xff,0xff,
    0xd7,0xbd,0x71,0x8c,0x51,0x8c,0x92,0x94,0x0c,0x63,0xcb,0x5a,0xcb,0x5a,0xeb,0x5a,
    0xae,0x73,0xb2,0x94,0x71,0x8c,0x71,0x8c,0xb2,0x94,0x71,0x8c,0x51,0x8c,0x30,0x84,
    0x30,0x84,0x71,0x8c,0x51,0x8c,0xef,0x7b,0xae,0x73,0x4d,0x6b,0x0c,0x63,0xcb,0x5a,
    0x49,0x4a,0x71,0x8c,0x38,0xc6,0xf7,0xbd,0xf7,0xbd,0xb6,0xb5,0x3c,0xe7,0xff,0xff,
    0xff,0xff,0xff,0xff,0xff,0xff,0xff,0xff,0xff,0xff,0xff,0xff,0xff,0xff,0xff,0xff,
    0xff,0xff,0xff,0xff,0xff,0xff,0xff,0xff,0xff,0xff,0xff,0xff,0xff,0xff,0xff,0xff,
    0xff,0xff,0xff,0xff,0xff,0xff,0xff,0xff,0xff,0xff,0xff,0xff,0xff,0xff,0xff,0xff,
    0xff,0xff,0xff,0xff,0xff,0xff,0xff,0xff,0xff,0xff,0xff,0xff,0xff,0xff,0xff,0xff,
    0xff,0xff,0xff,0xff,0xff,0xff,0xff,0xff,0xff,0xff,0xff,0xff,0xff,0xff,0xff,0xff,
    0xff,0xff,0xff,0xff,0xff,0xff,0xfb,0xde,0x79,0xce,0x79,0xce,0x59,0xce,0x38,0xc6,
    0x18,0xc6,0x18,0xc6,0x18,0xc6,0xf7,0xbd,0xf7,0xbd,0xd7,0xbd,0xd7,0xbd,0xb6,0xb5,
    0x96,0xb5,0x96,0xb5,0x96,0xb5,0x75,0xad,0x75,0xad,0x55,0xad,0x34,0xa5,0x14,0xa5,
    0xf3,0x9c,0xf3,0x9c,0xf3,0x9c,0x14,0xa5,0x96,0xb5,0x96,0xb5,0x96,0xb5,0x96,0xb5,
    0x96,0xb5,0x96,0xb5,0x96,0xb5,0x96,0xb5,0x75,0xad,0x75,0xad,0x75,0xad,0x55,0xad,
    0x55,0xad,0x55,0xad,0x55,0xad,0x34,0xa5,0x14,0xa5,0x55,0xad,0xcf,0x7b,0x24,0x21,
    0x65,0x29,0x65,0x29,0x8a,0x52,0x0c,0x63,0xeb,0x5a,0x0c,0x63,0x2c,0x63,0x6d,0x6b,
    0x8a,0x52,0xc7,0x39,0x69,0x4a,0x8a,0x52,0x69,0x4a,0x69,0x4a,0x28,0x42,0x49,0x4a,
    0x69,0x4a,0x8a,0x52,0xaa,0x52,0x0c,0x63,0x8e,0x73,0x30,0x84,0xb2,0x94,0xd7,0xbd,
    0xff,0xff,0xff,0xff,0xff,0xff,0xff,0xff,0xff,0xff,0xff,0xff,0xff,0xff,0xff,0xff,
    0xff,0xff,0xff,0xff,0xff,0xff,0xff,0xff,0xff,0xff,0xff,0xff,0xff,0xff,0x1c,0xe7,
    0xb2,0x94,0x30,0x84,0x92,0x94,0x8e,0x73,0xaa,0x52,0xcb,0x5a,0xcb,0x5a,0x4d,0x6b,
    0x10,0x84,0x92,0x94,0x51,0x8c,0xb2,0x94,0xb2,0x94,0x92,0x94,0x30,0x84,0x10,0x84,
    0x51,0x8c,0x51,0x8c,0x30,0x84,0xef,0x7b,0x8e,0x73,0x2c,0x63,0xcb,0x5a,0xaa,0x52,
    0x49,0x4a,0x92,0x94,0x18,0xc6,0xd7,0xbd,0xd7,0xbd,0xb6,0xb5,0x3c,0xe7,0xff,0xff,
    0xff,0xff,0xff,0xff,0xff,0xff,0xff,0xff,0xff,0xff,0xff,0xff,0xff,0xff,0xff,0xff,
    0xff,0xff,0xff,0xff,0xff,0xff,0xff,0xff,0xff,0xff,0xff,0xff,0xff,0xff,0xff,0xff,
    0xff,0xff,0xff,0xff,0xff,0xff,0xff,0xff,0xff,0xff,0xff,0xff,0xff,0xff,0xff,0xff,
    0xff,0xff,0xff,0xff,0xff,0xff,0xff,0xff,0xff,0xff,0xff,0xff,0xff,0xff,0xff,0xff,
    0xff,0xff,0xff,0xff,0xff,0xff,0xff,0xff,0xff,0xff,0xff,0xff,0xff,0xff,0xff,0xff,
    0xff,0xff,0xff,0xff,0xff,0xff,0x9a,0xd6,0x38,0xc6,0x38,0xc6,0x18,0xc6,0xf7,0xbd,
    0xf7,0xbd,0xd7,0xbd,0xd7,0xbd,0xb6,0xb5,0x96,0xb5,0xb6,0xb5,0x96,0xb5,0x75,0xad,
    0x96,0xb5,0x75,0xad,0x75,0xad,0x75,0xad,0x55,0xad,0x34,0xa5,0x14,0xa5,0x14,0xa5,
    0xf3,0x9c,0xd3,0x9c,0xd3,0x9c,0xb2,0x94,0xf3,0x9c,0x75,0xad,0x96,0xb5,0x75,0xad,
    0x75,0xad,0x75,0xad,0x75,0xad,0x75,0xad,0x75,0xad,0x55,0xad,0x55,0xad,0x55,0xad,
    0x55,0xad,0x34,0xa5,0x34,0xa5,0x34,0xa5,0x14,0xa5,0x34,0xa5,0x10,0x84,0x65,0x29,
    0x65,0x29,0x65,0x29,0x65,0x29,0x8a,0x52,0x0c,0x63,0x0c,0x63,0x2c,0x63,0x4d,0x6b,
    0x2c,0x63,0xe7,0x39,0x08,0x42,0x69,0x4a,0xaa,0x52,0x69,0x4a,0x28,0x42,0x49,0x4a,
    0x69,0x4a,0x8a,0x52,0xaa,0x52,0xeb,0x5a,0x4d,0x6b,0xef,0x7b,0x71,0x8c,0xf3,0x9c,
    0x3c,0xe7,0xff,0xff,0xff,0xff,0xff,0xff,0xff,0xff,0xff,0xff,0xff,0xff,0xff,0xff,
    0xff,0xff,0xff,0xff,0xff,0xff,0xff,0xff,0xff,0xff,0xff,0xff,0xff,0xff,0xd7,0xbd,
    0x51,0x8c,0x71,0x8c,0x30,0x84,0xcb,0x5a,0xcb,0x5a,0xaa,0x52,0x4d,0x6b,0x8e,0x73,
    0x30,0x84,0x71,0x8c,0x71,0x8c,0xb2,0x94,0x92,0x94,0x71,0x8c,0x30,0x84,0x30,0x84,
    0x51,0x8c,0x30,0x84,0x10,0x84,0xae,0x73,0x6d,0x6b,0x0c,0x63,0xaa,0x52,0xaa,0x52,
    0x69,0x4a,0x92,0x94,0xd7,0xbd,0xb6,0xb5,0xd7,0xbd,0xb6,0xb5,0x1c,0xe7,0xff,0xff,
    0xff,0xff,0xff,0xff,0xff,0xff,0xff,0xff,0xff,0xff,0xff,0xff,0xff,0xff,0xff,0xff,
    0xff,0xff,0xff,0xff,0xff,0xff,0xff,0xff,0xff,0xff,0xff,0xff,0xff,0xff,0xff,0xff,
    0xff,0xff,0xff,0xff,0xff,0xff,0xff,0xff,0xff,0xff,0xff,0xff,0xff,0xff,0xff,0xff,
    0xff,0xff,0xff,0xff,0xff,0xff,0xff,0xff,0xff,0xff,0xff,0xff,0xff,0xff,0xff,0xff,
    0xff,0xff,0xff,0xff,0xff,0xff,0xff,0xff,0xff,0xff,0xff,0xff,0xff,0xff,0xff,0xff,
    0xff,0xff,0xff,0xff,0xff,0xff,0x38,0xc6,0xf7,0xbd,0xf7,0xbd,0xd7,0xbd,0xd7,0xbd,
    0xb6,0xb5,0x96,0xb5,0x75,0xad,0x75,0xad,0x75,0xad,0x75,0xad,0x75,0xad,0x55,0xad,
    0x55,0xad,0x55,0xad,0x55,0xad,0x34,0xa5,0x34,0xa5,0x14,0xa5,0x14,0xa5,0xf3,0x9c,
    0xd3,0x9c,0xd3,0x9c,0xb2,0x94,0xb2,0x94,0x92,0x94,0xb2,0x94,0x55,0xad,0x75,0xad,
    0x75,0xad,0x55,0xad,0x55,0xad,0x55,0xad,0x55,0xad,0x55,0xad,0x34,0xa5,0x34,0xa5,
    0x34,0xa5,0x34,0xa5,0x14,0xa5,0x14,0xa5,0xf3,0x9c,0x34,0xa5,0x10,0x84,0xe7,0x39,
    0x86,0x31,0x65,0x29,0x24,0x21,0x65,0x29,0xaa,0x52,0x2c,0x63,0x2c,0x63,0x2c,0x63,
    0x4d,0x6b,0x69,0x4a,0xc7,0x39,0x49,0x4a,0x8a,0x52,0x8a,0x52,0x28,0x42,0x28,0x42,
    0x49,0x4a,0x69,0x4a,0x8a,0x52,0xaa,0x52,0x2c,0x63,0x8e,0x73,0x10,0x84,0x92,0x94,
    0xf7,0xbd,0xff,0xff,0xff,0xff,0xff,0xff,0xff,0xff,0xff,0xff,0xff,0xff,0xff,0xff,
    0xff,0xff,0xff,0xff,0xff,0xff,0xff,0xff,0xff,0xff,0xff,0xff,0x5d,0xef,0xd3,0x9c,
    0x51,0x8c,0x92,0x94,0x4d,0x6b,0xaa,0x52,0xaa,0x52,0x0c,0x63,0xcf,0x7b,0x8e,0x73,
    0x51,0x8c,0x71,0x8c,0xd3,0x9c,0xd3,0x9c,0x92,0x94,0x51,0x8c,0x10,0x84,0x51,0x8c,
    0x30,0x84,0x30,0x84,0xcf,0x7b,0x6d,0x6b,0x4d,0x6b,0xcb,0x5a,0xaa,0x52,0xaa,0x52,
    0x69,0x4a,0x51,0x8c,0xb6,0xb5,0x96,0xb5,0xd7,0xbd,0xb6,0xb5,0xba,0xd6,0xff,0xff,
    0xff,0xff,0xff,0xff,0xff,0xff,0xff,0xff,0xff,0xff,0xff,0xff,0xff,0xff,0xff,0xff,
    0xff,0xff,0xff,0xff,0xff,0xff,0xff,0xff,0xff,0xff,0xff,0xff,0xff,0xff,0xff,0xff,
    0xff,0xff,0xff,0xff,0xff,0xff,0xff,0xff,0xff,0xff,0xff,0xff,0xff,0xff,0xff,0xff,
    0xff,0xff,0xff,0xff,0xff,0xff,0xff,0xff,0xff,0xff,0xff,0xff,0xff,0xff,0xff,0xff,
    0xff,0xff,0xff,0xff,0xff,0xff,0xff,0xff,0xff,0xff,0xff,0xff,0xff,0xff,0xff,0xff,
    0xff,0xff,0xff,0xff,0xbe,0xf7,0xd7,0xbd,0xb6,0xb5,0xb6,0xb5,0x96,0xb5,0x96,0xb5,
    0x75,0xad,0x55,0xad,0x34,0xa5,0x34,0xa5,0x34,0xa5,0x14,0xa5,0x34,0xa5,0x14,0xa5,
    0x14,0xa5,0x14,0xa5,0x14,0xa5,0x14,0xa5,0x14,0xa5,0x14,0xa5,0xf3,0x9c,0xf3,0x9c,
    0xf3,0x9c,0xd3,0x9c,0xb2,0x94,0x92,0x94,0x92,0x94,0x71,0x8c,0x92,0x94,0x34,0xa5,
    0x55,0xad,0x34,0xa5,0x34,0xa5,0x34,0xa5,0x14,0xa5,0x34,0xa5,0x34,0xa5,0x34,0xa5,
    0x14,0xa5,0x14,0xa5,0x14,0xa5,0x14,0xa5,0xf3,0x9c,0x34,0xa5,0xef,0x7b,0xe7,0x39,
    0xc7,0x39,0x45,0x29,0x45,0x29,0x24,0x21,0x86,0x31,0xeb,0x5a,0x2c,0x63,0x2c,0x63,
    0x4d,0x6b,0xeb,0x5a,0xc7,0x39,0x28,0x42,0x69,0x4a,0x8a,0x52,0x49,0x4a,0x28,0x42,
    0x49,0x4a,0x69,0x4a,0x8a,0x52,0x8a,0x52,0xeb,0x5a,0x4d,0x6b,0xcf,0x7b,0x51,0x8c,
    0xf3,0x9c,0x3c,0xe7,0xff,0xff,0xff,0xff,0xff,0xff,0xff,0xff,0xff,0xff,0xff,0xff,
    0xff,0xff,0xff,0xff,0xff,0xff,0xff,0xff,0xff,0xff,0xff,0xff,0x18,0xc6,0x71,0x8c,
    0x92,0x94,0xef,0x7b,0xcb,0x5a,0xaa,0x52,0xaa,0x52,0x8e,0x73,0xcf,0x7b,0xae,0x73,
    0x30,0x84,0x92,0x94,0xf3,0x9c,0xd3,0x9c,0x92,0x94,0x30,0x84,0x30,0x84,0x30,0x84,
    0x30,0x84,0x10,0x84,0x8e,0x73,0x4d,0x6b,0xeb,0x5a,0xaa,0x52,0xaa,0x52,0xaa,0x52,
    0x69,0x4a,0x10,0x84,0xb6,0xb5,0x96,0xb5,0xb6,0xb5,0x96,0xb5,0x38,0xc6,0xff,0xff,
    0xff,0xff,0xff,0xff,0xff,0xff,0xff,0xff,0xff,0xff,0xff,0xff,0xff,0xff,0xff,0xff,
    0xff,0xff,0xff,0xff,0xff,0xff,0xff,0xff,0xff,0xff,0xff,0xff,0xff,0xff,0xff,0xff,
    0xff,0xff,0xff,0xff,0xff,0xff,0xff,0xff,0xff,0xff,0xff,0xff,0xff,0xff,0xff,0xff,
    0xff,0xff,0xff,0xff,0xff,0xff,0xff,0xff,0xff,0xff,0xff,0xff,0xff,0xff,0xff,0xff,
    0xff,0xff,0xff,0xff,0xff,0xff,0xff,0xff,0xff,0xff,0xff,0xff,0xff,0xff,0xff,0xff,
    0xff,0xff,0xff,0xff,0x5d,0xef,0x75,0xad,0x96,0xb5,0x75,0xad,0x75,0xad,0x55,0xad,
    0x34,0xa5,0x14,0xa5,0xf3,0x9c,0xf3,0x9c,0xf3,0x9c,0xd3,0x9c,0xd3,0x9c,0xd3,0x9c,
    0xd3,0x9c,0xd3,0x9c,0xd3,0x9c,0xd3,0x9c,0xd3,0x9c,0xd3,0x9c,0xd3,0x9c,0xf3,0x9c,
    0xf3,0x9c,0xd3,0x9c,0xb2,0x94,0x92,0x94,0x71,0x8c,0x71,0x8c,0x51,0x8c,0x71,0x8c,
    0xf3,0x9c,0x34,0xa5,0x34,0xa5,0x14,0xa5,0x14,0xa5,0x14,0xa5,0x14,0xa5,0x14,0xa5,
    0xf3,0x9c,0xf3,0x9c,0xf3,0x9c,0xf3,0x9c,0xd3,0x9c,0x14,0xa5,0xae,0x73,0xe7,0x39,
    0x08,0x42,0x45,0x29,0x45,0x29,0x45,0x29,0x24,0x21,0xc7,0x39,0xeb,0x5a,0x2c,0x63,
    0x4d,0x6b,0x4d,0x6b,0x08,0x42,0x08,0x42,0x69,0x4a,0x8a,0x52,0x69,0x4a,0x28,0x42,
    0x49,0x4a,0x49,0x4a,0x8a,0x52,0x8a,0x52,0xcb,0x5a,0x2c,0x63,0x8e,0x73,0x30,0x84,
    0xb2,0x94,0x38,0xc6,0xff,0xff,0xff,0xff,0xff,0xff,0xff,0xff,0xff,0xff,0xff,0xff,
    0xff,0xff,0xff,0xff,0xff,0xff,0xff,0xff,0xff,0xff,0x9e,0xf7,0x14,0xa5,0x71,0x8c,
    0x92,0x94,0x2c,0x63,0xcb,0x5a,0xaa,0x52,0x4d,0x6b,0xef,0x7b,0xae,0x73,0xae,0x73,
    0x30,0x84,0xb2,0x94,0xf3,0x9c,0xb2,0x94,0x51,0x8c,0x30,0x84,0x51,0x8c,0x30,0x84,
    0x30,0x84,0xcf,0x7b,0x6d,0x6b,0x2c,0x63,0xaa,0x52,0x8a,0x52,0xaa,0x52,0xaa,0x52,
    0x8a,0x52,0xef,0x7b,0x96,0xb5,0x75,0xad,0x75,0xad,0x75,0xad,0x96,0xb5,0xdf,0xff,
    0xff,0xff,0xff,0xff,0xff,0xff,0xff,0xff,0xff,0xff,0xff,0xff,0xff,0xff,0xff,0xff,
    0xff,0xff,0xff,0xff,0xff,0xff,0xff,0xff,0xff,0xff,0xff,0xff,0xff,0xff,0xff,0xff,
    0xff,0xff,0xff,0xff,0xff,0xff,0xff,0xff,0xff,0xff,0xff,0xff,0xff,0xff,0xff,0xff,
    0xff,0xff,0xff,0xff,0xff,0xff,0xff,0xff,0xff,0xff,0xff,0xff,0xff,0xff,0xff,0xff,
    0xff,0xff,0xff,0xff,0xff,0xff,0xff,0xff,0xff,0xff,0xff,0xff,0xff,0xff,0xff,0xff,
    0xff,0xff,0xff,0xff,0xdb,0xde,0x55,0xad,0x75,0xad,0x55,0xad,0x34,0xa5,0x14,0xa5,
    0xf3,0x9c,0xf3,0x9c,0xd3,0x9c,0xd3,0x9c,0xb2,0x94,0x92,0x94,0x92,0x94,0x92,0x94,
    0x92,0x94,0x92,0x94,0x92,0x94,0x92,0x94,0xb2,0x94,0xb2,0x94,0xb2,0x94,0xd3,0x9c,
    0xf3,0x9c,0xd3,0x9c,0xb2,0x94,0x92,0x94,0x71,0x8c,0x51,0x8c,0x51,0x8c,0x30,0x84,
    0x30,0x84,0xf3,0x9c,0x14,0xa5,0x14,0xa5,0x14,0xa5,0x14,0xa5,0x14,0xa5,0xf3,0x9c,
    0xf3,0x9c,0xf3,0x9c,0xd3,0x9c,0xd3,0x9c,0xb2,0x94,0xf3,0x9c,0x6d,0x6b,0xe7,0x39,
    0x28,0x42,0xa6,0x31,0x45,0x29,0x45,0x29,0x45,0x29,0x24,0x21,0x28,0x42,0x2c,0x63,
    0x4d,0x6b,0x8e,0x73,0x69,0x4a,0xe7,0x39,0x49,0x4a,0x8a,0x52,0x69,0x4a,0x28,0x42,
    0x08,0x42,0x49,0x4a,0x8a,0x52,0xaa,0x52,0x8a,0x52,0x0c,0x63,0x4d,0x6b,0xcf,0x7b,
    0x51,0x8c,0x75,0xad,0xbe,0xf7,0xff,0xff,0xff,0xff,0xff,0xff,0xff,0xff,0xff,0xff,
    0xff,0xff,0xff,0xff,0xff,0xff,0xff,0xff,0xff,0xff,0x79,0xce,0x71,0x8c,0x92,0x94,
    0xef,0x7b,0xeb,0x5a,0xcb,0x5a,0xeb,0x5a,0xef,0x7b,0xef,0x7b,0xae,0x73,0x8e,0x73,
    0x51,0x8c,0xd3,0x9c,0xd3,0x9c,0x92,0x94,0x30,0x84,0x30,0x84,0x10,0x84,0x30,0x84,
    0x30,0x84,0xae,0x73,0x6d,0x6b,0xeb,0x5a,0x8a,0x52,0x8a,0x52,0x8a,0x52,0xaa,0x52,
    0xaa,0x52,0xae,0x73,0x96,0xb5,0x55,0xad,0x34,0xa5,0x55,0xad,0x34,0xa5,0x5d,0xef,
    0xff,0xff,0xff,0xff,0xff,0xff,0xff,0xff,0xff,0xff,0xff,0xff,0xff,0xff,0xff,0xff,
    0xff,0xff,0xff,0xff,0xff,0xff,0xff,0xff,0xff,0xff,0xff,0xff,0xff,0xff,0xff,0xff,
    0xff,0xff,0xff,0xff,0xff,0xff,0xff,0xff,0xff,0xff,0xff,0xff,0xff,0xff,0xff,0xff,
    0xff,0xff,0xff,0xff,0xff,0xff,0xff,0xff,0xff,0xff,0xff,0xff,0xff,0xff,0xff,0xff,
    0xff,0xff,0xff,0xff,0xff,0xff,0xff,0xff,0xff,0xff,0xff,0xff,0xff,0xff,0xff,0xff,
    0xff,0xff,0xff,0xff,0x38,0xc6,0x34,0xa5,0x55,0xad,0x14,0xa5,0x14,0xa5,0xd3,0x9c,
    0xd3,0x9c,0xb2,0x94,0x92,0x94,0x92,0x94,0x92,0x94,0x71,0x8c,0x51,0x8c,0x51,0x8c,
    0x51,0x8c,0x51,0x8c,0x51,0x8c,0x51,0x8c,0x71,0x8c,0x92,0x94,0xb2,0x94,0xb2,0x94,
    0xb2,0x94,0xb2,0x94,0xb2,0x94,0x92,0x94,0x92,0x94,0x51,0x8c,0x30,0x84,0x30,0x84,
    0x10,0x84,0x51,0x8c,0xf3,0x9c,0xf3,0x9c,0xf3,0x9c,0x14,0xa5,0x14,0xa5,0xf3,0x9c,
    0xf3,0x9c,0xd3,0x9c,0xd3,0x9c,0xb2,0x94,0xb2,0x94,0xd3,0x9c,0xeb,0x5a,0xe7,0x39,
    0x08,0x42,0x08,0x42,0x45,0x29,0x24,0x21,0x45,0x29,0x45,0x29,0x45,0x29,0xaa,0x52,
    0x4d,0x6b,0x8e,0x73,0xeb,0x5a,0xe7,0x39,0x28,0x42,0x69,0x4a,0x69,0x4a,0x49,0x4a,
    0x08,0x42,0x28,0x42,0x49,0x4a,0xcb,0x5a,0x8a,0x52,0xeb,0x5a,0x4d,0x6b,0xae,0x73,
    0x30,0x84,0xf3,0x9c,0xdb,0xde,0xff,0xff,0xff,0xff,0xff,0xff,0xff,0xff,0xff,0xff,
    0xff,0xff,0xff,0xff,0xff,0xff,0xff,0xff,0xff,0xff,0x55,0xad,0x51,0x8c,0x71,0x8c,
    0x2c,0x63,0xeb,0x5a,0xaa,0x52,0xae,0x73,0x10,0x84,0xef,0x7b,0xae,0x73,0x8e,0x73,
    0x92,0x94,0xd3,0x9c,0xb2,0x94,0x30,0x84,0xef,0x7b,0x30,0x84,0x10,0x84,0x51,0x8c,
    0xef,0x7b,0x8e,0x73,0x0c,0x63,0xaa,0x52,0x8a,0x52,0x8a,0x52,0x8a,0x52,0xaa,0x52,
    0xaa,0x52,0x4d,0x6b,0x75,0xad,0x34,0xa5,0x34,0xa5,0x55,0xad,0x14,0xa5,0x9a,0xd6,
    0xff,0xff,0xff,0xff,0xff,0xff,0xff,0xff,0xff,0xff,0xff,0xff,0xff,0xff,0xff,0xff,
    0xff,0xff,0xff,0xff,0xff,0xff,0xff,0xff,0xff,0xff,0xff,0xff,0xff,0xff,0xff,0xff,
    0xff,0xff,0xff,0xff,0xff,0xff,0xff,0xff,0xff,0xff,0xff,0xff,0xff,0xff,0xff,0xff,
    0xff,0xff,0xff,0xff,0xff,0xff,0xff,0xff,0xff,0xff,0xff,0xff,0xff,0xff,0xff,0xff,
    0xff,0xff,0xff,0xff,0xff,0xff,0xff,0xff,0xff,0xff,0xff,0xff,0xff,0xff,0xff,0xff,
    0xff,0xff,0xbe,0xf7,0x55,0xad,0x34,0xa5,0x34,0xa5,0xf3,0x9c,0xd3,0x9c,0xb2,0x94,
    0x92,0x94,0x71,0x8c,0x71,0x8c,0x51,0x8c,0x30,0x84,0x30,0x84,0x10,0x84,0xef,0x7b,
    0xef,0x7b,0xef,0x7b,0xef,0x7b,0x10,0x84,0x30,0x84,0x51,0x8c,0x71,0x8c,0x71,0x8c,
    0x92,0x94,0x92,0x94,0x92,0x94,0x92,0x94,0x71,0x8c,0x51,0x8c,0x30,0x84,0x10,0x84,
    0x10,0x84,0xef,0x7b,0x51,0x8c,0xf3,0x9c,0xf3,0x9c,0xf3,0x9c,0xf3,0x9c,0xf3,0x9c,
    0xf3,0x9c,0xd3,0x9c,0xb2,0x94,0xb2,0x94,0xb2,0x94,0x92,0x94,0x8a,0x52,0x08,0x42,
    0x08,0x42,0x08,0x42,0x86,0x31,0x24,0x21,0x45,0x29,0x45,0x29,0x24,0x21,0xa6,0x31,
    0x2c,0x63,0x8e,0x73,0x4d,0x6b,0x08,0x42,0xe7,0x39,0x49,0x4a,0x69,0x4a,0x49,0x4a,
    0x08,0x42,0x08,0x42,0x28,0x42,0xaa,0x52,0x0c,0x63,0xcb,0x5a,0x4d,0x6b,0x6d,0x6b,
    0xef,0x7b,0x92,0x94,0xd7,0xbd,0xff,0xff,0xff,0xff,0xff,0xff,0xff,0xff,0xff,0xff,
    0xff,0xff,0xff,0xff,0xff,0xff,0xff,0xff,0x1c,0xe7,0x71,0x8c,0x71,0x8c,0xae,0x73,
    0x0c,0x63,0xcb,0x5a,0x2c,0x63,0x30,0x84,0xef,0x7b,0xcf,0x7b,0x6d,0x6b,0xae,0x73,
    0xd3,0x9c,0xf3,0x9c,0x71,0x8c,0x10,0x84,0xef,0x7b,0xef,0x7b,0x30,0x84,0x51,0x8c,
    0xcf,0x7b,0x2c,0x63,0xaa,0x52,0x8a,0x52,0x8a,0x52,0x8a,0x52,0x69,0x4a,0x8a,0x52,
    0xaa,0x52,0xeb,0x5a,0x14,0xa5,0x75,0xad,0x34,0xa5,0x14,0xa5,0xf3,0x9c,0x18,0xc6,
    0xff,0xff,0xff,0xff,0xff,0xff,0xff,0xff,0xff,0xff,0xff,0xff,0xff,0xff,0xff,0xff,
    0xff,0xff,0xff,0xff,0xff,0xff,0xff,0xff,0xff,0xff,0xff,0xff,0xff,0xff,0xff,0xff,
    0xff,0xff,0xff,0xff,0xff,0xff,0xff,0xff,0xff,0xff,0xff,0xff,0xff,0xff,0xff,0xff,
    0xff,0xff,0xff,0xff,0xff,0xff,0xff,0xff,0xff,0xff,0xff,0xff,0xff,0xff,0xff,0xff,
    0xff,0xff,0xff,0xff,0xff,0xff,0xff,0xff,0xff,0xff,0xff,0xff,0xff,0xff,0xff,0xff,
    0xff,0xff,0xdb,0xde,0xd3,0x9c,0x14,0xa5,0xf3,0x9c,0xd3,0x9c,0x92,0x94,0x71,0x8c,
    0x51,0x8c,0x51,0x8c,0x30,0x84,0x30,0x84,0xef,0x7b,0xef,0x7b,0xcf,0x7b,0xae,0x73,
    0xae,0x73,0x8e,0x73,0x8e,0x73,0xae,0x73,0xcf,0x7b,0xef,0x7b,0x30,0x84,0x51,0x8c,
    0x71,0x8c,0x71,0x8c,0x71,0x8c,0x71,0x8c,0x71,0x8c,0x51,0x8c,0x30,0x84,0xef,0x7b,
    0xef,0x7b,0xef,0x7b,0xcf,0x7b,0x71,0x8c,0xf3,0x9c,0xd3,0x9c,0xf3,0x9c,0xd3,0x9c,
    0xd3,0x9c,0xd3,0x9c,0xb2,0x94,0x92,0x94,0x92,0x94,0x10,0x84,0x28,0x42,0x28,0x42,
    0x28,0x42,0x08,0x42,0xe7,0x39,0x45,0x29,0x45,0x29,0x45,0x29,0x45,0x29,0x24,0x21,
    0x49,0x4a,0x8e,0x73,0x8e,0x73,0x28,0x42,0xc7,0x39,0x08,0x42,0x49,0x4a,0x49,0x4a,
    0x28,0x42,0x08,0x42,0x28,0x42,0x69,0x4a,0x0c,0x63,0x0c,0x63,0x2c,0x63,0x6d,0x6b,
    0xcf,0x7b,0x51,0x8c,0xf3,0x9c,0x3c,0xe7,0xff,0xff,0xff,0xff,0xff,0xff,0xff,0xff,
    0xff,0xff,0xff,0xff,0xff,0xff,0xff,0xff,0x18,0xc6,0x51,0x8c,0x51,0x8c,0x2c,0x63,
    0xeb,0x5a,0xcb,0x5a,0xef,0x7b,0x10,0x84,0xef,0x7b,0xcf,0x7b,0x6d,0x6b,0xef,0x7b,
    0xd3,0x9c,0xd3,0x9c,0x30,0x84,0xef,0x7b,0xef,0x7b,0xef,0x7b,0x71,0x8c,0x10,0x84,
    0x6d,0x6b,0xcb,0x5a,0x8a,0x52,0x8a,0x52,0x8a,0x52,0x8a,0x52,0x8a,0x52,0x8a,0x52,
    0xaa,0x52,0xcb,0x5a,0x51,0x8c,0x34,0xa5,0x96,0xb5,0x79,0xce,0x3c,0xe7,0xdf,0xff,
    0xff,0xff,0xff,0xff,0xff,0xff,0xff,0xff,0xff,0xff,0xff,0xff,0xff,0xff,0xff,0xff,
    0xff,0xff,0xff,0xff,0xff,0xff,0xff,0xff,0xff,0xff,0xff,0xff,0xff,0xff,0xff,0xff,
    0xff,0xff,0xff,0xff,0xff,0xff,0xff,0xff,0xff,0xff,0xff,0xff,0xff,0xff,0xff,0xff,
    0xff,0xff,0xff,0xff,0xff,0xff,0xff,0xff,0xff,0xff,0xff,0xff,0xff,0xff,0xff,0xff,
    0xff,0xff,0xff,0xff,0xff,0xff,0xff,0xff,0xff,0xff,0xff,0xff,0xff,0xff,0xff,0xff,
    0xff,0xff,0x55,0xad,0xb2,0x94,0xd3,0x9c,0xb2,0x94,0xb2,0x94,0x71,0x8c,0x51,0x8c,
    0x30,0x84,0x30,0x84,0x10,0x84,0xef,0x7b,0xcf,0x7b,0xae,0x73,0x8e,0x73,0x6d,0x6b,
    0x6d,0x6b,0x6d,0x6b,0x6d,0x6b,0x6d,0x6b,0x8e,0x73,0xae,0x73,0xcf,0x7b,0x10,0x84,
    0x30,0x84,0x51,0x8c,0x51,0x8c,0x71,0x8c,0x51,0x8c,0x51,0x8c,0x30,0x84,0x10,0x84,
    0xcf,0x7b,0xcf,0x7b,0xcf,0x7b,0xcf,0x7b,0xb2,0x94,0xd3,0x9c,0xd3,0x9c,0xd3,0x9c,
    0xd3,0x9c,0xb2,0x94,0x92,0x94,0x71,0x8c,0x92,0x94,0x6d,0x6b,0x28,0x42,0x49,0x4a,
    0x28,0x42,0x08,0x42,0x08,0x42,0x65,0x29,0x45,0x29,0x45,0x29,0x45,0x29,0x45,0x29,
    0x65,0x29,0x0c,0x63,0x8e,0x73,0x8a,0x52,0xc7,0x39,0x08,0x42,0x28,0x42,0x49,0x4a,
    0x49,0x4a,0x08,0x42,0x28,0x42,0x49,0x4a,0xcb,0x5a,0x6d,0x6b,0x2c,0x63,0x4d,0x6b,
    0x8e,0x73,0x10,0x84,0x92,0x94,0x38,0xc6,0xff,0xff,0xff,0xff,0xff,0xff,0xff,0xff,
    0xff,0xff,0xff,0xff,0xff,0xff,0xbe,0xf7,0x14,0xa5,0x92,0x94,0xcf,0x7b,0x0c,0x63,
    0xaa,0x52,0x4d,0x6b,0x10,0x84,0xef,0x7b,0xcf,0x7b,0xae,0x73,0x8e,0x73,0x30,0x84,
    0xd3,0x9c,0x92,0x94,0xef,0x7b,0xef,0x7b,0xef,0x7b,0x30,0x84,0x71,0x8c,0x8e,0x73,
    0xcb,0x5a,0x8a,0x52,0x8a,0x52,0x8a,0x52,0x8a,0x52,0x8a,0x52,0x8a,0x52,0x8a,0x52,
    0xcb,0x5a,0x8a,0x52,0xeb,0x5a,0x59,0xce,0xdf,0xff,0xff,0xff,0xff,0xff,0xff,0xff,
    0xff,0xff,0xff,0xff,0xff,0xff,0xff,0xff,0xff,0xff,0xff,0xff,0xff,0xff,0xff,0xff,
    0xff,0xff,0xff,0xff,0xff,0xff,0xff,0xff,0xff,0xff,0xff,0xff,0xff,0xff,0xff,0xff,
    0xff,0xff,0xff,0xff,0xff,0xff,0xff,0xff,0xff,0xff,0xff,0xff,0xff,0xff,0xff,0xff,
    0xff,0xff,0xff,0xff,0xff,0xff,0xff,0xff,0xff,0xff,0xff,0xff,0xff,0xff,0xff,0xff,
    0xff,0xff,0xff,0xff,0xff,0xff,0xff,0xff,0xff,0xff,0xff,0xff,0xff,0xff,0xff,0xff,
    0xfb,0xde,0x71,0x8c,0xb2,0x94,0x92,0x94,0x92,0x94,0x71,0x8c,0x51,0x8c,0x30,0x84,
    0x10,0x84,0x10,0x84,0xef,0x7b,0xcf,0x7b,0xae,0x73,0x8e,0x73,0x4d,0x6b,0x4d,0x6b,
    0x4d,0x6b,0x4d,0x6b,0x4d,0x6b,0x2c,0x63,0x4d,0x6b,0x6d,0x6b,0x8e,0x73,0xcf,0x7b,
    0xef,0x7b,0x10,0x84,0x30,0x84,0x30,0x84,0x51,0x8c,0x51,0x8c,0x30,0x84,0x10,0x84,
    0xef,0x7b,0xcf,0x7b,0xcf,0x7b,0xae,0x73,0xef,0x7b,0xb2,0x94,0xb2,0x94,0xb2,0x94,
    0xb2,0x94,0xb2,0x94,0x92,0x94,0x71,0x8c,0x71,0x8c,0xeb,0x5a,0x28,0x42,0x49,0x4a,
    0x28,0x42,0x08,0x42,0x08,0x42,0xc7,0x39,0x45,0x29,0x45,0x29,0x45,0x29,0x45,0x29,
    0x04,0x21,0xe7,0x39,0x8e,0x73,0xcb,0x5a,0xc7,0x39,0xe7,0x39,0x08,0x42,0x49,0x4a,
    0x69,0x4a,0x28,0x42,0x08,0x42,0x49,0x4a,0x8a,0x52,0x6d,0x6b,0xae,0x73,0x0c,0x63,
    0x6d,0x6b,0xcf,0x7b,0x51,0x8c,0x75,0xad,0xbe,0xf7,0xff,0xff,0xff,0xff,0xff,0xff,
    0xff,0xff,0xff,0xff,0xff,0xff,0xdb,0xde,0x92,0x94,0x92,0x94,0x6d,0x6b,0x0c,0x63,
    0xeb,0x5a,0xef,0x7b,0xcf,0x7b,0xef,0x7b,0xcf,0x7b,0x6d,0x6b,0xae,0x73,0x51,0x8c,
    0xd3,0x9c,0x30,0x84,0xae,0x73,0xcf,0x7b,0xcf,0x7b,0x71,0x8c,0xef,0x7b,0xeb,0x5a,
    0xaa,0x52,0x8a,0x52,0x8a,0x52,0x8a,0x52,0x8a,0x52,0x8a,0x52,0x8a,0x52,0xaa,0x52,
    0x69,0x4a,0xaa,0x52,0x38,0xc6,0xff,0xff,0xff,0xff,0xff,0xff,0xff,0xff,0xff,0xff,
    0xff,0xff,0xff,0xff,0xff,0xff,0xff,0xff,0xff,0xff,0xff,0xff,0xff,0xff,0xff,0xff,
    0xff,0xff,0xff,0xff,0xff,0xff,0xff,0xff,0xff,0xff,0xff,0xff,0xff,0xff,0xff,0xff,
    0xff,0xff,0xff,0xff,0xff,0xff,0xff,0xff,0xff,0xff,0xff,0xff,0xff,0xff,0xff,0xff,
    0xff,0xff,0xff,0xff,0xff,0xff,0xff,0xff,0xff,0xff,0xff,0xff,0xff,0xff,0xff,0xff,
    0xff,0xff,0xff,0xff,0xff,0xff,0xff,0xff,0xff,0xff,0xff,0xff,0xff,0xff,0xff,0xff,
    0x34,0xa5,0x71,0x8c,0xb2,0x94,0x71,0x8c,0x51,0x8c,0x51,0x8c,0x30,0x84,0x10,0x84,
    0xef,0x7b,0xcf,0x7b,0xae,0x73,0x8e,0x73,0x6d,0x6b,0x4d,0x6b,0x2c,0x63,0x2c,0x63,
    0x0c,0x63,0x0c,0x63,0x2c,0x63,0x2c,0x63,0x2c,0x63,0x2c,0x63,0x4d,0x6b,0x6d,0x6b,
    0x8e,0x73,0xcf,0x7b,0x10,0x84,0x10,0x84,0x30,0x84,0x30,0x84,0x30,0x84,0x10,0x84,
    0xef,0x7b,0xcf,0x7b,0xae,0x73,0xae,0x73,0x8e,0x73,0x30,0x84,0xb2,0x94,0x92,0x94,
    0x92,0x94,0x92,0x94,0x71,0x8c,0x71,0x8c,0x10,0x84,0x69,0x4a,0x49,0x4a,0x28,0x42,
    0x28,0x42,0x08,0x42,0x08,0x42,0x08,0x42,0x65,0x29,0x45,0x29,0x45,0x29,0x45,0x29,
    0x45,0x29,0x24,0x21,0x0c,0x63,0x2c,0x63,0xc7,0x39,0xe7,0x39,0xe7,0x39,0x28,0x42,
    0x69,0x4a,0x69,0x4a,0x08,0x42,0x49,0x4a,0x69,0x4a,0x0c,0x63,0xef,0x7b,0x4d,0x6b,
    0x2c,0x63,0x8e,0x73,0x10,0x84,0xf3,0x9c,0x3c,0xe7,0xff,0xff,0xff,0xff,0xff,0xff,
    0xff,0xff,0xff,0xff,0xff,0xff,0xd7,0xbd,0xb2,0x94,0x30,0x84,0x4d,0x6b,0xcb,0x5a,
    0x6d,0x6b,0xef,0x7b,0xae,0x73,0xcf,0x7b,0xae,0x73,0x6d,0x6b,0xef,0x7b,0x71,0x8c,
    0xb2,0x94,0xef,0x7b,0x8e,0x73,0x8e,0x73,0xcf,0x7b,0x51,0x8c,0x4d,0x6b,0xcb,0x5a,
    0x8a,0x52,0x8a,0x52,0x69,0x4a,0x69,0x4a,0x8a,0x52,0x8a,0x52,0x8a,0x52,0x69,0x4a,
    0xaa,0x52,0xba,0xd6,0xff,0xff,0xff,0xff,0xff,0xff,0xff,0xff,0xff,0xff,0xff,0xff,
    0xff,0xff,0xff,0xff,0xff,0xff,0xff,0xff,0xff,0xff,0xff,0xff,0xff,0xff,0xff,0xff,
    0xff,0xff,0xff,0xff,0xff,0xff,0xff,0xff,0xff,0xff,0xff,0xff,0xff,0xff,0xff,0xff,
    0xff,0xff,0xff,0xff,0xff,0xff,0xff,0xff,0xff,0xff,0xff,0xff,0xff,0xff,0xff,0xff,
    0xff,0xff,0xff,0xff,0xff,0xff,0xff,0xff,0xff,0xff,0xff,0xff,0xff,0xff,0xff,0xff,
    0xff,0xff,0xff,0xff,0xff,0xff,0xff,0xff,0xff,0xff,0xff,0xff,0xff,0xff,0x79,0xce,
    0x51,0x8c,0x92,0x94,0x71,0x8c,0x51,0x8c,0x30,0x84,0x30,0x84,0x10,0x84,0xef,0x7b,
    0xcf,0x7b,0xae,0x73,0x8e,0x73,0x6d,0x6b,0x2c,0x63,0x0c,0x63,0x0c,0x63,0x0c,0x63,
    0xeb,0x5a,0x0c,0x63,0x0c,0x63,0x0c,0x63,0x0c,0x63,0xeb,0x5a,0x0c,0x63,0x2c,0x63,
    0x4d,0x6b,0x8e,0x73,0xae,0x73,0xcf,0x7b,0xef,0x7b,0x10,0x84,0x30,0x84,0x10,0x84,
    0x10,0x84,0xcf,0x7b,0xae,0x73,0xae,0x73,0x8e,0x73,0x8e,0x73,0x71,0x8c,0x92,0x94,
    0x71,0x8c,0x71,0x8c,0x51,0x8c,0x92,0x94,0x8e,0x73,0x69,0x4a,0x8a,0x52,0x49,0x4a,
    0x49,0x4a,0x28,0x42,0x28,0x42,0x28,0x42,0x86,0x31,0x45,0x29,0x45,0x29,0x45,0x29,
    0x45,0x29,0x04,0x21,0xe7,0x39,0x6d,0x6b,0xe7,0x39,0xe7,0x39,0xe7,0x39,0x08,0x42,
    0x69,0x4a,0x69,0x4a,0x28,0x42,0x28,0x42,0x69,0x4a,0xcb,0x5a,0xcf,0x7b,0xef,0x7b,
    0xeb,0x5a,0x6d,0x6b,0xef,0x7b,0xb2,0x94,0x9a,0xd6,0xff,0xff,0xff,0xff,0xff,0xff,
    0xff,0xff,0xff,0xff,0xdf,0xff,0x14,0xa5,0x92,0x94,0xae,0x73,0x2c,0x63,0xeb,0x5a,
    0xef,0x7b,0xcf,0x7b,0x8e,0x73,0xcf,0x7b,0x8e,0x73,0x8e,0x73,0x30,0x84,0x92,0x94,
    0x71,0x8c,0xcf,0x7b,0x8e,0x73,0x8e,0x73,0x30,0x84,0xef,0x7b,0xcb,0x5a,0xaa,0x52,
    0x8a,0x52,0x8a,0x52,0x8a,0x52,0x69,0x4a,0x8a,0x52,0x8a,0x52,0xaa,0x52,0x8a,0x52,
    0x9a,0xd6,0xff,0xff,0xff,0xff,0xff,0xff,0xff,0xff,0xff,0xff,0xff,0xff,0xff,0xff,
    0xff,0xff,0xff,0xff,0xff,0xff,0xff,0xff,0xff,0xff,0xff,0xff,0xff,0xff,0xff,0xff,
    0xff,0xff,0xff,0xff,0xff,0xff,0xff,0xff,0xff,0xff,0xff,0xff,0xff,0xff,0xff,0xff,
    0xff,0xff,0xff,0xff,0xff,0xff,0xff,0xff,0xff,0xff,0xff,0xff,0xff,0xff,0xff,0xff,
    0xff,0xff,0xff,0xff,0xff,0xff,0xff,0xff,0xff,0xff,0xff,0xff,0xff,0xff,0xff,0xff,
    0xff,0xff,0xff,0xff,0xff,0xff,0xff,0xff,0xff,0xff,0xff,0xff,0x5d,0xef,0x71,0x8c,
    0x71,0x8c,0x71,0x8c,0x51,0x8c,0x30,0x84,0x10,0x84,0x10,0x84,0xef,0x7b,0xae,0x73,
    0x8e,0x73,0x6d,0x6b,0x4d,0x6b,0x2c,0x63,0x0c,0x63,0xeb,0x5a,0xeb,0x5a,0xeb,0x5a,
    0xeb,0x5a,0xeb,0x5a,0xeb,0x5a,0xcb,0x5a,0xcb,0x5a,0xcb,0x5a,0xcb,0x5a,0xeb,0x5a,
    0x0c,0x63,0x2c,0x63,0x6d,0x6b,0xae,0x73,0xcf,0x7b,0xef,0x7b,0x10,0x84,0x10,0x84,
    0xef,0x7b,0xcf,0x7b,0xae,0x73,0x8e,0x73,0x8e,0x73,0x6d,0x6b,0xcf,0x7b,0x92,0x94,
    0x71,0x8c,0x71,0x8c,0x51,0x8c,0x71,0x8c,0xeb,0x5a,0x8a,0x52,0x8a,0x52,0x69,0x4a,
    0x49,0x4a,0x28,0x42,0x28,0x42,0x28,0x42,0xc7,0x39,0x45,0x29,0x45,0x29,0x45,0x29,
    0x45,0x29,0x45,0x29,0x24,0x21,0x0c,0x63,0x49,0x4a,0xc7,0x39,0xe7,0x39,0x08,0x42,
    0x49,0x4a,0x8a,0x52,0x49,0x4a,0x28,0x42,0x69,0x4a,0xaa,0x52,0x4d,0x6b,0x71,0x8c,
    0x4d,0x6b,0x4d,0x6b,0xcf,0x7b,0x92,0x94,0x18,0xc6,0xdf,0xff,0xff,0xff,0xff,0xff,
    0xff,0xff,0xff,0xff,0x1c,0xe7,0xb2,0x94,0x51,0x8c,0x6d,0x6b,0x0c,0x63,0x6d,0x6b,
    0x10,0x84,0x6d,0x6b,0x8e,0x73,0xcf,0x7b,0x6d,0x6b,0xae,0x73,0x71,0x8c,0xb2,0x94,
    0xef,0x7b,0x8e,0x73,0x6d,0x6b,0x6d,0x6b,0x30,0x84,0x4d,0x6b,0xaa,0x52,0xaa,0x52,
    0x8a,0x52,0x8a,0x52,0x8a,0x52,0x8a,0x52,0x69,0x4a,0x8a,0x52,0x28,0x42,0x34,0xa5,
    0xff,0xff,0xdf,0xff,0xff,0xff,0xff,0xff,0xff,0xff,0xff,0xff,0xff,0xff,0xff,0xff,
    0xff,0xff,0xff,0xff,0xff,0xff,0xff,0xff,0xff,0xff,0xff,0xff,0xff,0xff,0xff,0xff,
    0xff,0xff,0xff,0xff,0xff,0xff,0xff,0xff,0xff,0xff,0xff,0xff,0xff,0xff,0xff,0xff,
    0xff,0xff,0xff,0xff,0xff,0xff,0xff,0xff,0xff,0xff,0xff,0xff,0xff,0xff,0xff,0xff,
    0xff,0xff,0xff,0xff,0xff,0xff,0xff,0xff,0xff,0xff,0xff,0xff,0xff,0xff,0xff,0xff,
    0xff,0xff,0xff,0xff,0xff,0xff,0xff,0xff,0xff,0xff,0xdf,0xff,0xf3,0x9c,0x30,0x84,
    0x51,0x8c,0x51,0x8c,0x30,0x84,0x10,0x84,0x10,0x84,0xef,0x7b,0xae,0x73,0x8e,0x73,
    0x4d,0x6b,0x4d,0x6b,0x2c,0x63,0x0c,0x63,0xeb,0x5a,0xeb,0x5a,0xcb,0x5a,0xcb,0x5a,
    0xaa,0x52,0xcb,0x5a,0xaa,0x52,0xaa,0x52,0xaa,0x52,0xaa,0x52,0x8a,0x52,0xaa,0x52,
    0xcb,0x5a,0xeb,0x5a,0x4d,0x6b,0x6d,0x6b,0xae,0x73,0xcf,0x7b,0xef,0x7b,0xef,0x7b,
    0xef,0x7b,0xcf,0x7b,0xae,0x73,0x8e,0x73,0x6d,0x6b,0x4d,0x6b,0x4d,0x6b,0x30,0x84,
    0x51,0x8c,0x51,0x8c,0x71,0x8c,0xcf,0x7b,0xaa,0x52,0xaa,0x52,0xaa,0x52,0x8a,0x52,
    0x69,0x4a,0x49,0x4a,0x28,0x42,0x28,0x42,0x08,0x42,0x45,0x29,0x45,0x29,0x45,0x29,
    0x45,0x29,0x45,0x29,0x04,0x21,0x28,0x42,0xaa,0x52,0xa6,0x31,0xc7,0x39,0xe7,0x39,
    0x49,0x4a,0x8a,0x52,0x69,0x4a,0x28,0x42,0x69,0x4a,0xaa,0x52,0x0c,0x63,0x71,0x8c,
    0x10,0x84,0x2c,0x63,0xcf,0x7b,0x71,0x8c,0xb6,0xb5,0x7d,0xef,0xff,0xff,0xff,0xff,
    0xff,0xff,0xff,0xff,0x18,0xc6,0x71,0x8c,0xef,0x7b,0x2c,0x63,0xeb,0x5a,0xcf,0x7b,
    0xcf,0x7b,0x4d,0x6b,0x8e,0x73,0x8e,0x73,0x4d,0x6b,0xcf,0x7b,0x92,0x94,0x71,0x8c,
    0x6d,0x6b,0x6d,0x6b,0x2c,0x63,0x8e,0x73,0xcf,0x7b,0xcb,0x5a,0xaa,0x52,0xaa,0x52,
    0x8a,0x52,0x8a,0x52,0xaa,0x52,0x8a,0x52,0x8a,0x52,0x49,0x4a,0xeb,0x5a,0xbe,0xf7,
    0xff,0xff,0xff,0xff,0xff,0xff,0xff,0xff,0xff,0xff,0xff,0xff,0xff,0xff,0xff,0xff,
    0xff,0xff,0xff,0xff,0xff,0xff,0xff,0xff,0xff,0xff,0xff,0xff,0xff,0xff,0xff,0xff,
    0xff,0xff,0xff,0xff,0xff,0xff,0xff,0xff,0xff,0xff,0xff,0xff,0xff,0xff,0xff,0xff,
    0xff,0xff,0xff,0xff,0xff,0xff,0xff,0xff,0xff,0xff,0xff,0xff,0xff,0xff,0xff,0xff,
    0xff,0xff,0xff,0xff,0xff,0xff,0xff,0xff,0xff,0xff,0xff,0xff,0xff,0xff,0xff,0xff,
    0xff,0xff,0xff,0xff,0xff,0xff,0xff,0xff,0xff,0xff,0x55,0xad,0xef,0x7b,0x30,0x84,
    0x10,0x84,0x10,0x84,0x10,0x84,0x10,0x84,0xef,0x7b,0xae,0x73,0x8e,0x73,0x4d,0x6b,
    0x4d,0x6b,0x2c,0x63,0x0c,0x63,0xeb,0x5a,0xcb,0x5a,0xcb,0x5a,0xaa,0x52,0xaa,0x52,
    0xaa,0x52,0x8a,0x52,0x8a,0x52,0x69,0x4a,0x8a,0x52,0x69,0x4a,0x69,0x4a,0x8a,0x52,
    0xaa,0x52,0xcb,0x5a,0x0c,0x63,0x2c,0x63,0x8e,0x73,0xae,0x73,0xcf,0x7b,0xcf,0x7b,
    0xcf,0x7b,0xcf,0x7b,0xae,0x73,0x8e,0x73,0x6d,0x6b,0x4d,0x6b,0x2c,0x63,0xae,0x73,
    0x51,0x8c,0x51,0x8c,0x51,0x8c,0xeb,0x5a,0xcb,0x5a,0xaa,0x52,0xaa,0x52,0xaa,0x52,
    0x69,0x4a,0x49,0x4a,0x49,0x4a,0x28,0x42,0x28,0x42,0x86,0x31,0x45,0x29,0x45,0x29,
    0x45,0x29,0x45,0x29,0x24,0x21,0x65,0x29,0xaa,0x52,0xa6,0x31,0xc7,0x39,0xe7,0x39,
    0x49,0x4a,0x8a,0x52,0x8a,0x52,0x28,0x42,0x49,0x4a,0x8a,0x52,0xeb,0x5a,0x10,0x84,
    0x14,0xa5,0x4d,0x6b,0x8e,0x73,0x51,0x8c,0x14,0xa5,0xdb,0xde,0xff,0xff,0xff,0xff,
    0xff,0xff,0xff,0xff,0x55,0xad,0x71,0x8c,0x8e,0x73,0x0c,0x63,0x2c,0x63,0x10,0x84,
    0x8e,0x73,0x4d,0x6b,0x8e,0x73,0x6d,0x6b,0x6d,0x6b,0xef,0x7b,0xd3,0x9c,0x30,0x84,
    0x2c,0x63,0x4d,0x6b,0x2c,0x63,0xae,0x73,0x4d,0x6b,0xaa,0x52,0xaa,0x52,0xaa,0x52,
    0x8a,0x52,0x8a,0x52,0x8a,0x52,0x8a,0x52,0xaa,0x52,0x08,0x42,0x34,0xa5,0xff,0xff,
    0xff,0xff,0xff,0xff,0xff,0xff,0xff,0xff,0xff,0xff,0xff,0xff,0xff,0xff,0xff,0xff,
    0xff,0xff,0xff,0xff,0xff,0xff,0xff,0xff,0xff,0xff,0xff,0xff,0xff,0xff,0xff,0xff,
    0xff,0xff,0xff,0xff,0xff,0xff,0xff,0xff,0xff,0xff,0xff,0xff,0xff,0xff,0xff,0xff,
    0xff,0xff,0xff,0xff,0xff,0xff,0xff,0xff,0xff,0xff,0xff,0xff,0xff,0xff,0xff,0xff,
    0xff,0xff,0xff,0xff,0xff,0xff,0xff,0xff,0xff,0xff,0xff,0xff,0xff,0xff,0xff,0xff,
    0xff,0xff,0xff,0xff,0xff,0xff,0xff,0xff,0x55,0xad,0xef,0x7b,0x30,0x84,0x10,0x84,
    0xef,0x7b,0xef,0x7b,0xef,0x7b,0xcf,0x7b,0xae,0x73,0x10,0x84,0x30,0x84,0xcf,0x7b,
    0x6d,0x6b,0x2c,0x63,0xeb,0x5a,0xcb,0x5a,0xcb,0x5a,0xaa,0x52,0x8a,0x52,0x8a,0x52,
    0x8a,0x52,0x69,0x4a,0x49,0x4a,0x49,0x4a,0x49,0x4a,0x49,0x4a,0x49,0x4a,0x49,0x4a,
    0x69,0x4a,0x8a,0x52,0xeb,0x5a,0x0c,0x63,0x4d,0x6b,0x8e,0x73,0xae,0x73,0xae,0x73,
    0xae,0x73,0xae,0x73,0xae,0x73,0x8e,0x73,0x6d,0x6b,0x4d,0x6b,0x2c,0x63,0x2c,0x63,
    0x10,0x84,0x71,0x8c,0x8e,0x73,0xeb,0x5a,0xeb,0x5a,0xcb,0x5a,0xaa,0x52,0xaa,0x52,
    0x69,0x4a,0x49,0x4a,0x49,0x4a,0x28,0x42,0x28,0x42,0xc7,0x39,0x24,0x21,0x45,0x29,
    0x45,0x29,0x45,0x29,0x45,0x29,0x24,0x21,0x28,0x42,0xe7,0x39,0xa6,0x31,0xe7,0x39,
    0x28,0x42,0x8a,0x52,0xaa,0x52,0x49,0x4a,0x49,0x4a,0x8a,0x52,0xeb,0x5a,0xcf,0x7b,
    0x75,0xad,0x10,0x84,0x4d,0x6b,0x10,0x84,0xb2,0x94,0x38,0xc6,0xff,0xff,0xff,0xff,
    0xff,0xff,0x9e,0xf7,0xd3,0x9c,0x51,0x8c,0x4d,0x6b,0xeb,0x5a,0xae,0x73,0xef,0x7b,
    0x6d,0x6b,0x4d,0x6b,0x8e,0x73,0x6d,0x6b,0x8e,0x73,0x30,0x84,0xf3,0x9c,0xcf,0x7b,
    0x2c,0x63,0x2c,0x63,0x4d,0x6b,0xae,0x73,0xeb,0x5a,0xaa,0x52,0xcb,0x5a,0xaa,0x52,
    0x8a,0x52,0x8a,0x52,0x8a,0x52,0x8a,0x52,0xaa,0x52,0xaa,0x52,0x1c,0xe7,0xff,0xff,
    0xff,0xff,0xff,0xff,0xff,0xff,0xff,0xff,0xff,0xff,0xff,0xff,0xff,0xff,0xff,0xff,
    0xff,0xff,0xff,0xff,0xff,0xff,0xff,0xff,0xff,0xff,0xff,0xff,0xff,0xff,0xff,0xff,
    0xff,0xff,0xff,0xff,0xff,0xff,0xff,0xff,0xff,0xff,0xff,0xff,0xff,0xff,0xff,0xff,
    0xff,0xff,0xff,0xff,0xff,0xff,0xff,0xff,0xff,0xff,0xff,0xff,0xff,0xff,0xff,0xff,
    0xff,0xff,0xff,0xff,0xff,0xff,0xff,0xff,0xff,0xff,0xff,0xff,0xff,0xff,0xff,0xff,
    0xff,0xff,0xff,0xff,0xbe,0xf7,0xd3,0x9c,0xae,0x73,0x10,0x84,0xef,0x7b,0x10,0x84,
    0xef,0x7b,0xef,0x7b,0xcf,0x7b,0x30,0x84,0x75,0xad,0x59,0xce,0x59,0xce,0xd7,0xbd,
    0xf3,0x9c,0xef,0x7b,0x2c,0x63,0xaa,0x52,0xaa,0x52,0x8a,0x52,0x8a,0x52,0x69,0x4a,
    0x49,0x4a,0x49,0x4a,0x49,0x4a,0x28,0x42,0x28,0x42,0x28,0x42,0x28,0x42,0x49,0x4a,
    0x49,0x4a,0x69,0x4a,0xaa,0x52,0xcb,0x5a,0x0c,0x63,0x4d,0x6b,0x6d,0x6b,0x8e,0x73,
    0xae,0x73,0xae,0x73,0xae,0x73,0x8e,0x73,0x6d,0x6b,0x2c,0x63,0x2c,0x63,0x0c,0x63,
    0xcf,0x7b,0x10,0x84,0xeb,0x5a,0xeb,0x5a,0xeb,0x5a,0xcb,0x5a,0xaa,0x52,0xaa,0x52,
    0x8a,0x52,0x69,0x4a,0x49,0x4a,0x28,0x42,0x28,0x42,0x08,0x42,0x45,0x29,0x45,0x29,
    0x45,0x29,0x45,0x29,0x45,0x29,0x24,0x21,0xa6,0x31,0x08,0x42,0xa6,0x31,0xe7,0x39,
    0xe7,0x39,0x69,0x4a,0x8a,0x52,0x8a,0x52,0x49,0x4a,0x8a,0x52,0x0c,0x63,0xcf,0x7b,
    0x55,0xad,0x14,0xa5,0x2c,0x63,0xef,0x7b,0x71,0x8c,0xb6,0xb5,0xbe,0xf7,0xff,0xff,
    0xff,0xff,0xfb,0xde,0x92,0x94,0x10,0x84,0x4d,0x6b,0x0c,0x63,0x10,0x84,0xcf,0x7b,
    0x4d,0x6b,0x2c,0x63,0x6d,0x6b,0x4d,0x6b,0xcf,0x7b,0x92,0x94,0xd3,0x9c,0x6d,0x6b,
    0x2c,0x63,0x0c,0x63,0x6d,0x6b,0x6d,0x6b,0xcb,0x5a,0xcb,0x5a,0xcb,0x5a,0xaa,0x52,
    0x8a,0x52,0x8a,0x52,0x8a,0x52,0xaa,0x52,0x69,0x4a,0x8e,0x73,0xff,0xff,0xff,0xff,
    0xff,0xff,0xff,0xff,0xff,0xff,0xff,0xff,0xff,0xff,0xff,0xff,0xff,0xff,0xff,0xff,
    0xff,0xff,0xff,0xff,0xff,0xff,0xff,0xff,0xff,0xff,0xff,0xff,0xff,0xff,0xff,0xff,
    0xff,0xff,0xff,0xff,0xff,0xff,0xff,0xff,0xff,0xff,0xff,0xff,0xff,0xff,0xff,0xff,
    0xff,0xff,0xff,0xff,0xff,0xff,0xff,0xff,0xff,0xff,0xff,0xff,0xff,0xff,0xff,0xff,
    0xff,0xff,0xff,0xff,0xff,0xff,0xff,0xff,0xff,0xff,0xff,0xff,0xff,0xff,0xff,0xff,
    0xff,0xff,0xfb,0xde,0x51,0x8c,0xae,0x73,0xef,0x7b,0xcf,0x7b,0xcf,0x7b,0xef,0x7b,
    0xef,0x7b,0x30,0x84,0x14,0xa5,0xba,0xd6,0x7d,0xef,0x9e,0xf7,0x9e,0xf7,0x5d,0xef,
    0xdb,0xde,0xd7,0xbd,0x51,0x8c,0x0c,0x63,0x8a,0x52,0x8a,0x52,0x69,0x4a,0x49,0x4a,
    0x28,0x42,0x28,0x42,0x28,0x42,0x28,0x42,0x28,0x42,0x28,0x42,0x28,0x42,0x28,0x42,
    0x28,0x42,0x49,0x4a,0x69,0x4a,0x8a,0x52,0xcb,0x5a,0x0c,0x63,0x4d,0x6b,0x6d,0x6b,
    0x6d,0x6b,0x6d,0x6b,0x8e,0x73,0x6d,0x6b,0x4d,0x6b,0x2c,0x63,0x0c,0x63,0x0c,0x63,
    0x2c,0x63,0x2c,0x63,0xeb,0x5a,0xeb,0x5a,0xcb,0x5a,0xcb,0x5a,0xaa,0x52,0xaa,0x52,
    0x8a,0x52,0x69,0x4a,0x49,0x4a,0x28,0x42,0x28,0x42,0x28,0x42,0x86,0x31,0x24,0x21,
    0x45,0x29,0x45,0x29,0x45,0x29,0x45,0x29,0x45,0x29,0xa6,0x31,0xa6,0x31,0xc7,0x39,
    0xe7,0x39,0x69,0x4a,0xaa,0x52,0xaa,0x52,0x69,0x4a,0xaa,0x52,0x0c,0x63,0xae,0x73,
    0xf3,0x9c,0xd7,0xbd,0x6d,0x6b,0x8e,0x73,0x51,0x8c,0x34,0xa5,0x5d,0xef,0xff,0xff,
    0xff,0xff,0x59,0xce,0x71,0x8c,0xcf,0x7b,0x2c,0x63,0x4d,0x6b,0x51,0x8c,0xae,0x73,
    0x4d,0x6b,0x2c,0x63,0x4d,0x6b,0x6d,0x6b,0x10,0x84,0xd3,0x9c,0x92,0x94,0x2c,0x63,
    0x0c,0x63,0xeb,0x5a,0x6d,0x6b,0x2c,0x63,0xcb,0x5a,0xcb,0x5a,0xcb,0x5a,0xaa,0x52,
    0x8a,0x52,0x8a,0x52,0x8a,0x52,0xaa,0x52,0x28,0x42,0x51,0x8c,0xff,0xff,0xff,0xff,
    0xff,0xff,0xff,0xff,0xff,0xff,0xff,0xff,0xff,0xff,0xff,0xff,0xff,0xff,0xff,0xff,
    0xff,0xff,0xff,0xff,0xff,0xff,0xff,0xff,0xff,0xff,0xff,0xff,0xff,0xff,0xff,0xff,
    0xff,0xff,0xff,0xff,0xff,0xff,0xff,0xff,0xff,0xff,0xff,0xff,0xff,0xff,0xff,0xff,
    0xff,0xff,0xff,0xff,0xff,0xff,0xff,0xff,0xff,0xff,0xff,0xff,0xff,0xff,0xff,0xff,
    0xff,0xff,0xff,0xff,0xff,0xff,0xff,0xff,0xff,0xff,0xff,0xff,0xff,0xff,0xbe,0xf7,
    0xb6,0xb5,0xcf,0x7b,0xcf,0x7b,0xef,0x7b,0xae,0x73,0x8e,0x73,0x8e,0x73,0xae,0x73,
    0x10,0x84,0x14,0xa5,0x1c,0xe7,0xff,0xff,0xbe,0xf7,0x9e,0xf7,0x7d,0xef,0x5d,0xef,
    0x1c,0xe7,0xba,0xd6,0xb6,0xb5,0x10,0x84,0xcb,0x5a,0x69,0x4a,0x49,0x4a,0x28,0x42,
    0x08,0x42,0x08,0x42,0x28,0x42,0x08,0x42,0x08,0x42,0x28,0x42,0x28,0x42,0x08,0x42,
    0x08,0x42,0x28,0x42,0x49,0x4a,0x49,0x4a,0x8a,0x52,0xcb,0x5a,0x0c,0x63,0x2c,0x63,
    0x6d,0x6b,0x6d,0x6b,0x6d,0x6b,0x6d,0x6b,0x4d,0x6b,0x2c,0x63,0x0c,0x63,0x0c,0x63,
    0x08,0x42,0x8a,0x52,0x0c,0x63,0xcb,0x5a,0xeb,0x5a,0xcb,0x5a,0xcb,0x5a,0xaa,0x52,
    0xaa,0x52,0x69,0x4a,0x49,0x4a,0x49,0x4a,0x28,0x42,0x28,0x42,0xa6,0x31,0x24,0x21,
    0x45,0x29,0x45,0x29,0x45,0x29,0x45,0x29,0x24,0x21,0x45,0x29,0x86,0x31,0xc7,0x39,
    0xc7,0x39,0x49,0x4a,0x0c,0x63,0xcb,0x5a,0x8a,0x52,0xaa,0x52,0x0c,0x63,0x8e,0x73,
    0xb2,0x94,0xd7,0xbd,0x51,0x8c,0x4d,0x6b,0x10,0x84,0xf3,0x9c,0xfb,0xde,0xff,0xff,
    0xff,0xff,0x96,0xb5,0x51,0x8c,0x8e,0x73,0x0c,0x63,0xae,0x73,0x51,0x8c,0x8e,0x73,
    0x2c,0x63,0x2c,0x63,0x4d,0x6b,0x8e,0x73,0x30,0x84,0x14,0xa5,0x10,0x84,0x2c,0x63,
    0x0c,0x63,0xeb,0x5a,0x4d,0x6b,0xeb,0x5a,0xcb,0x5a,0xcb,0x5a,0xcb,0x5a,0xaa,0x52,
    0x8a,0x52,0x8a,0x52,0x8a,0x52,0xcb,0x5a,0x28,0x42,0xf3,0x9c,0xff,0xff,0xff,0xff,
    0xff,0xff,0xff,0xff,0xff,0xff,0xff,0xff,0xff,0xff,0xff,0xff,0xff,0xff,0xff,0xff,
    0xff,0xff,0xff,0xff,0xff,0xff,0xff,0xff,0xff,0xff,0xff,0xff,0xff,0xff,0xff,0xff,
    0xff,0xff,0xff,0xff,0xff,0xff,0xff,0xff,0xff,0xff,0xff,0xff,0xff,0xff,0xff,0xff,
    0xff,0xff,0xff,0xff,0xff,0xff,0xff,0xff,0xff,0xff,0xff,0xff,0xff,0xff,0xff,0xff,
    0xff,0xff,0xff,0xff,0xff,0xff,0xff,0xff,0xff,0xff,0xbe,0xf7,0x18,0xc6,0x10,0x84,
    0x6d,0x6b,0xcf,0x7b,0xae,0x73,0xae,0x73,0x8e,0x73,0x6d,0x6b,0x4d,0x6b,0xae,0x73,
    0x71,0x8c,0x59,0xce,0xff,0xff,0xdf,0xff,0xbe,0xf7,0xbe,0xf7,0x9e,0xf7,0x7d,0xef,
    0x3c,0xe7,0xdb,0xde,0x18,0xc6,0xb2,0x94,0x2c,0x63,0x49,0x4a,0x28,0x42,0x08,0x42,
    0x08,0x42,0x08,0x42,0x08,0x42,0xe7,0x39,0x08,0x42,0x08,0x42,0x28,0x42,0x28,0x42,
    0x28,0x42,0x08,0x42,0x28,0x42,0x28,0x42,0x69,0x4a,0xaa,0x52,0xeb,0x5a,0x0c,0x63,
    0x4d,0x6b,0x6d,0x6b,0x6d,0x6b,0x6d,0x6b,0x4d,0x6b,0x2c,0x63,0x2c,0x63,0x49,0x4a,
    0x86,0x31,0x28,0x42,0x0c,0x63,0xcb,0x5a,0xeb,0x5a,0xeb,0x5a,0xcb,0x5a,0xaa,0x52,
    0xaa,0x52,0x69,0x4a,0x69,0x4a,0x49,0x4a,0x28,0x42,0x49,0x4a,0xe7,0x39,0x24,0x21,
    0x45,0x29,0x45,0x29,0x45,0x29,0x24,0x21,0x24,0x21,0x24,0x21,0x86,0x31,0xc7,0x39,
    0xe7,0x39,0x28,0x42,0x6d,0x6b,0x2c,0x63,0xaa,0x52,0xaa,0x52,0x0c,0x63,0x8e,0x73,
    0x92,0x94,0xd7,0xbd,0x55,0xad,0x4d,0x6b,0x10,0x84,0xb2,0x94,0x79,0xce,0xff,0xff,
    0xbe,0xf7,0xf3,0x9c,0x10,0x84,0x6d,0x6b,0x0c,0x63,0x10,0x84,0x30,0x84,0x8e,0x73,
    0x2c,0x63,0x0c,0x63,0x2c,0x63,0x8e,0x73,0x71,0x8c,0x34,0xa5,0xae,0x73,0x2c,0x63,
    0x0c,0x63,0xeb,0x5a,0x0c,0x63,0xeb,0x5a,0xcb,0x5a,0xcb,0x5a,0xcb,0x5a,0xaa,0x52,
    0xaa,0x52,0xaa,0x52,0x8a,0x52,0xcb,0x5a,0x28,0x42,0xf3,0x9c,0xff,0xff,0xff,0xff,
    0xff,0xff,0xff,0xff,0xff,0xff,0xff,0xff,0xff,0xff,0xff,0xff,0xff,0xff,0xff,0xff,
    0xff,0xff,0xff,0xff,0xff,0xff,0xff,0xff,0xff,0xff,0xff,0xff,0xff,0xff,0xff,0xff,
    0xff,0xff,0xff,0xff,0xff,0xff,0xff,0xff,0xdf,0xff,0x79,0xce,0x7d,0xef,0xff,0xff,
    0xff,0xff,0xff,0xff,0xff,0xff,0xff,0xff,0xff,0xff,0xff,0xff,0xff,0xff,0xff,0xff,
    0xff,0xff,0xff,0xff,0xff,0xff,0x3c,0xe7,0xb6,0xb5,0x10,0x84,0x2c,0x63,0x4d,0x6b,
    0x8e,0x73,0x8e,0x73,0x6d,0x6b,0x6d,0x6b,0x6d,0x6b,0x4d,0x6b,0x4d,0x6b,0xef,0x7b,
    0xf3,0x9c,0x3c,0xe7,0xdf,0xff,0xbe,0xf7,0xbe,0xf7,0xbe,0xf7,0xbe,0xf7,0x9e,0xf7,
    0x5d,0xef,0xfb,0xde,0x38,0xc6,0x14,0xa5,0x6d,0x6b,0x49,0x4a,0x08,0x42,0xe7,0x39,
    0xe7,0x39,0x08,0x42,0xe7,0x39,0xe7,0x39,0xe7,0x39,0xe7,0x39,0x08,0x42,0x08,0x42,
    0x08,0x42,0x08,0x42,0x08,0x42,0x28,0x42,0x28,0x42,0x69,0x4a,0xcb,0x5a,0x0c,0x63,
    0x2c,0x63,0x4d,0x6b,0x6d,0x6b,0x6d,0x6b,0x4d,0x6b,0x4d,0x6b,0x8a,0x52,0xa6,0x31,
    0xc7,0x39,0xc7,0x39,0xeb,0x5a,0xeb,0x5a,0xeb,0x5a,0xcb,0x5a,0xcb,0x5a,0xcb,0x5a,
    0xaa,0x52,0x8a,0x52,0x69,0x4a,0x49,0x4a,0x49,0x4a,0x49,0x4a,0x08,0x42,0x45,0x29,
    0x45,0x29,0x45,0x29,0x24,0x21,0x24,0x21,0x24,0x21,0x24,0x21,0x86,0x31,0xc7,0x39,
    0xe7,0x39,0x08,0x42,0x6d,0x6b,0xae,0x73,0xeb,0x5a,0xaa,0x52,0x2c,0x63,0x8e,0x73,
    0x92,0x94,0xb6,0xb5,0x18,0xc6,0xae,0x73,0xef,0x7b,0xb2,0x94,0x38,0xc6,0xdf,0xff,
    0x5d,0xef,0x92,0x94,0xcf,0x7b,0x2c,0x63,0x0c,0x63,0x71,0x8c,0x10,0x84,0x6d,0x6b,
    0x2c,0x63,0x0c,0x63,0x4d,0x6b,0xcf,0x7b,0xb2,0x94,0xf3,0x9c,0x6d,0x6b,0x2c,0x63,
    0x0c,0x63,0x0c,0x63,0xeb,0x5a,0xeb,0x5a,0xeb,0x5a,0xcb,0x5a,0xaa,0x52,0xaa,0x52,
    0xaa,0x52,0xaa,0x52,0xaa,0x52,0xcb,0x5a,0x49,0x4a,0x92,0x94,0xff,0xff,0xff,0xff,
    0xff,0xff,0xff,0xff,0xff,0xff,0xff,0xff,0xff,0xff,0xff,0xff,0xff,0xff,0xff,0xff,
    0xff,0xff,0xff,0xff,0xff,0xff,0xff,0xff,0xff,0xff,0xff,0xff,0xff,0xff,0xff,0xff,
    0xff,0xff,0xff,0xff,0xff,0xff,0xff,0xff,0xbe,0xf7,0x4d,0x6b,0x2c,0x63,0x10,0x84,
    0xf3,0x9c,0xd7,0xbd,0x79,0xce,0xdb,0xde,0x3c,0xe7,0x3c,0xe7,0xfb,0xde,0x79,0xce,
    0xd7,0xbd,0xd3,0x9c,0xef,0x7b,0x6d,0x6b,0x2c,0x63,0x4d,0x6b,0x6d,0x6b,0x6d,0x6b,
    0x4d,0x6b,0x2c,0x63,0x2c,0x63,0x2c,0x63,0x2c,0x63,0x0c,0x63,0x4d,0x6b,0x30,0x84,
    0xd7,0xbd,0x9e,0xf7,0xbe,0xf7,0xbe,0xf7,0xbe,0xf7,0xbe,0xf7,0xbe,0xf7,0x9e,0xf7,
    0x5d,0xef,0xfb,0xde,0x38,0xc6,0x14,0xa5,0xae,0x73,0x69,0x4a,0x08,0x42,0xe7,0x39,
    0xc7,0x39,0xc7,0x39,0xe7,0x39,0xe7,0x39,0xe7,0x39,0xc7,0x39,0xc7,0x39,0xe7,0x39,
    0x08,0x42,0xe7,0x39,0xc7,0x39,0xe7,0x39,0x08,0x42,0x49,0x4a,0x8a,0x52,0xcb,0x5a,
    0x0c,0x63,0x2c,0x63,0x6d,0x6b,0x6d,0x6b,0x4d,0x6b,0xcb,0x5a,0xe7,0x39,0xe7,0x39,
    0xc7,0x39,0xa6,0x31,0xaa,0x52,0x0c,0x63,0xeb,0x5a,0xeb,0x5a,0xcb,0x5a,0xcb,0x5a,
    0xcb,0x5a,0xaa,0x52,0x69,0x4a,0x69,0x4a,0x49,0x4a,0x49,0x4a,0x28,0x42,0x65,0x29,
    0x45,0x29,0x45,0x29,0x24,0x21,0x24,0x21,0x24,0x21,0x24,0x21,0x86,0x31,0xc7,0x39,
    0xe7,0x39,0xe7,0x39,0x2c,0x63,0x10,0x84,0x4d,0x6b,0xcb,0x5a,0x2c,0x63,0xae,0x73,
    0x92,0x94,0x96,0xb5,0x79,0xce,0x71,0x8c,0xcf,0x7b,0xb2,0x94,0xb6,0xb5,0x9e,0xf7,
    0xdb,0xde,0x51,0x8c,0xcf,0x7b,0x2c,0x63,0x6d,0x6b,0x92,0x94,0xcf,0x7b,0x6d,0x6b,
    0x0c,0x63,0xeb,0x5a,0x4d,0x6b,0xef,0x7b,0x14,0xa5,0xb2,0x94,0x2c,0x63,0x2c,0x63,
    0x0c,0x63,0x2c,0x63,0xeb,0x5a,0xeb,0x5a,0xeb,0x5a,0xeb,0x5a,0xcb,0x5a,0xaa,0x52,
    0xaa,0x52,0xaa,0x52,0xaa,0x52,0xcb,0x5a,0x69,0x4a,0xcf,0x7b,0xff,0xff,0xff,0xff,
    0xff,0xff,0xff,0xff,0xff,0xff,0xff,0xff,0xff,0xff,0xff,0xff,0xff,0xff,0xff,0xff,
    0xff,0xff,0xff,0xff,0xff,0xff,0xff,0xff,0xff,0xff,0xff,0xff,0xff,0xff,0xff,0xff,
    0xff,0xff,0xff,0xff,0xff,0xff,0xff,0xff,0x3c,0xe7,0x0c,0x63,0xcb,0x5a,0xaa,0x52,
    0x8a,0x52,0x8a,0x52,0xaa,0x52,0xcb,0x5a,0x0c,0x63,0x2c,0x63,0x2c,0x63,0x0c,0x63,
    0xeb,0x5a,0xeb,0x5a,0x0c,0x63,0x2c,0x63,0x4d,0x6b,0x4d,0x6b,0x2c,0x63,0x2c,0x63,
    0x2c,0x63,0x0c,0x63,0x0c,0x63,0xeb,0x5a,0xeb,0x5a,0xeb,0x5a,0x6d,0x6b,0x71,0x8c,
    0x59,0xce,0x9e,0xf7,0x9e,0xf7,0x9e,0xf7,0xbe,0xf7,0xbe,0xf7,0x9e,0xf7,0x7d,0xef,
    0x3c,0xe7,0xfb,0xde,0x38,0xc6,0x34,0xa5,0xae,0x73,0x49,0x4a,0x08,0x42,0xe7,0x39,
    0xc7,0x39,0xc7,0x39,0xe7,0x39,0xc7,0x39,0xe7,0x39,0xc7,0x39,0xc7,0x39,0xc7,0x39,
    0xe7,0x39,0xc7,0x39,0xc7,0x39,0xc7,0x39,0x08,0x42,0x28,0x42,0x69,0x4a,0xaa,0x52,
    0xeb,0x5a,0x2c,0x63,0x4d,0x6b,0x4d,0x6b,0xeb,0x5a,0x49,0x4a,0x28,0x42,0xe7,0x39,
    0xc7,0x39,0xa6,0x31,0x69,0x4a,0x2c,0x63,0xeb,0x5a,0xeb,0x5a,0xeb,0x5a,0xeb,0x5a,
    0xcb,0x5a,0xaa,0x52,0x8a,0x52,0x8a,0x52,0x49,0x4a,0x49,0x4a,0x49,0x4a,0x86,0x31,
    0x45,0x29,0x45,0x29,0x24,0x21,0x24,0x21,0x24,0x21,0x24,0x21,0x65,0x29,0xc7,0x39,
    0x08,0x42,0x08,0x42,0xcb,0x5a,0x30,0x84,0xcf,0x7b,0xeb,0x5a,0x4d,0x6b,0xcf,0x7b,
    0xb2,0x94,0xb6,0xb5,0xba,0xd6,0x55,0xad,0xcf,0x7b,0x92,0x94,0x75,0xad,0x5d,0xef,
    0x59,0xce,0x30,0x84,0xcf,0x7b,0x2c,0x63,0xef,0x7b,0x92,0x94,0xcf,0x7b,0x6d,0x6b,
    0x0c,0x63,0xeb,0x5a,0x6d,0x6b,0x10,0x84,0x55,0xad,0x71,0x8c,0x2c,0x63,0x2c,0x63,
    0x0c,0x63,0x2c,0x63,0x0c,0x63,0xeb,0x5a,0xeb,0x5a,0xeb,0x5a,0xcb,0x5a,0xcb,0x5a,
    0xaa,0x52,0xaa,0x52,0x8a,0x52,0xaa,0x52,0xaa,0x52,0xcb,0x5a,0x5d,0xef,0xff,0xff,
    0xff,0xff,0xff,0xff,0xff,0xff,0xff,0xff,0xff,0xff,0xff,0xff,0xff,0xff,0xff,0xff,
    0xff,0xff,0xff,0xff,0xff,0xff,0xff,0xff,0xff,0xff,0xff,0xff,0xff,0xff,0xff,0xff,
    0xff,0xff,0xff,0xff,0xff,0xff,0xff,0xff,0xd7,0xbd,0x69,0x4a,0xeb,0x5a,0xcb,0x5a,
    0xeb,0x5a,0xeb,0x5a,0xeb,0x5a,0xeb,0x5a,0xeb,0x5a,0x0c,0x63,0x0c,0x63,0x2c,0x63,
    0x4d,0x6b,0x4d,0x6b,0x4d,0x6b,0x2c,0x63,0x0c,0x63,0x0c,0x63,0x0c,0x63,0x0c,0x63,
    0x0c,0x63,0xeb,0x5a,0xeb,0x5a,0xeb,0x5a,0xcb,0x5a,0xcb,0x5a,0x2c,0x63,0x30,0x84,
    0x18,0xc6,0x9e,0xf7,0x9e,0xf7,0x9e,0xf7,0x9e,0xf7,0x9e,0xf7,0x7d,0xef,0x5d,0xef,
    0x3c,0xe7,0xfb,0xde,0x59,0xce,0x34,0xa5,0x4d,0x6b,0x08,0x42,0xe7,0x39,0xe7,0x39,
    0xc7,0x39,0xc7,0x39,0xc7,0x39,0xc7,0x39,0xc7,0x39,0xc7,0x39,0xc7,0x39,0xa6,0x31,
    0xc7,0x39,0xc7,0x39,0xa6,0x31,0xc7,0x39,0xe7,0x39,0x28,0x42,0x69,0x4a,0xaa,0x52,
    0xcb,0x5a,0x0c,0x63,0x2c,0x63,0xeb,0x5a,0x69,0x4a,0x69,0x4a,0x49,0x4a,0xe7,0x39,
    0xe7,0x39,0xc7,0x39,0x28,0x42,0x2c,0x63,0xeb,0x5a,0x0c,0x63,0xeb,0x5a,0xeb,0x5a,
    0xeb,0x5a,0xcb,0x5a,0xaa,0x52,0x8a,0x52,0x69,0x4a,0x49,0x4a,0x49,0x4a,0xa6,0x31,
    0x24,0x21,0x45,0x29,0x45,0x29,0x24,0x21,0x24,0x21,0x45,0x29,0x65,0x29,0xc7,0x39,
    0xe7,0x39,0x08,0x42,0x8a,0x52,0xef,0x7b,0x51,0x8c,0x4d,0x6b,0x6d,0x6b,0x10,0x84,
    0xf3,0x9c,0xf7,0xbd,0x9a,0xd6,0x18,0xc6,0xcf,0x7b,0x71,0x8c,0x34,0xa5,0xfb,0xde,
    0xf7,0xbd,0x30,0x84,0xcf,0x7b,0x2c,0x63,0x51,0x8c,0x51,0x8c,0xae,0x73,0x4d,0x6b,
    0x0c,0x63,0xcb,0x5a,0x8e,0x73,0x30,0x84,0x96,0xb5,0x30,0x84,0x2c,0x63,0x4d,0x6b,
    0x2c,0x63,0x0c,0x63,0xeb,0x5a,0xeb,0x5a,0xeb,0x5a,0xeb,0x5a,0xaa,0x52,0xaa,0x52,
    0x8a,0x52,0x8a,0x52,0x8a,0x52,0xaa,0x52,0xaa,0x52,0x28,0x42,0xb6,0xb5,0xff,0xff,
    0xff,0xff,0xff,0xff,0xff,0xff,0xff,0xff,0xff,0xff,0xff,0xff,0xff,0xff,0xff,0xff,
    0xff,0xff,0xff,0xff,0xff,0xff,0xff,0xff,0xff,0xff,0xff,0xff,0xff,0xff,0xff,0xff,
    0xff,0xff,0xff,0xff,0xff,0xff,0xff,0xff,0xcf,0x7b,0x28,0x42,0xcb,0x5a,0xaa,0x52,
    0xaa,0x52,0xcb,0x5a,0xcb,0x5a,0xcb,0x5a,0xcb,0x5a,0xeb,0x5a,0xeb,0x5a,0x0c,0x63,
    0x0c,0x63,0x0c,0x63,0x0c,0x63,0x0c,0x63,0xeb,0x5a,0xeb,0x5a,0xeb,0x5a,0xcb,0x5a,
    0xcb,0x5a,0xcb,0x5a,0xcb,0x5a,0xcb,0x5a,0xaa,0x52,0x8a,0x52,0xeb,0x5a,0xcf,0x7b,
    0x96,0xb5,0x3c,0xe7,0x9e,0xf7,0x9e,0xf7,0x7d,0xef,0x5d,0xef,0x3c,0xe7,0x3c,0xe7,
    0x3c,0xe7,0x1c,0xe7,0x79,0xce,0xf3,0x9c,0xaa,0x52,0xc7,0x39,0xc7,0x39,0xe7,0x39,
    0xc7,0x39,0xc7,0x39,0xc7,0x39,0xa6,0x31,0xa6,0x31,0xa6,0x31,0xa6,0x31,0xa6,0x31,
    0xa6,0x31,0xc7,0x39,0xc7,0x39,0xc7,0x39,0xe7,0x39,0x08,0x42,0x49,0x4a,0x8a,0x52,
    0xaa,0x52,0xeb,0x5a,0xaa,0x52,0x8a,0x52,0xaa,0x52,0x8a,0x52,0x49,0x4a,0x08,0x42,
    0xe7,0x39,0xc7,0x39,0xe7,0x39,0xeb,0x5a,0x0c,0x63,0x0c,0x63,0xeb,0x5a,0xeb,0x5a,
    0xeb,0x5a,0xcb,0x5a,0xaa,0x52,0x8a,0x52,0x69,0x4a,0x49,0x4a,0x49,0x4a,0xe7,0x39,
    0x24,0x21,0x45,0x29,0x45,0x29,0x24,0x21,0x24,0x21,0x45,0x29,0x45,0x29,0xa6,0x31,
    0xe7,0x39,0x08,0x42,0x69,0x4a,0xae,0x73,0x92,0x94,0xcf,0x7b,0x8e,0x73,0x51,0x8c,
    0x14,0xa5,0x38,0xc6,0x9a,0xd6,0xdb,0xde,0x51,0x8c,0x51,0x8c,0x34,0xa5,0xba,0xd6,
    0x96,0xb5,0x30,0x84,0xae,0x73,0x4d,0x6b,0xb2,0x94,0x51,0x8c,0xae,0x73,0x4d,0x6b,
    0x0c,0x63,0xaa,0x52,0x8e,0x73,0x71,0x8c,0x96,0xb5,0xef,0x7b,0x4d,0x6b,0x2c,0x63,
    0x2c,0x63,0x0c,0x63,0xeb,0x5a,0xeb,0x5a,0xeb,0x5a,0xeb,0x5a,0xaa,0x52,0xaa,0x52,
    0x8a,0x52,0x8a,0x52,0x8a,0x52,0xaa,0x52,0xaa,0x52,0x69,0x4a,0xae,0x73,0xff,0xff,
    0xff,0xff,0xff,0xff,0xff,0xff,0xff,0xff,0xff,0xff,0xff,0xff,0xff,0xff,0xff,0xff,
    0xff,0xff,0xff,0xff,0xff,0xff,0xff,0xff,0xff,0xff,0xff,0xff,0xff,0xff,0xff,0xff,
    0xff,0xff,0xff,0xff,0xff,0xff,0xfb,0xde,0x69,0x4a,0x8a,0x52,0xaa,0x52,0x8a,0x52,
    0x8a,0x52,0xaa,0x52,0xaa,0x52,0xcb,0x5a,0xaa,0x52,0xcb,0x5a,0xeb,0x5a,0xeb,0x5a,
    0xeb,0x5a,0xeb,0x5a,0xeb,0x5a,0xeb,0x5a,0xcb,0x5a,0xcb,0x5a,0xcb,0x5a,0xaa,0x52,
    0xaa,0x52,0xaa,0x52,0xaa,0x52,0x8a,0x52,0x8a,0x52,0x69,0x4a,0x8a,0x52,0x4d,0x6b,
    0xd3,0x9c,0x59,0xce,0x3c,0xe7,0x7d,0xef,0x5d,0xef,0x3c,0xe7,0x1c,0xe7,0x1c,0xe7,
    0x1c,0xe7,0xfb,0xde,0x59,0xce,0x10,0x84,0x28,0x42,0xa6,0x31,0xc7,0x39,0xc7,0x39,
    0xc7,0x39,0xc7,0x39,0xa6,0x31,0xa6,0x31,0x86,0x31,0x86,0x31,0xa6,0x31,0xa6,0x31,
    0x86,0x31,0xa6,0x31,0xa6,0x31,0xa6,0x31,0xc7,0x39,0xe7,0x39,0x28,0x42,0x69,0x4a,
    0x69,0x4a,0x49,0x4a,0x69,0x4a,0x8a,0x52,0xaa,0x52,0xaa,0x52,0x69,0x4a,0x49,0x4a,
    0x08,0x42,0xe7,0x39,0xc7,0x39,0xcb,0x5a,0x2c,0x63,0x0c,0x63,0x0c,0x63,0x0c,0x63,
    0xeb,0x5a,0xeb,0x5a,0xaa,0x52,0xaa,0x52,0x69,0x4a,0x49,0x4a,0x49,0x4a,0xe7,0x39,
    0x24,0x21,0x45,0x29,0x45,0x29,0x45,0x29,0x45,0x29,0x45,0x29,0x24,0x21,0x65,0x29,
    0xe7,0x39,0x08,0x42,0x28,0x42,0x8e,0x73,0x92,0x94,0x51,0x8c,0xcf,0x7b,0x92,0x94,
    0x55,0xad,0x79,0xce,0x9a,0xd6,0x3c,0xe7,0xd3,0x9c,0x10,0x84,0x14,0xa5,0x79,0xce,
    0x34,0xa5,0x30,0x84,0x8e,0x73,0x6d,0x6b,0xf3,0x9c,0x30,0x84,0xcf,0x7b,0x2c,0x63,
    0xeb,0x5a,0xaa,0x52,0x8e,0x73,0x92,0x94,0x75,0xad,0xae,0x73,0x4d,0x6b,0x4d,0x6b,
    0x2c,0x63,0x0c,0x63,0xeb,0x5a,0x0c,0x63,0xeb,0x5a,0xeb,0x5a,0xaa,0x52,0xaa,0x52,
    0x8a,0x52,0x8a,0x52,0x8a,0x52,0x8a,0x52,0xaa,0x52,0xeb,0x5a,0xaa,0x52,0x18,0xc6,
    0xff,0xff,0xff,0xff,0xff,0xff,0xff,0xff,0xff,0xff,0xff,0xff,0xff,0xff,0xff,0xff,
    0xff,0xff,0xff,0xff,0xff,0xff,0xff,0xff,0xff,0xff,0xff,0xff,0xff,0xff,0xff,0xff,
    0xff,0xff,0xff,0xff,0xff,0xff,0xef,0x7b,0x49,0x4a,0x8a,0x52,0x69,0x4a,0x69,0x4a,
    0x69,0x4a,0x8a,0x52,0x8a,0x52,0xaa,0x52,0xaa,0x52,0xaa,0x52,0xcb,0x5a,0xcb,0x5a,
    0xcb,0x5a,0xcb,0x5a,0xcb,0x5a,0xcb,0x5a,0xcb,0x5a,0xaa,0x52,0xaa,0x52,0x8a,0x52,
    0x8a,0x52,0x8a,0x52,0x8a,0x52,0x69,0x4a,0x69,0x4a,0x69,0x4a,0x49,0x4a,0xaa,0x52,
    0xcf,0x7b,0x34,0xa5,0x38,0xc6,0xba,0xd6,0x1c,0xe7,0x3c,0xe7,0x1c,0xe7,0xfb,0xde,
    0xdb,0xde,0xba,0xd6,0x14,0xa5,0xaa,0x52,0xe7,0x39,0xc7,0x39,0xc7,0x39,0xa6,0x31,
    0xa6,0x31,0xa6,0x31,0xc7,0x39,0xa6,0x31,0x86,0x31,0x86,0x31,0x86,0x31,0x86,0x31,
    0x86,0x31,0xa6,0x31,0x86,0x31,0xa6,0x31,0xc7,0x39,0xe7,0x39,0x08,0x42,0xe7,0x39,
    0xc7,0x39,0x28,0x42,0x69,0x4a,0xaa,0x52,0xaa,0x52,0xaa,0x52,0x8a,0x52,0x49,0x4a,
    0x08,0x42,0xe7,0x39,0xc7,0x39,0xaa,0x52,0x4d,0x6b,0x2c,0x63,0x0c,0x63,0x0c,0x63,
    0xeb,0x5a,0xeb,0x5a,0xcb,0x5a,0xaa,0x52,0x69,0x4a,0x49,0x4a,0x49,0x4a,0x08,0x42,
    0x24,0x21,0x45,0x29,0x45,0x29,0x45,0x29,0x24,0x21,0x45,0x29,0x24,0x21,0x65,0x29,
    0xc7,0x39,0x08,0x42,0x28,0x42,0x6d,0x6b,0x92,0x94,0xd3,0x9c,0x10,0x84,0xd3,0x9c,
    0x75,0xad,0x79,0xce,0x9a,0xd6,0x3c,0xe7,0x75,0xad,0xef,0x7b,0xf3,0x9c,0x18,0xc6,
    0xd3,0x9c,0x10,0x84,0x4d,0x6b,0xae,0x73,0x14,0xa5,0x30,0x84,0xcf,0x7b,0x2c,0x63,
    0xeb,0x5a,0xaa,0x52,0x8e,0x73,0xb2,0x94,0x75,0xad,0x8e,0x73,0x4d,0x6b,0x4d,0x6b,
    0x0c,0x63,0x0c,0x63,0xeb,0x5a,0xeb,0x5a,0xeb,0x5a,0xcb,0x5a,0xaa,0x52,0xaa,0x52,
    0x8a,0x52,0x8a,0x52,0xaa,0x52,0xaa,0x52,0xaa,0x52,0xeb,0x5a,0xeb,0x5a,0x2c,0x63,
    0x3c,0xe7,0xff,0xff,0xff,0xff,0xff,0xff,0xff,0xff,0xff,0xff,0xff,0xff,0xff,0xff,
    0xff,0xff,0xff,0xff,0xff,0xff,0xff,0xff,0xff,0xff,0xff,0xff,0xff,0xff,0xff,0xff,
    0xdf,0xff,0xff,0xff,0x14,0xa5,0xe7,0x39,0x8a,0x52,0x69,0x4a,0x49,0x4a,0x49,0x4a,
    0x49,0x4a,0x69,0x4a,0x69,0x4a,0x8a,0x52,0x8a,0x52,0xaa,0x52,0xaa,0x52,0xaa,0x52,
    0xaa,0x52,0xaa,0x52,0xaa,0x52,0xaa,0x52,0xaa,0x52,0x8a,0x52,0x8a,0x52,0x69,0x4a,
    0x69,0x4a,0x69,0x4a,0x49,0x4a,0x49,0x4a,0x49,0x4a,0x49,0x4a,0x49,0x4a,0x28,0x42,
    0x8a,0x52,0x6d,0x6b,0xb2,0x94,0xb6,0xb5,0x59,0xce,0xba,0xd6,0xba,0xd6,0x9a,0xd6,
    0x18,0xc6,0x71,0x8c,0x8a,0x52,0xe7,0x39,0xc7,0x39,0xc7,0x39,0xa6,0x31,0xa6,0x31,
    0xa6,0x31,0xa6,0x31,0xa6,0x31,0xa6,0x31,0x86,0x31,0x86,0x31,0xa6,0x31,0x86,0x31,
    0x86,0x31,0xa6,0x31,0x86,0x31,0xa6,0x31,0xc7,0x39,0xc7,0x39,0xa6,0x31,0x86,0x31,
    0xc7,0x39,0x28,0x42,0x69,0x4a,0xaa,0x52,0xcb,0x5a,0xaa,0x52,0x8a,0x52,0x69,0x4a,
    0x08,0x42,0xe7,0x39,0xc7,0x39,0x8a,0x52,0x6d,0x6b,0x2c,0x63,0x2c,0x63,0x2c,0x63,
    0x0c,0x63,0xeb,0x5a,0xcb,0x5a,0xaa,0x52,0x8a,0x52,0x69,0x4a,0x49,0x4a,0x28,0x42,
    0x24,0x21,0x45,0x29,0x45,0x29,0x45,0x29,0x24,0x21,0x45,0x29,0x45,0x29,0x45,0x29,
    0xc7,0x39,0x08,0x42,0x28,0x42,0x4d,0x6b,0x92,0x94,0x75,0xad,0x51,0x8c,0xf3,0x9c,
    0x96,0xb5,0x9a,0xd6,0xba,0xd6,0x3c,0xe7,0xf7,0xbd,0x10,0x84,0xf3,0x9c,0xd7,0xbd,
    0x92,0x94,0xef,0x7b,0x2c,0x63,0xef,0x7b,0x55,0xad,0x30,0x84,0xae,0x73,0x4d,0x6b,
    0xeb,0x5a,0xaa,0x52,0x8e,0x73,0xd3,0x9c,0x34,0xa5,0x6d,0x6b,0x4d,0x6b,0x4d,0x6b,
    0x2c,0x63,0x0c,0x63,0xeb,0x5a,0xeb,0x5a,0xeb,0x5a,0xcb,0x5a,0xaa,0x52,0xaa,0x52,
    0x8a,0x52,0xaa,0x52,0xcb,0x5a,0xcb,0x5a,0xcb,0x5a,0xeb,0x5a,0x0c,0x63,0xeb,0x5a,
    0x6d,0x6b,0x3c,0xe7,0xff,0xff,0xff,0xff,0xff,0xff,0xff,0xff,0xff,0xff,0xff,0xff,
    0xff,0xff,0xff,0xff,0xff,0xff,0xff,0xff,0xff,0xff,0xff,0xff,0xff,0xff,0xff,0xff,
    0xff,0xff,0x75,0xad,0x45,0x29,0xe7,0x39,0x28,0x42,0x49,0x4a,0x49,0x4a,0x49,0x4a,
    0x28,0x42,0x49,0x4a,0x49,0x4a,0x49,0x4a,0x69,0x4a,0x8a,0x52,0x8a,0x52,0x8a,0x52,
    0xaa,0x52,0x8a,0x52,0x8a,0x52,0x8a,0x52,0x8a,0x52,0x69,0x4a,0x69,0x4a,0x69,0x4a,
    0x69,0x4a,0x49,0x4a,0x49,0x4a,0x49,0x4a,0x28,0x42,0x28,0x42,0x28,0x42,0x08,0x42,
    0xe7,0x39,0x28,0x42,0xeb,0x5a,0xef,0x7b,0x92,0x94,0xd3,0x9c,0xf3,0x9c,0x92,0x94,
    0x4d,0x6b,0x08,0x42,0xa6,0x31,0xc7,0x39,0xc7,0x39,0xc7,0x39,0xc7,0x39,0xa6,0x31,
    0xa6,0x31,0xa6,0x31,0xa6,0x31,0x86,0x31,0xa6,0x31,0x86,0x31,0xa6,0x31,0xa6,0x31,
    0xa6,0x31,0xc7,0x39,0xa6,0x31,0xa6,0x31,0x65,0x29,0x45,0x29,0x65,0x29,0x86,0x31,
    0xc7,0x39,0x28,0x42,0x69,0x4a,0xaa,0x52,0xcb,0x5a,0xcb,0x5a,0xaa,0x52,0x69,0x4a,
    0x28,0x42,0x08,0x42,0xe7,0x39,0x69,0x4a,0x6d,0x6b,0x4d,0x6b,0x4d,0x6b,0x2c,0x63,
    0x2c,0x63,0xeb,0x5a,0xcb,0x5a,0xaa,0x52,0x8a,0x52,0x69,0x4a,0x69,0x4a,0x49,0x4a,
    0x45,0x29,0x45,0x29,0x45,0x29,0x24,0x21,0x24,0x21,0x24,0x21,0x45,0x29,0x45,0x29,
    0xa6,0x31,0x08,0x42,0x28,0x42,0x2c,0x63,0x92,0x94,0xd7,0xbd,0xb2,0x94,0x14,0xa5,
    0xd7,0xbd,0x9a,0xd6,0xdb,0xde,0x5d,0xef,0x79,0xce,0x10,0x84,0xd3,0x9c,0xf7,0xbd,
    0xb2,0x94,0xef,0x7b,0x2c,0x63,0x51,0x8c,0x75,0xad,0x51,0x8c,0xae,0x73,0x4d,0x6b,
    0xeb,0x5a,0xaa,0x52,0xae,0x73,0xf3,0x9c,0x14,0xa5,0x6d,0x6b,0x4d,0x6b,0x2c,0x63,
    0x2c,0x63,0x0c,0x63,0xeb,0x5a,0xeb,0x5a,0xeb,0x5a,0xcb,0x5a,0xaa,0x52,0xaa,0x52,
    0xaa,0x52,0xaa,0x52,0xcb,0x5a,0xcb,0x5a,0xcb,0x5a,0xeb,0x5a,0xeb,0x5a,0xeb,0x5a,
    0x8a,0x52,0x0c,0x63,0xba,0xd6,0xff,0xff,0xff,0xff,0xff,0xff,0xff,0xff,0xff,0xff,
    0xff,0xff,0xff,0xff,0xff,0xff,0xff,0xff,0xff,0xff,0xff,0xff,0xff,0xff,0xff,0xff,
    0x34,0xa5,0x86,0x31,0xa6,0x31,0x86,0x31,0xa6,0x31,0xe7,0x39,0x28,0x42,0x28,0x42,
    0x28,0x42,0x28,0x42,0x28,0x42,0x49,0x4a,0x69,0x4a,0x69,0x4a,0x69,0x4a,0x69,0x4a,
    0x69,0x4a,0x69,0x4a,0x49,0x4a,0x69,0x4a,0x69,0x4a,0x69,0x4a,0x49,0x4a,0x49,0x4a,
    0x49,0x4a,0x28,0x42,0x28,0x42,0x08,0x42,0x08,0x42,0x08,0x42,0xe7,0x39,0xe7,0x39,
    0xe7,0x39,0xe7,0x39,0xe7,0x39,0x28,0x42,0x69,0x4a,0x69,0x4a,0x69,0x4a,0x08,0x42,
    0xe7,0x39,0xc7,0x39,0xc7,0x39,0xa6,0x31,0xa6,0x31,0xa6,0x31,0xa6,0x31,0xa6,0x31,
    0xa6,0x31,0xa6,0x31,0xa6,0x31,0x86,0x31,0x86,0x31,0x65,0x29,0x65,0x29,0x86,0x31,
    0xa6,0x31,0xa6,0x31,0x65,0x29,0x45,0x29,0x45,0x29,0x45,0x29,0x65,0x29,0x86,0x31,
    0xc7,0x39,0x28,0x42,0x69,0x4a,0xaa,0x52,0xcb,0x5a,0xcb,0x5a,0xaa,0x52,0x69,0x4a,
    0x49,0x4a,0x08,0x42,0xe7,0x39,0x49,0x4a,0x6d,0x6b,0x4d,0x6b,0x4d,0x6b,0x2c,0x63,
    0x2c,0x63,0x0c,0x63,0xeb,0x5a,0xaa,0x52,0xaa,0x52,0x8a,0x52,0x8a,0x52,0x69,0x4a,
    0x45,0x29,0x45,0x29,0x45,0x29,0x45,0x29,0x24,0x21,0x24,0x21,0x24,0x21,0x24,0x21,
    0x86,0x31,0x08,0x42,0x28,0x42,0x0c,0x63,0x92,0x94,0xd7,0xbd,0x14,0xa5,0x34,0xa5,
    0xf7,0xbd,0x79,0xce,0xdb,0xde,0x5d,0xef,0xfb,0xde,0x30,0x84,0xd3,0x9c,0xf7,0xbd,
    0xb2,0x94,0xcf,0x7b,0x2c,0x63,0xb2,0x94,0x75,0xad,0x51,0x8c,0xcf,0x7b,0x4d,0x6b,
    0xeb,0x5a,0xaa,0x52,0x8e,0x73,0xf3,0x9c,0xd3,0x9c,0x6d,0x6b,0x4d,0x6b,0x2c,0x63,
    0x2c,0x63,0x0c,0x63,0xeb,0x5a,0xeb,0x5a,0xeb,0x5a,0xeb,0x5a,0xcb,0x5a,0xcb,0x5a,
    0xaa,0x52,0xaa,0x52,0xcb,0x5a,0xcb,0x5a,0xcb,0x5a,0xcb,0x5a,0xcb,0x5a,0xcb,0x5a,
    0xeb,0x5a,0xaa,0x52,0xcb,0x5a,0x55,0xad,0x9e,0xf7,0xff,0xff,0xff,0xff,0xff,0xff,
    0xff,0xff,0xff,0xff,0xff,0xff,0xff,0xff,0xff,0xff,0xff,0xff,0xba,0xd6,0xae,0x73,
    0xa6,0x31,0xe7,0x39,0xc7,0x39,0xa6,0x31,0xa6,0x31,0xa6,0x31,0xc7,0x39,0x08,0x42,
    0x28,0x42,0x28,0x42,0x28,0x42,0x49,0x4a,0x49,0x4a,0x49,0x4a,0x69,0x4a,0x49,0x4a,
    0x69,0x4a,0x49,0x4a,0x49,0x4a,0x49,0x4a,0x49,0x4a,0x49,0x4a,0x28,0x42,0x28,0x42,
    0x28,0x42,0x08,0x42,0x08,0x42,0x08,0x42,0xe7,0x39,0xe7,0x39,0xe7,0x39,0xe7,0x39,
    0xe7,0x39,0xe7,0x39,0xe7,0x39,0xc7,0x39,0xa6,0x31,0xa6,0x31,0xa6,0x31,0xc7,0x39,
    0xc7,0x39,0xc7,0x39,0xc7,0x39,0xa6,0x31,0xa6,0x31,0xa6,0x31,0xa6,0x31,0xa6,0x31,
    0xa6,0x31,0xa6,0x31,0xa6,0x31,0xa6,0x31,0xa6,0x31,0x86,0x31,0x65,0x29,0x65,0x29,
    0x65,0x29,0x45,0x29,0x45,0x29,0x45,0x29,0x45,0x29,0x45,0x29,0x65,0x29,0x86,0x31,
    0xc7,0x39,0x08,0x42,0x69,0x4a,0xaa,0x52,0xcb,0x5a,0xcb,0x5a,0xaa,0x52,0x8a,0x52,
    0x69,0x4a,0x28,0x42,0xe7,0x39,0x28,0x42,0x6d,0x6b,0x4d,0x6b,0x4d,0x6b,0x2c,0x63,
    0x2c,0x63,0x0c,0x63,0xeb,0x5a,0xcb,0x5a,0xaa,0x52,0xaa,0x52,0x8a,0x52,0x69,0x4a,
    0x65,0x29,0x45,0x29,0x45,0x29,0x45,0x29,0x45,0x29,0x24,0x21,0x24,0x21,0x24,0x21,
    0x86,0x31,0x28,0x42,0x28,0x42,0x0c,0x63,0x92,0x94,0xd7,0xbd,0x75,0xad,0x34,0xa5,
    0xf7,0xbd,0x9a,0xd6,0xfb,0xde,0x5d,0xef,0x5d,0xef,0xb2,0x94,0xd3,0x9c,0xf7,0xbd,
    0x92,0x94,0xcf,0x7b,0x6d,0x6b,0x14,0xa5,0x55,0xad,0x51,0x8c,0xcf,0x7b,0x2c,0x63,
    0xcb,0x5a,0xaa,0x52,0x6d,0x6b,0x34,0xa5,0xb2,0x94,0x6d,0x6b,0x4d,0x6b,0x2c,0x63,
    0x2c,0x63,0x0c,0x63,0xeb,0x5a,0x0c,0x63,0xeb,0x5a,0xeb,0x5a,0xcb,0x5a,0xaa,0x52,
    0xaa,0x52,0xaa,0x52,0xcb,0x5a,0xcb,0x5a,0xcb,0x5a,0xeb,0x5a,0xeb,0x5a,0xeb,0x5a,
    0xeb,0x5a,0x0c,0x63,0x0c,0x63,0xcb,0x5a,0x4d,0x6b,0x51,0x8c,0xd7,0xbd,0xdb,0xde,
    0x7d,0xef,0x9e,0xf7,0x7d,0xef,0xfb,0xde,0xd7,0xbd,0x10,0x84,0x49,0x4a,0x08,0x42,
    0x28,0x42,0xc7,0x39,0xa6,0x31,0xa6,0x31,0xa6,0x31,0xc7,0x39,0xc7,0x39,0xc7,0x39,
    0xe7,0x39,0x08,0x42,0x28,0x42,0x49,0x4a,0x49,0x4a,0x49,0x4a,0x49,0x4a,0x49,0x4a,
    0x49,0x4a,0x28,0x42,0x49,0x4a,0x28,0x42,0x28,0x42,0x28,0x42,0x28,0x42,0x28,0x42,
    0x28,0x42,0x08,0x42,0x08,0x42,0xe7,0x39,0xe7,0x39,0xe7,0x39,0xe7,0x39,0xe7,0x39,
    0xc7,0x39,0xc7,0x39,0xc7,0x39,0xc7,0x39,0xc7,0x39,0xc7,0x39,0xc7,0x39,0xc7,0x39,
    0xc7,0x39,0xa6,0x31,0xc7,0x39,0xa6,0x31,0xa6,0x31,0xa6,0x31,0xa6,0x31,0xa6,0x31,
    0xa6,0x31,0xa6,0x31,0xa6,0x31,0xa6,0x31,0x86,0x31,0x65,0x29,0x65,0x29,0x45,0x29,
    0x45,0x29,0x45,0x29,0x45,0x29,0x45,0x29,0x65,0x29,0x65,0x29,0x65,0x29,0x86,0x31,
    0xc7,0x39,0x08,0x42,0x69,0x4a,0xaa,0x52,0xcb,0x5a,0xcb,0x5a,0xcb,0x5a,0xaa,0x52,
    0x69,0x4a,0x49,0x4a,0x08,0x42,0x28,0x42,0x6d,0x6b,0x6d,0x6b,0x4d,0x6b,0x4d,0x6b,
    0x2c,0x63,0x0c,0x63,0x0c,0x63,0xeb,0x5a,0xcb,0x5a,0xaa,0x52,0x8a,0x52,0x69,0x4a,
    0x65,0x29,0x45,0x29,0x45,0x29,0x45,0x29,0x45,0x29,0x24,0x21,0x24,0x21,0x45,0x29,
    0x65,0x29,0x28,0x42,0x49,0x4a,0x0c,0x63,0x71,0x8c,0xb6,0xb5,0xd7,0xbd,0x75,0xad,
    0x18,0xc6,0xba,0xd6,0x3c,0xe7,0x7d,0xef,0x9e,0xf7,0xf3,0x9c,0xb2,0x94,0xf7,0xbd,
    0xb2,0x94,0xae,0x73,0xae,0x73,0x55,0xad,0x55,0xad,0x51,0x8c,0xcf,0x7b,0x2c,0x63,
    0xcb,0x5a,0xaa,0x52,0x2c,0x63,0x34,0xa5,0xb2,0x94,0x6d,0x6b,0x4d,0x6b,0x2c,0x63,
    0x2c,0x63,0x0c,0x63,0xeb,0x5a,0x2c,0x63,0x0c,0x63,0xeb,0x5a,0xeb,0x5a,0xcb,0x5a,
    0xaa,0x52,0xcb,0x5a,0xcb,0x5a,0xcb,0x5a,0xcb,0x5a,0xeb,0x5a,0xeb,0x5a,0xeb,0x5a,
    0x0c,0x63,0x0c,0x63,0x0c,0x63,0x2c,0x63,0xaa,0x52,0x86,0x31,0x86,0x31,0xe7,0x39,
    0x69,0x4a,0xeb,0x5a,0x0c,0x63,0xeb,0x5a,0xaa,0x52,0x8a,0x52,0x8a,0x52,0x69,0x4a,
    0xe7,0x39,0xa6,0x31,0xa6,0x31,0xa6,0x31,0xa6,0x31,0xa6,0x31,0xc7,0x39,0xc7,0x39,
    0xc7,0x39,0xc7,0x39,0xe7,0x39,0x08,0x42,0x08,0x42,0x28,0x42,0x28,0x42,0x28,0x42,
    0x28,0x42,0x28,0x42,0x28,0x42,0x28,0x42,0x28,0x42,0x28,0x42,0x08,0x42,0x08,0x42,
    0x08,0x42,0x08,0x42,0xe7,0x39,0xe7,0x39,0xe7,0x39,0xc7,0x39,0xc7,0x39,0xc7,0x39,
    0xc7,0x39,0xc7,0x39,0xc7,0x39,0xc7,0x39,0xc7,0x39,0xa6,0x31,0xa6,0x31,0xa6,0x31,
    0xa6,0x31,0xa6,0x31,0xc7,0x39,0xa6,0x31,0xa6,0x31,0xa6,0x31,0xa6,0x31,0xa6,0x31,
    0xa6,0x31,0xa6,0x31,0xa6,0x31,0xa6,0x31,0x86,0x31,0x65,0x29,0x65,0x29,0x65,0x29,
    0x65,0x29,0x65,0x29,0x65,0x29,0x65,0x29,0x65,0x29,0x65,0x29,0x65,0x29,0x86,0x31,
    0xc7,0x39,0x08,0x42,0x69,0x4a,0xaa,0x52,0xeb,0x5a,0xeb,0x5a,0xeb,0x5a,0xaa,0x52,
    0x8a,0x52,0x49,0x4a,0x08,0x42,0x28,0x42,0x6d,0x6b,0x6d,0x6b,0x4d,0x6b,0x4d,0x6b,
    0x4d,0x6b,0x2c,0x63,0x0c,0x63,0xeb,0x5a,0xcb,0x5a,0xaa,0x52,0x8a,0x52,0x8a,0x52,
    0x65,0x29,0x45,0x29,0x45,0x29,0x24,0x21,0x45,0x29,0x45,0x29,0x45,0x29,0x45,0x29,
    0x65,0x29,0x28,0x42,0x49,0x4a,0x0c,0x63,0x92,0x94,0x96,0xb5,0x59,0xce,0xb6,0xb5,
    0x38,0xc6,0xdb,0xde,0x5d,0xef,0x7d,0xef,0xdf,0xff,0x34,0xa5,0xb2,0x94,0xf7,0xbd,
    0xb2,0x94,0xcf,0x7b,0xef,0x7b,0x96,0xb5,0x55,0xad,0x51,0x8c,0xae,0x73,0x2c,0x63,
    0xaa,0x52,0xcb,0x5a,0x0c,0x63,0x14,0xa5,0xb2,0x94,0x6d,0x6b,0x4d,0x6b,0x4d,0x6b,
    0x4d,0x6b,0x0c,0x63,0x0c,0x63,0x2c,0x63,0x0c,0x63,0xeb,0x5a,0xeb,0x5a,0xcb,0x5a,
    0xcb,0x5a,0xcb,0x5a,0xcb,0x5a,0xcb,0x5a,0xcb,0x5a,0xeb,0x5a,0xeb,0x5a,0xeb,0x5a,
    0x0c,0x63,0x0c,0x63,0xeb,0x5a,0x0c,0x63,0xaa,0x52,0x08,0x42,0x28,0x42,0x28,0x42,
    0x69,0x4a,0x8a,0x52,0xeb,0x5a,0x0c,0x63,0xeb,0x5a,0xcb,0x5a,0x8a,0x52,0x49,0x4a,
    0x08,0x42,0xc7,0x39,0xa6,0x31,0xa6,0x31,0xa6,0x31,0xa6,0x31,0xa6,0x31,0xa6,0x31,
    0xc7,0x39,0xc7,0x39,0xe7,0x39,0xe7,0x39,0xe7,0x39,0xe7,0x39,0xe7,0x39,0x08,0x42,
    0x08,0x42,0x28,0x42,0x28,0x42,0x28,0x42,0x28,0x42,0x08,0x42,0x08,0x42,0x08,0x42,
    0xe7,0x39,0xe7,0x39,0xe7,0x39,0xe7,0x39,0xc7,0x39,0xc7,0x39,0xc7,0x39,0xc7,0x39,
    0xc7,0x39,0xc7,0x39,0xc7,0x39,0xc7,0x39,0xc7,0x39,0xc7,0x39,0xc7,0x39,0xa6,0x31,
    0xa6,0x31,0xa6,0x31,0xa6,0x31,0xa6,0x31,0xa6,0x31,0xa6,0x31,0xa6,0x31,0xa6,0x31,
    0xa6,0x31,0xa6,0x31,0xa6,0x31,0xa6,0x31,0x86,0x31,0x86,0x31,0x65,0x29,0x65,0x29,
    0x65,0x29,0x65,0x29,0x65,0x29,0x65,0x29,0x65,0x29,0x65,0x29,0x86,0x31,0xa6,0x31,
    0xc7,0x39,0x28,0x42,0x8a,0x52,0xcb,0x5a,0xeb,0x5a,0x0c,0x63,0xeb,0x5a,0xcb,0x5a,
    0x8a,0x52,0x69,0x4a,0x28,0x42,0x28,0x42,0x8e,0x73,0x8e,0x73,0x6d,0x6b,0x4d,0x6b,
    0x4d,0x6b,0x2c,0x63,0x0c,0x63,0xeb,0x5a,0xeb,0x5a,0xcb,0x5a,0xaa,0x52,0x8a,0x52,
    0x45,0x29,0x45,0x29,0x45,0x29,0x45,0x29,0x45,0x29,0x24,0x21,0x45,0x29,0x65,0x29,
    0x65,0x29,0x08,0x42,0x49,0x4a,0xeb,0x5a,0x92,0x94,0x75,0xad,0x9a,0xd6,0xf7,0xbd,
    0x9a,0xd6,0x1c,0xe7,0x7d,0xef,0x9e,0xf7,0xdf,0xff,0x75,0xad,0xd3,0x9c,0xf7,0xbd,
    0xb2,0x94,0xcf,0x7b,0x51,0x8c,0xb6,0xb5,0x55,0xad,0x71,0x8c,0xae,0x73,0x0c,0x63,
    0xcb,0x5a,0xcb,0x5a,0xcb,0x5a,0xf3,0x9c,0xb2,0x94,0x6d,0x6b,0x6d,0x6b,0x4d,0x6b,
    0x4d,0x6b,0x0c,0x63,0x0c,0x63,0x2c,0x63,0x0c,0x63,0xeb,0x5a,0xeb,0x5a,0xcb,0x5a,
    0xcb,0x5a,0xcb,0x5a,0xcb,0x5a,0xcb,0x5a,0xcb,0x5a,0xeb,0x5a,0xeb,0x5a,0xeb,0x5a,
    0x0c,0x63,0x0c,0x63,0xeb,0x5a,0xeb,0x5a,0xaa,0x52,0x08,0x42,0x28,0x42,0x49,0x4a,
    0x8a,0x52,0xaa,0x52,0xeb,0x5a,0xeb,0x5a,0xeb,0x5a,0xcb,0x5a,0x8a,0x52,0x49,0x4a,
    0x08,0x42,0xc7,0x39,0xa6,0x31,0x86,0x31,0x86,0x31,0xa6,0x31,0xa6,0x31,0xc7,0x39,
    0xa6,0x31,0xc7,0x39,0xc7,0x39,0xc7,0x39,0xe7,0x39,0xe7,0x39,0xe7,0x39,0xe7,0x39,
    0xe7,0x39,0xe7,0x39,0x08,0x42,0x08,0x42,0x08,0x42,0x08,0x42,0x08,0x42,0x08,0x42,
    0xe7,0x39,0xe7,0x39,0xc7,0x39,0xc7,0x39,0xc7,0x39,0xc7,0x39,0xc7,0x39,0xa6,0x31,
    0xc7,0x39,0xc7,0x39,0xa6,0x31,0xc7,0x39,0xc7,0x39,0xc7,0x39,0xc7,0x39,0xa6,0x31,
    0xa6,0x31,0xa6,0x31,0xa6,0x31,0xa6,0x31,0xc7,0x39,0xa6,0x31,0xa6,0x31,0xa6,0x31,
    0xa6,0x31,0x86,0x31,0xa6,0x31,0xa6,0x31,0x86,0x31,0x86,0x31,0x65,0x29,0x65,0x29,
    0x65,0x29,0x65,0x29,0x65,0x29,0x65,0x29,0x65,0x29,0x86,0x31,0x86,0x31,0xa6,0x31,
    0xe7,0x39,0x28,0x42,0x8a,0x52,0xcb,0x5a,0xeb,0x5a,0x0c,0x63,0x0c,0x63,0xcb,0x5a,
    0xaa,0x52,0x8a,0x52,0x28,0x42,0x49,0x4a,0x8e,0x73,0x8e,0x73,0x8e,0x73,0x8e,0x73,
    0x4d,0x6b,0x4d,0x6b,0x2c,0x63,0x0c,0x63,0xeb,0x5a,0xcb,0x5a,0xcb,0x5a,0x8a,0x52,
    0x45,0x29,0x45,0x29,0x45,0x29,0x45,0x29,0x45,0x29,0x45,0x29,0x45,0x29,0x65,0x29,
    0x65,0x29,0x08,0x42,0x49,0x4a,0xeb,0x5a,0x71,0x8c,0x55,0xad,0xba,0xd6,0x38,0xc6,
    0xdb,0xde,0x3c,0xe7,0x7d,0xef,0x9e,0xf7,0xff,0xff,0xb6,0xb5,0xd3,0x9c,0xf7,0xbd,
    0xb2,0x94,0xef,0x7b,0x92,0x94,0xb6,0xb5,0x55,0xad,0x71,0x8c,0xae,0x73,0x2c,0x63,
    0xcb,0x5a,0xeb,0x5a,0xaa,0x52,0x92,0x94,0xb2,0x94,0x6d,0x6b,0x6d,0x6b,0x4d,0x6b,
    0x2c,0x63,0x0c,0x63,0x0c,0x63,0x2c,0x63,0x2c,0x63,0xeb,0x5a,0xeb,0x5a,0xeb,0x5a,
    0xeb,0x5a,0xcb,0x5a,0xcb,0x5a,0xcb,0x5a,0xcb,0x5a,0xeb,0x5a,0xeb,0x5a,0xeb,0x5a,
    0x0c,0x63,0x0c,0x63,0xeb,0x5a,0x0c,0x63,0xcb,0x5a,0x08,0x42,0x49,0x4a,0x69,0x4a,
    0x8a,0x52,0xaa,0x52,0xcb,0x5a,0xcb,0x5a,0xcb,0x5a,0xcb,0x5a,0x8a,0x52,0x49,0x4a,
    0x08,0x42,0xc7,0x39,0xa6,0x31,0xa6,0x31,0xa6,0x31,0xa6,0x31,0xa6,0x31,0xa6,0x31,
    0x86,0x31,0xa6,0x31,0xa6,0x31,0xa6,0x31,0xc7,0x39,0xe7,0x39,0xe7,0x39,0xe7,0x39,
    0xe7,0x39,0xe7,0x39,0xc7,0x39,0xe7,0x39,0xe7,0x39,0xe7,0x39,0xe7,0x39,0xe7,0x39,
    0xe7,0x39,0xc7,0x39,0xc7,0x39,0xc7,0x39,0xc7,0x39,0xc7,0x39,0xc7,0x39,0xc7,0x39,
    0xc7,0x39,0xc7,0x39,0xc7,0x39,0xa6,0x31,0xa6,0x31,0xa6,0x31,0xa6,0x31,0xa6,0x31,
    0xa6,0x31,0xa6,0x31,0xa6,0x31,0xa6,0x31,0xa6,0x31,0xa6,0x31,0xa6,0x31,0xa6,0x31,
    0xa6,0x31,0x86,0x31,0xa6,0x31,0xa6,0x31,0x86,0x31,0x86,0x31,0x65,0x29,0x65,0x29,
    0x86,0x31,0x65,0x29,0x65,0x29,0x65,0x29,0x86,0x31,0x86,0x31,0x86,0x31,0xa6,0x31,
    0xe7,0x39,0x28,0x42,0xaa,0x52,0xeb,0x5a,0x0c,0x63,0x0c,0x63,0x0c,0x63,0xcb,0x5a,
    0xaa,0x52,0x8a,0x52,0x49,0x4a,0x69,0x4a,0x8e,0x73,0xae,0x73,0xae,0x73,0x8e,0x73,
    0x6d,0x6b,0x4d,0x6b,0x2c,0x63,0x0c,0x63,0xeb,0x5a,0xcb,0x5a,0xcb,0x5a,0x69,0x4a,
    0x45,0x29,0x45,0x29,0x45,0x29,0x45,0x29,0x45,0x29,0x45,0x29,0x45,0x29,0x65,0x29,
    0x65,0x29,0xe7,0x39,0x49,0x4a,0xeb,0x5a,0x71,0x8c,0x14,0xa5,0xfb,0xde,0x79,0xce,
    0xfb,0xde,0x5d,0xef,0x7d,0xef,0x9e,0xf7,0xff,0xff,0xd7,0xbd,0xd3,0x9c,0xf7,0xbd,
    0xb2,0x94,0x10,0x84,0xb2,0x94,0x96,0xb5,0x55,0xad,0x71,0x8c,0xcf,0x7b,0x4d,0x6b,
    0xeb,0x5a,0xeb,0x5a,0x8a,0x52,0x30,0x84,0xb2,0x94,0x6d,0x6b,0x6d,0x6b,0x4d,0x6b,
    0x2c,0x63,0x0c,0x63,0x0c,0x63,0x2c,0x63,0x2c,0x63,0x0c,0x63,0xeb,0x5a,0xcb,0x5a,
    0xcb,0x5a,0xcb,0x5a,0xcb,0x5a,0xeb,0x5a,0xcb,0x5a,0xeb,0x5a,0xeb,0x5a,0xeb,0x5a,
    0x0c,0x63,0xeb,0x5a,0x0c,0x63,0x0c,0x63,0xeb,0x5a,0x49,0x4a,0x49,0x4a,0x49,0x4a,
    0x69,0x4a,0xaa,0x52,0xcb,0x5a,0xcb,0x5a,0xeb,0x5a,0xeb,0x5a,0xaa,0x52,0x69,0x4a,
    0x28,0x42,0xe7,0x39,0xa6,0x31,0xa6,0x31,0xa6,0x31,0xa6,0x31,0xa6,0x31,0xa6,0x31,
    0x86,0x31,0xa6,0x31,0xa6,0x31,0xa6,0x31,0xc7,0x39,0xc7,0x39,0xe7,0x39,0xe7,0x39,
    0xe7,0x39,0xe7,0x39,0xe7,0x39,0xe7,0x39,0xe7,0x39,0xc7,0x39,0xc7,0x39,0xc7,0x39,
    0xc7,0x39,0xc7,0x39,0xc7,0x39,0xc7,0x39,0xa6,0x31,0xa6,0x31,0xa6,0x31,0xc7,0x39,
    0xc7,0x39,0xa6,0x31,0xa6,0x31,0xa6,0x31,0xa6,0x31,0xa6,0x31,0xa6,0x31,0xa6,0x31,
    0xa6,0x31,0xa6,0x31,0xa6,0x31,0xa6,0x31,0xa6,0x31,0xa6,0x31,0xa6,0x31,0xa6,0x31,
    0xa6,0x31,0xa6,0x31,0xa6,0x31,0xc7,0x39,0xa6,0x31,0x86,0x31,0x65,0x29,0x65,0x29,
    0x65,0x29,0x65,0x29,0x86,0x31,0x86,0x31,0x86,0x31,0x86,0x31,0xa6,0x31,0xc7,0x39,
    0x08,0x42,0x49,0x4a,0xaa,0x52,0xeb,0x5a,0x0c,0x63,0x0c,0x63,0x0c,0x63,0xeb,0x5a,
    0xaa,0x52,0x8a,0x52,0x49,0x4a,0x8a,0x52,0xae,0x73,0xae,0x73,0xae,0x73,0x8e,0x73,
    0x8e,0x73,0x4d,0x6b,0x2c,0x63,0x2c,0x63,0x0c,0x63,0xeb,0x5a,0xeb,0x5a,0x69,0x4a,
    0x45,0x29,0x65,0x29,0x45,0x29,0x45,0x29,0x45,0x29,0x45,0x29,0x45,0x29,0x65,0x29,
    0x65,0x29,0xc7,0x39,0x49,0x4a,0xeb,0x5a,0x92,0x94,0x14,0xa5,0xfb,0xde,0xba,0xd6,
    0x1c,0xe7,0x5d,0xef,0x7d,0xef,0x9e,0xf7,0xff,0xff,0xf7,0xbd,0xd3,0x9c,0x18,0xc6,
    0xb2,0x94,0x10,0x84,0xd3,0x9c,0x96,0xb5,0x75,0xad,0x92,0x94,0xef,0x7b,0x4d,0x6b,
    0xeb,0x5a,0xeb,0x5a,0x8a,0x52,0xcf,0x7b,0xb2,0x94,0x6d,0x6b,0x6d,0x6b,0x4d,0x6b,
    0x2c,0x63,0x2c,0x63,0x0c,0x63,0x2c,0x63,0x2c,0x63,0x0c,0x63,0x0c,0x63,0xcb,0x5a,
    0xcb,0x5a,0xcb,0x5a,0xcb,0x5a,0xcb,0x5a,0xcb,0x5a,0xeb,0x5a,0xeb,0x5a,0xeb,0x5a,
    0x0c,0x63,0x0c,0x63,0x0c,0x63,0x0c,0x63,0xeb,0x5a,0x49,0x4a,0x49,0x4a,0x49,0x4a,
    0x69,0x4a,0x8a,0x52,0xcb,0x5a,0xeb,0x5a,0xeb,0x5a,0xeb,0x5a,0xaa,0x52,0x69,0x4a,
    0x28,0x42,0xc7,0x39,0xa6,0x31,0xa6,0x31,0xa6,0x31,0x86,0x31,0x86,0x31,0xa6,0x31,
    0xa6,0x31,0xa6,0x31,0xa6,0x31,0xc7,0x39,0xc7,0x39,0xc7,0x39,0xe7,0x39,0xe7,0x39,
    0xc7,0x39,0xc7,0x39,0xc7,0x39,0xc7,0x39,0xc7,0x39,0xc7,0x39,0xc7,0x39,0xc7,0x39,
    0xc7,0x39,0xc7,0x39,0xc7,0x39,0xc7,0x39,0xa6,0x31,0xa6,0x31,0xa6,0x31,0xa6,0x31,
    0xa6,0x31,0xa6,0x31,0xa6,0x31,0xa6,0x31,0xa6,0x31,0xa6,0x31,0xa6,0x31,0xa6,0x31,
    0xa6,0x31,0xa6,0x31,0xc7,0x39,0xc7,0x39,0xa6,0x31,0xc7,0x39,0xa6,0x31,0xa6,0x31,
    0xa6,0x31,0xa6,0x31,0xc7,0x39,0xc7,0x39,0xc7,0x39,0x86,0x31,0x65,0x29,0x86,0x31,
    0x86,0x31,0x86,0x31,0x86,0x31,0x86,0x31,0x86,0x31,0x86,0x31,0xa6,0x31,0xc7,0x39,
    0x08,0x42,0x49,0x4a,0xaa,0x52,0xeb,0x5a,0x0c,0x63,0x2c,0x63,0x0c,0x63,0xeb,0x5a,
    0xcb,0x5a,0xaa,0x52,0x69,0x4a,0xaa,0x52,0xef,0x7b,0xcf,0x7b,0xae,0x73,0x8e,0x73,
    0x6d,0x6b,0x6d,0x6b,0x4d,0x6b,0x2c,0x63,0x0c,0x63,0xeb,0x5a,0xeb,0x5a,0x49,0x4a,
    0x45,0x29,0x65,0x29,0x45,0x29,0x45,0x29,0x45,0x29,0x45,0x29,0x65,0x29,0x65,0x29,
    0x65,0x29,0xc7,0x39,0x49,0x4a,0xeb,0x5a,0x92,0x94,0xf3,0x9c,0x1c,0xe7,0xfb,0xde,
    0x3c,0xe7,0x5d,0xef,0x7d,0xef,0x9e,0xf7,0xff,0xff,0xf7,0xbd,0xd3,0x9c,0x18,0xc6,
    0xb2,0x94,0x30,0x84,0xf3,0x9c,0x96,0xb5,0x96,0xb5,0x92,0x94,0x10,0x84,0x6d,0x6b,
    0xeb,0x5a,0xeb,0x5a,0xaa,0x52,0x2c,0x63,0xb2,0x94,0x6d,0x6b,0x6d,0x6b,0x4d,0x6b,
    0x2c,0x63,0x2c,0x63,0x0c,0x63,0x2c,0x63,0x2c,0x63,0x0c,0x63,0xeb,0x5a,0xeb,0x5a,
    0xcb,0x5a,0xeb,0x5a,0xcb,0x5a,0xcb,0x5a,0xcb,0x5a,0xeb,0x5a,0xeb,0x5a,0xeb,0x5a,
    0x0c,0x63,0x0c,0x63,0x0c,0x63,0x0c,0x63,0xeb,0x5a,0x49,0x4a,0x28,0x42,0x49,0x4a,
    0x69,0x4a,0x8a,0x52,0xcb,0x5a,0xeb,0x5a,0xeb,0x5a,0xeb,0x5a,0xaa,0x52,0x69,0x4a,
    0x28,0x42,0xe7,0x39,0xa6,0x31,0x86,0x31,0x86,0x31,0x86,0x31,0x86,0x31,0x86,0x31,
    0x86,0x31,0x86,0x31,0xa6,0x31,0xc7,0x39,0xc7,0x39,0xc7,0x39,0xc7,0x39,0xe7,0x39,
    0xc7,0x39,0xc7,0x39,0xc7,0x39,0xc7,0x39,0xc7,0x39,0xe7,0x39,0xc7,0x39,0xa6,0x31,
    0xa6,0x31,0xc7,0x39,0xc7,0x39,0xc7,0x39,0xc7,0x39,0xc7,0x39,0xa6,0x31,0xa6,0x31,
    0xc7,0x39,0xa6,0x31,0xa6,0x31,0xa6,0x31,0xa6,0x31,0xa6,0x31,0xa6,0x31,0xc7,0x39,
    0xc7,0x39,0xc7,0x39,0xc7,0x39,0xc7,0x39,0xc7,0x39,0xe7,0x39,0xc7,0x39,0xc7,0x39,
    0xc7,0x39,0xc7,0x39,0xc7,0x39,0xe7,0x39,0xc7,0x39,0x86,0x31,0x86,0x31,0x86,0x31,
    0x86,0x31,0x86,0x31,0xa6,0x31,0x86,0x31,0x86,0x31,0xa6,0x31,0xa6,0x31,0xc7,0x39,
    0x08,0x42,0x49,0x4a,0xaa,0x52,0xeb,0x5a,0x2c,0x63,0x2c,0x63,0x2c,0x63,0x0c,0x63,
    0xcb,0x5a,0xaa,0x52,0x69,0x4a,0xeb,0x5a,0x10,0x84,0xcf,0x7b,0xcf,0x7b,0xae,0x73,
    0x8e,0x73,0x6d,0x6b,0x4d,0x6b,0x2c,0x63,0x0c,0x63,0xeb,0x5a,0x0c,0x63,0x28,0x42,
    0x45,0x29,0x65,0x29,0x45,0x29,0x45,0x29,0x45,0x29,0x45,0x29,0x45,0x29,0x65,0x29,
    0x65,0x29,0xc7,0x39,0x49,0x4a,0x0c,0x63,0xb2,0x94,0xd3,0x9c,0x1c,0xe7,0x1c,0xe7,
    0x3c,0xe7,0x5d,0xef,0x9e,0xf7,0x9e,0xf7,0xff,0xff,0xf7,0xbd,0x14,0xa5,0x38,0xc6,
    0x92,0x94,0x51,0x8c,0x14,0xa5,0x96,0xb5,0x96,0xb5,0x92,0x94,0x10,0x84,0x6d,0x6b,
    0xeb,0x5a,0xcb,0x5a,0xaa,0x52,0xaa,0x52,0x51,0x8c,0x8e,0x73,0x6d,0x6b,0x4d,0x6b,
    0x2c,0x63,0x4d,0x6b,0x0c,0x63,0x0c,0x63,0x2c,0x63,0x0c,0x63,0xeb,0x5a,0xeb,0x5a,
    0xcb,0x5a,0xeb,0x5a,0xcb,0x5a,0xcb,0x5a,0xeb,0x5a,0xeb,0x5a,0xeb,0x5a,0xeb,0x5a,
    0xeb,0x5a,0x0c,0x63,0x0c,0x63,0x0c,0x63,0xeb,0x5a,0x49,0x4a,0x28,0x42,0x49,0x4a,
    0x49,0x4a,0x8a,0x52,0xcb,0x5a,0xeb,0x5a,0xeb,0x5a,0xeb,0x5a,0xcb,0x5a,0x8a,0x52,
    0x28,0x42,0xe7,0x39,0xc7,0x39,0xa6,0x31,0x86,0x31,0x86,0x31,0x86,0x31,0x86,0x31,
    0x86,0x31,0x86,0x31,0xa6,0x31,0xa6,0x31,0xa6,0x31,0xc7,0x39,0xc7,0x39,0xe7,0x39,
    0xc7,0x39,0xc7,0x39,0xc7,0x39,0xc7,0x39,0xc7,0x39,0xc7,0x39,0xc7,0x39,0xa6,0x31,
    0xa6,0x31,0xc7,0x39,0xc7,0x39,0xc7,0x39,0xc7,0x39,0xc7,0x39,0xc7,0x39,0xa6,0x31,
    0xa6,0x31,0xa6,0x31,0xa6,0x31,0xa6,0x31,0xa6,0x31,0xa6,0x31,0xa6,0x31,0xc7,0x39,
    0xc7,0x39,0xc7,0x39,0xc7,0x39,0xc7,0x39,0xe7,0x39,0xe7,0x39,0xe7,0x39,0xc7,0x39,
    0xc7,0x39,0xc7,0x39,0xc7,0x39,0xc7,0x39,0xc7,0x39,0xa6,0x31,0x86,0x31,0x86,0x31,
    0x86,0x31,0xa6,0x31,0xa6,0x31,0x86,0x31,0x86,0x31,0xa6,0x31,0xc7,0x39,0xe7,0x39,
    0x08,0x42,0x69,0x4a,0xcb,0x5a,0x0c,0x63,0x2c,0x63,0x2c,0x63,0x2c,0x63,0x0c,0x63,
    0xeb,0x5a,0xcb,0x5a,0x69,0x4a,0x2c,0x63,0x10,0x84,0xcf,0x7b,0xcf,0x7b,0xae,0x73,
    0x8e,0x73,0x6d,0x6b,0x4d,0x6b,0x4d,0x6b,0x0c,0x63,0x0c,0x63,0x0c,0x63,0xe7,0x39,
    0x45,0x29,0x65,0x29,0x45,0x29,0x45,0x29,0x45,0x29,0x45,0x29,0x45,0x29,0x65,0x29,
    0x86,0x31,0xa6,0x31,0x49,0x4a,0x4d,0x6b,0x92,0x94,0xd3,0x9c,0x1c,0xe7,0x1c,0xe7,
    0x3c,0xe7,0x5d,0xef,0x9e,0xf7,0xbe,0xf7,0xff,0xff,0xf7,0xbd,0x34,0xa5,0x38,0xc6,
    0x92,0x94,0x71,0x8c,0x34,0xa5,0x96,0xb5,0xb6,0xb5,0xb2,0x94,0x10,0x84,0x6d,0x6b,
    0x0c,0x63,0xcb,0x5a,0xaa,0x52,0x69,0x4a,0xef,0x7b,0xae,0x73,0x4d,0x6b,0x4d,0x6b,
    0x2c,0x63,0x4d,0x6b,0x2c,0x63,0x0c,0x63,0x2c,0x63,0x2c,0x63,0x0c,0x63,0xeb,0x5a,
    0xcb,0x5a,0xeb,0x5a,0xcb,0x5a,0xcb,0x5a,0xeb,0x5a,0xcb,0x5a,0xeb,0x5a,0xeb,0x5a,
    0xeb,0x5a,0xeb,0x5a,0x0c,0x63,0x0c,0x63,0x0c,0x63,0x69,0x4a,0x28,0x42,0x49,0x4a,
    0x69,0x4a,0x8a,0x52,0xcb,0x5a,0xeb,0x5a,0xeb,0x5a,0xeb,0x5a,0xcb,0x5a,0x8a,0x52,
    0x28,0x42,0xe7,0x39,0xc7,0x39,0x86,0x31,0x86,0x31,0x86,0x31,0x86,0x31,0x86,0x31,
    0x86,0x31,0x86,0x31,0xa6,0x31,0xa6,0x31,0xa6,0x31,0xc7,0x39,0xc7,0x39,0xe7,0x39,
    0xc7,0x39,0xc7,0x39,0xc7,0x39,0xc7,0x39,0xc7,0x39,0xc7,0x39,0xc7,0x39,0xc7,0x39,
    0xc7,0x39,0xc7,0x39,0xc7,0x39,0xe7,0x39,0xe7,0x39,0xe7,0x39,0xc7,0x39,0xc7,0x39,
    0xc7,0x39,0xc7,0x39,0xc7,0x39,0xc7,0x39,0xc7,0x39,0xc7,0x39,0xa6,0x31,0xc7,0x39,
    0xc7,0x39,0xe7,0x39,0xc7,0x39,0xe7,0x39,0xe7,0x39,0xc7,0x39,0xc7,0x39,0xc7,0x39,
    0xc7,0x39,0xc7,0x39,0xc7,0x39,0xc7,0x39,0xc7,0x39,0xa6,0x31,0x86,0x31,0x86,0x31,
    0x86,0x31,0xa6,0x31,0xa6,0x31,0xa6,0x31,0xa6,0x31,0xa6,0x31,0xc7,0x39,0xe7,0x39,
    0x08,0x42,0x8a,0x52,0xcb,0x5a,0x0c,0x63,0x2c,0x63,0x2c,0x63,0x0c,0x63,0x0c,0x63,
    0xeb,0x5a,0xcb,0x5a,0x69,0x4a,0x6d,0x6b,0x30,0x84,0xcf,0x7b,0xcf,0x7b,0xcf,0x7b,
    0xae,0x73,0x6d,0x6b,0x6d,0x6b,0x4d,0x6b,0x2c,0x63,0x0c,0x63,0x0c,0x63,0xc7,0x39,
    0x45,0x29,0x65,0x29,0x65,0x29,0x45,0x29,0x45,0x29,0x65,0x29,0x45,0x29,0x65,0x29,
    0x86,0x31,0xa6,0x31,0x69,0x4a,0x6d,0x6b,0x71,0x8c,0xb2,0x94,0x1c,0xe7,0x1c,0xe7,
    0x3c,0xe7,0x5d,0xef,0x9e,0xf7,0xbe,0xf7,0xff,0xff,0xd7,0xbd,0x34,0xa5,0x59,0xce,
    0x92,0x94,0x92,0x94,0x55,0xad,0x75,0xad,0xf7,0xbd,0xb2,0x94,0x10,0x84,0x6d,0x6b,
    0x0c,0x63,0xcb,0x5a,0xcb,0x5a,0x69,0x4a,0x4d,0x6b,0xae,0x73,0x6d,0x6b,0x6d,0x6b,
    0x4d,0x6b,0x4d,0x6b,0x2c,0x63,0x0c,0x63,0x2c,0x63,0x2c,0x63,0x0c,0x63,0xeb,0x5a,
    0xeb,0x5a,0xeb,0x5a,0xeb,0x5a,0xcb,0x5a,0xeb,0x5a,0xeb,0x5a,0xeb,0x5a,0x0c,0x63,
    0x0c,0x63,0x0c,0x63,0x0c,0x63,0xeb,0x5a,0x0c,0x63,0x8a,0x52,0x28,0x42,0x49,0x4a,
    0x69,0x4a,0x8a,0x52,0xcb,0x5a,0xeb,0x5a,0xeb,0x5a,0x0c,0x63,0xcb,0x5a,0x8a,0x52,
    0x49,0x4a,0xe7,0x39,0xc7,0x39,0x86,0x31,0x86,0x31,0x86,0x31,0x86,0x31,0x86,0x31,
    0x65,0x29,0x86,0x31,0xa6,0x31,0xa6,0x31,0xa6,0x31,0xc7,0x39,0xc7,0x39,0xc7,0x39,
    0xc7,0x39,0xc7,0x39,0xc7,0x39,0xc7,0x39,0xc7,0x39,0xc7,0x39,0xc7,0x39,0xc7,0x39,
    0xc7,0x39,0xe7,0x39,0xe7,0x39,0xe7,0x39,0xc7,0x39,0xe7,0x39,0xc7,0x39,0xc7,0x39,
    0xc7,0x39,0xc7,0x39,0xc7,0x39,0xa6,0x31,0xa6,0x31,0xc7,0x39,0xc7,0x39,0xc7,0x39,
    0xe7,0x39,0xc7,0x39,0xc7,0x39,0xc7,0x39,0xc7,0x39,0xc7,0x39,0xc7,0x39,0xc7,0x39,
    0xc7,0x39,0xc7,0x39,0xe7,0x39,0xc7,0x39,0xc7,0x39,0xa6,0x31,0x86,0x31,0x86,0x31,
    0x86,0x31,0xa6,0x31,0xa6,0x31,0xa6,0x31,0xa6,0x31,0xa6,0x31,0xc7,0x39,0xe7,0x39,
    0x28,0x42,0x8a,0x52,0xeb,0x5a,0x2c,0x63,0x2c,0x63,0x2c,0x63,0x0c,0x63,0x0c,0x63,
    0xeb,0x5a,0xcb,0x5a,0x8a,0x52,0xae,0x73,0x30,0x84,0xef,0x7b,0xcf,0x7b,0xcf,0x7b,
    0xae,0x73,0x8e,0x73,0x6d,0x6b,0x4d,0x6b,0x2c,0x63,0x0c,0x63,0xeb,0x5a,0x86,0x31,
    0x65,0x29,0x65,0x29,0x65,0x29,0x65,0x29,0x65,0x29,0x65,0x29,0x45,0x29,0x65,0x29,
    0x86,0x31,0xc7,0x39,0x69,0x4a,0xae,0x73,0x71,0x8c,0x92,0x94,0xfb,0xde,0x1c,0xe7,
    0x3c,0xe7,0x5d,0xef,0x9e,0xf7,0xbe,0xf7,0xff,0xff,0xb6,0xb5,0x55,0xad,0x79,0xce,
    0x92,0x94,0xb2,0x94,0x75,0xad,0x55,0xad,0x18,0xc6,0xd3,0x9c,0x30,0x84,0x8e,0x73,
    0x0c,0x63,0xaa,0x52,0xeb,0x5a,0x8a,0x52,0xeb,0x5a,0x6d,0x6b,0x6d,0x6b,0x4d,0x6b,
    0x2c,0x63,0x2c,0x63,0x2c,0x63,0x0c,0x63,0x2c,0x63,0x2c,0x63,0x0c,0x63,0x0c,0x63,
    0xeb,0x5a,0xeb,0x5a,0xeb,0x5a,0xcb,0x5a,0xeb,0x5a,0xeb,0x5a,0xeb,0x5a,0x0c,0x63,
    0x0c,0x63,0x0c,0x63,0x0c,0x63,0x0c,0x63,0x0c,0x63,0xcb,0x5a,0x08,0x42,0x49,0x4a,
    0x69,0x4a,0x8a,0x52,0xaa,0x52,0xeb,0x5a,0x0c,0x63,0x0c,0x63,0xeb,0x5a,0xaa,0x52,
    0x49,0x4a,0x08,0x42,0xe7,0x39,0xa6,0x31,0x86,0x31,0x86,0x31,0xa6,0x31,0x86,0x31,
    0x65,0x29,0x86,0x31,0xa6,0x31,0xa6,0x31,0xa6,0x31,0xc7,0x39,0xc7,0x39,0xc7,0x39,
    0xc7,0x39,0xc7,0x39,0xc7,0x39,0xc7,0x39,0xc7,0x39,0xc7,0x39,0xc7,0x39,0xc7,0x39,
    0xc7,0x39,0xc7,0x39,0xc7,0x39,0xc7,0x39,0xc7,0x39,0xc7,0x39,0xc7,0x39,0xc7,0x39,
    0xc7,0x39,0xc7,0x39,0xc7,0x39,0xc7,0x39,0xc7,0x39,0xc7,0x39,0xe7,0x39,0xe7,0x39,
    0xe7,0x39,0xe7,0x39,0xe7,0x39,0xc7,0x39,0xc7,0x39,0xe7,0x39,0xe7,0x39,0xe7,0x39,
    0xe7,0x39,0xc7,0x39,0xe7,0x39,0xe7,0x39,0xc7,0x39,0xa6,0x31,0xa6,0x31,0xa6,0x31,
    0xa6,0x31,0xa6,0x31,0xa6,0x31,0xa6,0x31,0xa6,0x31,0xa6,0x31,0xc7,0x39,0xe7,0x39,
    0x49,0x4a,0xaa,0x52,0x0c,0x63,0x2c,0x63,0x4d,0x6b,0x4d,0x6b,0x2c,0x63,0x0c,0x63,
    0xeb,0x5a,0xcb,0x5a,0xcb,0x5a,0x10,0x84,0x30,0x84,0x10,0x84,0xef,0x7b,0xcf,0x7b,
    0xae,0x73,0xae,0x73,0x6d,0x6b,0x4d,0x6b,0x2c,0x63,0x2c,0x63,0xcb,0x5a,0x65,0x29,
    0x86,0x31,0x65,0x29,0x65,0x29,0x65,0x29,0x65,0x29,0x45,0x29,0x45,0x29,0x86,0x31,
    0x86,0x31,0xc7,0x39,0x69,0x4a,0xcf,0x7b,0x71,0x8c,0x51,0x8c,0xdb,0xde,0x1c,0xe7,
    0x3c,0xe7,0x5d,0xef,0x9e,0xf7,0xdf,0xff,0xdf,0xff,0x96,0xb5,0x96,0xb5,0x9a,0xd6,
    0xd3,0x9c,0xb2,0x94,0xb6,0xb5,0x34,0xa5,0x18,0xc6,0xf3,0x9c,0x30,0x84,0x8e,0x73,
    0x0c,0x63,0x8a,0x52,0xeb,0x5a,0xaa,0x52,0xcb,0x5a,0x0c,0x63,0x8e,0x73,0x4d,0x6b,
    0x2c,0x63,0x2c,0x63,0x2c,0x63,0x2c,0x63,0x2c,0x63,0x0c,0x63,0x0c,0x63,0x0c,0x63,
    0x0c,0x63,0xeb,0x5a,0xeb,0x5a,0xcb,0x5a,0xeb,0x5a,0xeb,0x5a,0xeb,0x5a,0xeb,0x5a,
    0xeb,0x5a,0x0c,0x63,0x0c,0x63,0x0c,0x63,0x0c,0x63,0xeb,0x5a,0x28,0x42,0x49,0x4a,
    0x69,0x4a,0x8a,0x52,0xaa,0x52,0xeb,0x5a,0xeb,0x5a,0x0c,0x63,0xeb,0x5a,0xaa,0x52,
    0x69,0x4a,0x28,0x42,0xe7,0x39,0xc7,0x39,0x86,0x31,0x86,0x31,0xa6,0x31,0x86,0x31,
    0x86,0x31,0x86,0x31,0xa6,0x31,0xa6,0x31,0xa6,0x31,0xc7,0x39,0xc7,0x39,0xc7,0x39,
    0xc7,0x39,0xc7,0x39,0xc7,0x39,0xc7,0x39,0xe7,0x39,0xc7,0x39,0xe7,0x39,0xe7,0x39,
    0xc7,0x39,0xc7,0x39,0xc7,0x39,0xc7,0x39,0xc7,0x39,0xe7,0x39,0xe7,0x39,0xe7,0x39,
    0xe7,0x39,0xe7,0x39,0xe7,0x39,0xc7,0x39,0xe7,0x39,0x08,0x42,0x08,0x42,0xe7,0x39,
    0x08,0x42,0x08,0x42,0xe7,0x39,0xe7,0x39,0xe7,0x39,0xe7,0x39,0xe7,0x39,0x08,0x42,
    0x08,0x42,0xe7,0x39,0x08,0x42,0x08,0x42,0xe7,0x39,0xa6,0x31,0xa6,0x31,0xa6,0x31,
    0xa6,0x31,0xa6,0x31,0xa6,0x31,0xc7,0x39,0xa6,0x31,0xa6,0x31,0xe7,0x39,0x28,0x42,
    0x69,0x4a,0xcb,0x5a,0x2c,0x63,0x4d,0x6b,0x4d,0x6b,0x4d,0x6b,0x4d,0x6b,0x2c,0x63,
    0x0c,0x63,0xcb,0x5a,0x0c,0x63,0x51,0x8c,0x30,0x84,0x10,0x84,0xef,0x7b,0xef,0x7b,
    0xcf,0x7b,0xae,0x73,0x8e,0x73,0x6d,0x6b,0x2c,0x63,0x4d,0x6b,0x69,0x4a,0x65,0x29,
    0x86,0x31,0x65,0x29,0x65,0x29,0x45,0x29,0x45,0x29,0x45,0x29,0x65,0x29,0x86,0x31,
    0x65,0x29,0xc7,0x39,0x69,0x4a,0x10,0x84,0x71,0x8c,0x10,0x84,0x9a,0xd6,0x3c,0xe7,
    0x3c,0xe7,0x5d,0xef,0x9e,0xf7,0xdf,0xff,0xbe,0xf7,0x75,0xad,0xb6,0xb5,0xba,0xd6,
    0x55,0xad,0xb2,0x94,0xf7,0xbd,0x14,0xa5,0xf7,0xbd,0x14,0xa5,0x30,0x84,0x8e,0x73,
    0x2c,0x63,0xaa,0x52,0xcb,0x5a,0xcb,0x5a,0xcb,0x5a,0x8a,0x52,0x6d,0x6b,0x4d,0x6b,
    0x4d,0x6b,0x2c,0x63,0x2c,0x63,0x2c,0x63,0x2c,0x63,0x2c,0x63,0x2c,0x63,0x0c,0x63,
    0x0c,0x63,0x0c,0x63,0xeb,0x5a,0xeb,0x5a,0xeb,0x5a,0xeb,0x5a,0xeb,0x5a,0x0c,0x63,
    0x0c,0x63,0x0c,0x63,0x0c,0x63,0x0c,0x63,0x0c,0x63,0x0c,0x63,0x49,0x4a,0x49,0x4a,
    0x69,0x4a,0x8a,0x52,0xcb,0x5a,0xeb,0x5a,0xeb,0x5a,0x0c,0x63,0xeb,0x5a,0xcb,0x5a,
    0x8a,0x52,0x28,0x42,0x08,0x42,0xe7,0x39,0xa6,0x31,0xa6,0x31,0xa6,0x31,0x86,0x31,
    0x86,0x31,0x86,0x31,0xa6,0x31,0xa6,0x31,0xa6,0x31,0xc7,0x39,0xc7,0x39,0xe7,0x39,
    0xe7,0x39,0xe7,0x39,0xe7,0x39,0xe7,0x39,0xe7,0x39,0xe7,0x39,0xe7,0x39,0xc7,0x39,
    0xe7,0x39,0xe7,0x39,0xe7,0x39,0xe7,0x39,0xe7,0x39,0xe7,0x39,0xe7,0x39,0xe7,0x39,
    0xe7,0x39,0xe7,0x39,0xe7,0x39,0xe7,0x39,0x08,0x42,0xe7,0x39,0xe7,0x39,0xe7,0x39,
    0xe7,0x39,0x08,0x42,0x08,0x42,0x08,0x42,0x08,0x42,0xe7,0x39,0xe7,0x39,0x08,0x42,
    0x08,0x42,0xe7,0x39,0x08,0x42,0x08,0x42,0xc7,0x39,0xa6,0x31,0xa6,0x31,0xc7,0x39,
    0xa6,0x31,0xa6,0x31,0xa6,0x31,0xc7,0x39,0xc7,0x39,0xc7,0x39,0x08,0x42,0x49,0x4a,
    0xaa,0x52,0xeb,0x5a,0x4d,0x6b,0x4d,0x6b,0x4d,0x6b,0x4d,0x6b,0x4d,0x6b,0x2c,0x63,
    0x0c,0x63,0xcb,0x5a,0x4d,0x6b,0x71,0x8c,0x51,0x8c,0x30,0x84,0x10,0x84,0xef,0x7b,
    0xcf,0x7b,0xae,0x73,0x8e,0x73,0x6d,0x6b,0x4d,0x6b,0x4d,0x6b,0x08,0x42,0x65,0x29,
    0x65,0x29,0x65,0x29,0x65,0x29,0x45,0x29,0x65,0x29,0x45,0x29,0x65,0x29,0x86,0x31,
    0x86,0x31,0xc7,0x39,0x8a,0x52,0x71,0x8c,0x71,0x8c,0x10,0x84,0x9a,0xd6,0x3c,0xe7,
    0x3c,0xe7,0x7d,0xef,0x9e,0xf7,0xff,0xff,0x7d,0xef,0x55,0xad,0xb6,0xb5,0xba,0xd6,
    0xb6,0xb5,0xb2,0x94,0x18,0xc6,0x14,0xa5,0xd7,0xbd,0x55,0xad,0x51,0x8c,0xae,0x73,
    0x4d,0x6b,0xaa,0x52,0xaa,0x52,0xeb,0x5a,0xcb,0x5a,0x28,0x42,0x0c,0x63,0x4d,0x6b,
    0x4d,0x6b,0x4d,0x6b,0x2c,0x63,0x2c,0x63,0x2c,0x63,0x2c,0x63,0x2c,0x63,0x2c,0x63,
    0x0c,0x63,0x0c,0x63,0x0c,0x63,0x0c,0x63,0xeb,0x5a,0xeb,0x5a,0xeb,0x5a,0x0c,0x63,
    0x0c,0x63,0x0c,0x63,0x0c,0x63,0x0c,0x63,0x0c,0x63,0x2c,0x63,0xaa,0x52,0x49,0x4a,
    0x69,0x4a,0x8a,0x52,0xaa,0x52,0xeb,0x5a,0xeb,0x5a,0x0c,0x63,0x0c,0x63,0xcb,0x5a,
    0xaa,0x52,0x69,0x4a,0x28,0x42,0xe7,0x39,0xc7,0x39,0xa6,0x31,0xa6,0x31,0x86,0x31,
    0x86,0x31,0x86,0x31,0x86,0x31,0xa6,0x31,0xc7,0x39,0xc7,0x39,0xc7,0x39,0xc7,0x39,
    0xe7,0x39,0xe7,0x39,0xe7,0x39,0xe7,0x39,0xe7,0x39,0xe7,0x39,0xe7,0x39,0x08,0x42,
    0xe7,0x39,0xe7,0x39,0x08,0x42,0x08,0x42,0xe7,0x39,0xe7,0x39,0x08,0x42,0xe7,0x39,
    0xe7,0x39,0x08,0x42,0x08,0x42,0x08,0x42,0x08,0x42,0x08,0x42,0xe7,0x39,0x08,0x42,
    0xe7,0x39,0x08,0x42,0x28,0x42,0x08,0x42,0x08,0x42,0x08,0x42,0x08,0x42,0x08,0x42,
    0x08,0x42,0x08,0x42,0x28,0x42,0x08,0x42,0xc7,0x39,0xc7,0x39,0xc7,0x39,0xc7,0x39,
    0xc7,0x39,0xc7,0x39,0xc7,0x39,0xc7,0x39,0xc7,0x39,0xe7,0x39,0x28,0x42,0x69,0x4a,
    0xcb,0x5a,0x2c,0x63,0x6d,0x6b,0x6d,0x6b,0x6d,0x6b,0x6d,0x6b,0x4d,0x6b,0x4d,0x6b,
    0x0c,0x63,0xcb,0x5a,0xcf,0x7b,0x71,0x8c,0x51,0x8c,0x30,0x84,0x10,0x84,0x10,0x84,
    0xef,0x7b,0xcf,0x7b,0xae,0x73,0x8e,0x73,0x6d,0x6b,0x2c,0x63,0xa6,0x31,0x86,0x31,
    0x86,0x31,0x65,0x29,0x65,0x29,0x65,0x29,0x65,0x29,0x65,0x29,0x86,0x31,0x86,0x31,
    0x86,0x31,0xc7,0x39,0xcb,0x5a,0x92,0x94,0x51,0x8c,0xef,0x7b,0x79,0xce,0x5d,0xef,
    0x5d,0xef,0x7d,0xef,0x9e,0xf7,0xff,0xff,0x1c,0xe7,0x14,0xa5,0xb6,0xb5,0xdb,0xde,
    0x38,0xc6,0x92,0x94,0x38,0xc6,0x34,0xa5,0xb6,0xb5,0x96,0xb5,0x92,0x94,0xcf,0x7b,
    0x6d,0x6b,0x0c,0x63,0x8a,0x52,0x0c,0x63,0xaa,0x52,0x28,0x42,0x49,0x4a,0x6d,0x6b,
    0x2c,0x63,0x6d,0x6b,0x2c,0x63,0x2c,0x63,0x2c,0x63,0x2c,0x63,0x2c,0x63,0x2c,0x63,
    0x2c,0x63,0x0c,0x63,0x0c,0x63,0x0c,0x63,0x0c,0x63,0xeb,0x5a,0xeb,0x5a,0x0c,0x63,
    0x0c,0x63,0x0c,0x63,0x0c,0x63,0x2c,0x63,0x2c,0x63,0x2c,0x63,0xeb,0x5a,0x49,0x4a,
    0x69,0x4a,0x69,0x4a,0xaa,0x52,0xcb,0x5a,0xeb,0x5a,0x0c,0x63,0x0c,0x63,0xeb,0x5a,
    0xcb,0x5a,0x8a,0x52,0x28,0x42,0x08,0x42,0xe7,0x39,0xc7,0x39,0xa6,0x31,0x86,0x31,
    0x86,0x31,0x86,0x31,0x86,0x31,0xa6,0x31,0xc7,0x39,0xc7,0x39,0xc7,0x39,0xc7,0x39,
    0xe7,0x39,0xe7,0x39,0xe7,0x39,0xe7,0x39,0x08,0x42,0x08,0x42,0x08,0x42,0x08,0x42,
    0xe7,0x39,0xe7,0x39,0x08,0x42,0x08,0x42,0xe7,0x39,0xe7,0x39,0x08,0x42,0x08,0x42,
    0x08,0x42,0x08,0x42,0x28,0x42,0x28,0x42,0x08,0x42,0x08,0x42,0x08,0x42,0x08,0x42,
    0x08,0x42,0x08,0x42,0x28,0x42,0x28,0x42,0x08,0x42,0x08,0x42,0x08,0x42,0x08,0x42,
    0x08,0x42,0x08,0x42,0x49,0x4a,0x08,0x42,0xc7,0x39,0xc7,0x39,0xc7,0x39,0xc7,0x39,
    0xc7,0x39,0xc7,0x39,0xe7,0x39,0xe7,0x39,0xe7,0x39,0x08,0x42,0x49,0x4a,0xaa,0x52,
    0x0c,0x63,0x4d,0x6b,0x6d,0x6b,0x8e,0x73,0x8e,0x73,0x6d,0x6b,0x4d,0x6b,0x4d,0x6b,
    0x0c,0x63,0x0c,0x63,0x51,0x8c,0x92,0x94,0x51,0x8c,0x30,0x84,0x30,0x84,0x10,0x84,
    0xef,0x7b,0xcf,0x7b,0xae,0x73,0x6d,0x6b,0x8e,0x73,0xcb,0x5a,0x86,0x31,0x86,0x31,
    0x86,0x31,0x65,0x29,0x65,0x29,0x65,0x29,0x65,0x29,0x65,0x29,0x86,0x31,0xa6,0x31,
    0x86,0x31,0xc7,0x39,0x2c,0x63,0x71,0x8c,0xef,0x7b,0xcf,0x7b,0x9a,0xd6,0x5d,0xef,
    0x5d,0xef,0x9e,0xf7,0x9e,0xf7,0xff,0xff,0x79,0xce,0xf3,0x9c,0xb6,0xb5,0x1c,0xe7,
    0xdb,0xde,0x92,0x94,0x18,0xc6,0x55,0xad,0x55,0xad,0xf7,0xbd,0xd3,0x9c,0xef,0x7b,
    0x6d,0x6b,0x0c,0x63,0x49,0x4a,0xeb,0x5a,0xaa,0x52,0x49,0x4a,0xa6,0x31,0x0c,0x63,
    0x4d,0x6b,0x8e,0x73,0x6d,0x6b,0x2c,0x63,0x2c,0x63,0x2c,0x63,0x2c,0x63,0x2c,0x63,
    0x2c,0x63,0x2c,0x63,0x0c,0x63,0x0c,0x63,0x0c,0x63,0x0c,0x63,0x0c,0x63,0x0c,0x63,
    0x0c,0x63,0x0c,0x63,0x2c,0x63,0x2c,0x63,0x2c,0x63,0x2c,0x63,0x0c,0x63,0x49,0x4a,
    0x49,0x4a,0x69,0x4a,0x8a,0x52,0xcb,0x5a,0xeb,0x5a,0x0c,0x63,0x2c,0x63,0x0c,0x63,
    0xeb,0x5a,0xaa,0x52,0x49,0x4a,0x08,0x42,0xe7,0x39,0xc7,0x39,0xa6,0x31,0xa6,0x31,
    0xa6,0x31,0x86,0x31,0x86,0x31,0xa6,0x31,0xc7,0x39,0xc7,0x39,0xc7,0x39,0xc7,0x39,
    0xe7,0x39,0xe7,0x39,0xe7,0x39,0x08,0x42,0x08,0x42,0x08,0x42,0x08,0x42,0xe7,0x39,
    0xe7,0x39,0x08,0x42,0x08,0x42,0x08,0x42,0x08,0x42,0x08,0x42,0x28,0x42,0x28,0x42,
    0x28,0x42,0x28,0x42,0x28,0x42,0x08,0x42,0x08,0x42,0x28,0x42,0x28,0x42,0x08,0x42,
    0x28,0x42,0x28,0x42,0x08,0x42,0x08,0x42,0x08,0x42,0x28,0x42,0x28,0x42,0x28,0x42,
    0x28,0x42,0x28,0x42,0x28,0x42,0xe7,0x39,0xe7,0x39,0xe7,0x39,0xe7,0x39,0xc7,0x39,
    0xe7,0x39,0xe7,0x39,0xe7,0x39,0xe7,0x39,0x08,0x42,0x49,0x4a,0x8a,0x52,0xeb,0x5a,
    0x2c,0x63,0x6d,0x6b,0x8e,0x73,0x8e,0x73,0x8e,0x73,0x6d,0x6b,0x6d,0x6b,0x4d,0x6b,
    0x0c,0x63,0x6d,0x6b,0xb2,0x94,0x71,0x8c,0x71,0x8c,0x51,0x8c,0x30,0x84,0x10,0x84,
    0x10,0x84,0xef,0x7b,0xae,0x73,0x6d,0x6b,0x8e,0x73,0x49,0x4a,0x86,0x31,0x86,0x31,
    0x65,0x29,0x65,0x29,0x65,0x29,0x65,0x29,0x65,0x29,0x86,0x31,0xa6,0x31,0xa6,0x31,
    0xa6,0x31,0xc7,0x39,0x6d,0x6b,0x51,0x8c,0x8e,0x73,0xae,0x73,0xdb,0xde,0x5d,0xef,
    0x5d,0xef,0x9e,0xf7,0x9e,0xf7,0xff,0xff,0xf7,0xbd,0xf3,0x9c,0xb6,0xb5,0x3c,0xe7,
    0x5d,0xef,0x71,0x8c,0xf7,0xbd,0xb6,0xb5,0x34,0xa5,0x18,0xc6,0x14,0xa5,0x30,0x84,
    0x8e,0x73,0x2c,0x63,0x49,0x4a,0xaa,0x52,0xcb,0x5a,0x49,0x4a,0x86,0x31,0x49,0x4a,
    0x4d,0x6b,0x8e,0x73,0xae,0x73,0x2c,0x63,0x2c,0x63,0x2c,0x63,0x0c,0x63,0x2c,0x63,
    0x2c,0x63,0x2c,0x63,0x0c,0x63,0x0c,0x63,0x0c,0x63,0x0c,0x63,0x0c,0x63,0x0c,0x63,
    0x2c,0x63,0x2c,0x63,0x2c,0x63,0x2c,0x63,0x2c,0x63,0x2c,0x63,0x2c,0x63,0x8a,0x52,
    0x28,0x42,0x69,0x4a,0x8a,0x52,0xcb,0x5a,0xeb,0x5a,0x2c,0x63,0x2c,0x63,0x2c,0x63,
    0x2c,0x63,0xcb,0x5a,0x8a,0x52,0x28,0x42,0xe7,0x39,0xc7,0x39,0xc7,0x39,0xc7,0x39,
    0xa6,0x31,0xa6,0x31,0xa6,0x31,0xc7,0x39,0xc7,0x39,0xc7,0x39,0xe7,0x39,0xe7,0x39,
    0xe7,0x39,0xe7,0x39,0x08,0x42,0x08,0x42,0x08,0x42,0x08,0x42,0xe7,0x39,0x08,0x42,
    0x08,0x42,0x08,0x42,0x08,0x42,0x28,0x42,0x08,0x42,0x28,0x42,0x08,0x42,0x28,0x42,
    0x28,0x42,0x28,0x42,0x28,0x42,0x28,0x42,0x08,0x42,0x28,0x42,0x28,0x42,0x28,0x42,
    0x28,0x42,0x28,0x42,0x28,0x42,0x28,0x42,0x28,0x42,0x28,0x42,0x28,0x42,0x28,0x42,
    0x28,0x42,0x28,0x42,0xe7,0x39,0xe7,0x39,0xe7,0x39,0xe7,0x39,0xe7,0x39,0xe7,0x39,
    0xe7,0x39,0xe7,0x39,0xe7,0x39,0xe7,0x39,0x28,0x42,0x69,0x4a,0xaa,0x52,0x0c,0x63,
    0x6d,0x6b,0x8e,0x73,0x8e,0x73,0xae,0x73,0x8e,0x73,0x6d,0x6b,0x6d,0x6b,0x6d,0x6b,
    0x0c,0x63,0x10,0x84,0xd3,0x9c,0x71,0x8c,0x71,0x8c,0x51,0x8c,0x30,0x84,0x30,0x84,
    0x10,0x84,0xcf,0x7b,0xae,0x73,0x6d,0x6b,0x4d,0x6b,0xc7,0x39,0x86,0x31,0x86,0x31,
    0x86,0x31,0x65,0x29,0x65,0x29,0x65,0x29,0x65,0x29,0x86,0x31,0xc7,0x39,0xa6,0x31,
    0xa6,0x31,0xe7,0x39,0xef,0x7b,0x51,0x8c,0x6d,0x6b,0x6d,0x6b,0xba,0xd6,0x3c,0xe7,
    0x7d,0xef,0xbe,0xf7,0xbe,0xf7,0xff,0xff,0x75,0xad,0x71,0x8c,0x55,0xad,0x7d,0xef,
    0xbe,0xf7,0xb2,0x94,0xd7,0xbd,0x18,0xc6,0x34,0xa5,0xf7,0xbd,0x55,0xad,0x51,0x8c,
    0x8e,0x73,0x2c,0x63,0x49,0x4a,0x69,0x4a,0x0c,0x63,0x69,0x4a,0xe7,0x39,0xa6,0x31,
    0x0c,0x63,0x6d,0x6b,0xae,0x73,0x2c,0x63,0x2c,0x63,0x2c,0x63,0x2c,0x63,0x2c,0x63,
    0x2c,0x63,0x0c,0x63,0x0c,0x63,0x0c,0x63,0x0c,0x63,0x2c,0x63,0x0c,0x63,0xeb,0x5a,
    0x0c,0x63,0x2c,0x63,0x2c,0x63,0x2c,0x63,0x2c,0x63,0x2c,0x63,0x2c,0x63,0xcb,0x5a,
    0x49,0x4a,0x69,0x4a,0x8a,0x52,0xcb,0x5a,0x0c,0x63,0x2c,0x63,0x2c,0x63,0x4d,0x6b,
    0x2c,0x63,0xeb,0x5a,0xaa,0x52,0x49,0x4a,0x08,0x42,0xe7,0x39,0xc7,0x39,0xc7,0x39,
    0xa6,0x31,0xa6,0x31,0xa6,0x31,0xc7,0x39,0xe7,0x39,0xe7,0x39,0xe7,0x39,0xe7,0x39,
    0xe7,0x39,0xe7,0x39,0x08,0x42,0x08,0x42,0xe7,0x39,0x08,0x42,0x08,0x42,0x08,0x42,
    0x08,0x42,0x28,0x42,0x28,0x42,0x28,0x42,0x28,0x42,0x49,0x4a,0x49,0x4a,0x49,0x4a,
    0x49,0x4a,0x49,0x4a,0x49,0x4a,0x49,0x4a,0x28,0x42,0x49,0x4a,0x49,0x4a,0x28,0x42,
    0x28,0x42,0x28,0x42,0x28,0x42,0x28,0x42,0x28,0x42,0x28,0x42,0x28,0x42,0x28,0x42,
    0x28,0x42,0x28,0x42,0xe7,0x39,0xe7,0x39,0xe7,0x39,0xc7,0x39,0xe7,0x39,0xe7,0x39,
    0xe7,0x39,0xe7,0x39,0xe7,0x39,0x28,0x42,0x49,0x4a,0x69,0x4a,0xcb,0x5a,0x2c,0x63,
    0x8e,0x73,0x8e,0x73,0xae,0x73,0xae,0x73,0x8e,0x73,0x8e,0x73,0x8e,0x73,0x4d,0x6b,
    0x2c,0x63,0x92,0x94,0xb2,0x94,0x92,0x94,0x71,0x8c,0x51,0x8c,0x51,0x8c,0x30,0x84,
    0x10,0x84,0xcf,0x7b,0xae,0x73,0x8e,0x73,0xcb,0x5a,0x86,0x31,0xa6,0x31,0x86,0x31,
    0x86,0x31,0x86,0x31,0x65,0x29,0x86,0x31,0x86,0x31,0x86,0x31,0xa6,0x31,0xa6,0x31,
    0xa6,0x31,0x49,0x4a,0x71,0x8c,0x10,0x84,0x4d,0x6b,0x6d,0x6b,0x1c,0xe7,0x3c,0xe7,
    0x1c,0xe7,0x3c,0xe7,0xbe,0xf7,0xdf,0xff,0xf3,0x9c,0x51,0x8c,0x96,0xb5,0xdf,0xff,
    0xff,0xff,0x55,0xad,0xb6,0xb5,0x79,0xce,0x55,0xad,0xb6,0xb5,0x75,0xad,0x51,0x8c,
    0x8e,0x73,0x2c,0x63,0x69,0x4a,0x08,0x42,0x0c,0x63,0x69,0x4a,0x08,0x42,0x65,0x29,
    0x28,0x42,0x2c,0x63,0x6d,0x6b,0x2c,0x63,0x2c,0x63,0x2c,0x63,0x2c,0x63,0x0c,0x63,
    0x0c,0x63,0x0c,0x63,0x0c,0x63,0x0c,0x63,0x0c,0x63,0xeb,0x5a,0x4d,0x6b,0xae,0x73,
    0xae,0x73,0xae,0x73,0x4d,0x6b,0x0c,0x63,0x0c,0x63,0x0c,0x63,0x0c,0x63,0x0c,0x63,
    0x69,0x4a,0x69,0x4a,0x8a,0x52,0xcb,0x5a,0x0c,0x63,0x2c,0x63,0x2c,0x63,0x4d,0x6b,
    0x2c,0x63,0x0c,0x63,0xcb,0x5a,0x69,0x4a,0x08,0x42,0x08,0x42,0xe7,0x39,0xc7,0x39,
    0xc7,0x39,0xa6,0x31,0xc7,0x39,0xc7,0x39,0xe7,0x39,0xe7,0x39,0xe7,0x39,0xe7,0x39,
    0xe7,0x39,0xe7,0x39,0x08,0x42,0x08,0x42,0xe7,0x39,0xe7,0x39,0x08,0x42,0x28,0x42,
    0x28,0x42,0x28,0x42,0x28,0x42,0x49,0x4a,0x49,0x4a,0x49,0x4a,0x49,0x4a,0x28,0x42,
    0x28,0x42,0x28,0x42,0x49,0x4a,0x28,0x42,0x28,0x42,0x28,0x42,0x28,0x42,0x28,0x42,
    0x28,0x42,0x28,0x42,0x28,0x42,0x28,0x42,0x28,0x42,0x49,0x4a,0x49,0x4a,0x49,0x4a,
    0x49,0x4a,0x08,0x42,0xe7,0x39,0xc7,0x39,0xe7,0x39,0xe7,0x39,0xe7,0x39,0xe7,0x39,
    0xe7,0x39,0x08,0x42,0x28,0x42,0x49,0x4a,0x69,0x4a,0xaa,0x52,0x0c,0x63,0x6d,0x6b,
    0xae,0x73,0xae,0x73,0xcf,0x7b,0xae,0x73,0x8e,0x73,0xae,0x73,0x8e,0x73,0x2c,0x63,
    0xae,0x73,0xf3,0x9c,0xb2,0x94,0xb2,0x94,0x92,0x94,0x71,0x8c,0x51,0x8c,0x30,0x84,
    0x10,0x84,0xef,0x7b,0xae,0x73,0x8e,0x73,0x28,0x42,0x86,0x31,0xa6,0x31,0x86,0x31,
    0x86,0x31,0x65,0x29,0x86,0x31,0x86,0x31,0x86,0x31,0x86,0x31,0xa6,0x31,0xa6,0x31,
    0x86,0x31,0xaa,0x52,0xd3,0x9c,0x51,0x8c,0x6d,0x6b,0x6d,0x6b,0x14,0xa5,0xf3,0x9c,
    0x34,0xa5,0xf7,0xbd,0x5d,0xef,0xfb,0xde,0x10,0x84,0xb2,0x94,0x18,0xc6,0xff,0xff,
    0xff,0xff,0x18,0xc6,0x75,0xad,0xba,0xd6,0x96,0xb5,0x75,0xad,0x96,0xb5,0x71,0x8c,
    0xae,0x73,0x2c,0x63,0x8a,0x52,0xe7,0x39,0xcb,0x5a,0xaa,0x52,0x08,0x42,0x86,0x31,
    0x65,0x29,0x69,0x4a,0x6d,0x6b,0x2c,0x63,0x2c,0x63,0x2c,0x63,0x2c,0x63,0x2c,0x63,
    0x2c,0x63,0x0c,0x63,0x0c,0x63,0x0c,0x63,0x0c,0x63,0x30,0x84,0xd3,0x9c,0x34,0xa5,
    0x34,0xa5,0x14,0xa5,0xb2,0x94,0x51,0x8c,0xcf,0x7b,0x4d,0x6b,0x0c,0x63,0x2c,0x63,
    0xcb,0x5a,0x8a,0x52,0x8a,0x52,0xcb,0x5a,0x0c,0x63,0x2c,0x63,0x2c,0x63,0x4d,0x6b,
    0x4d,0x6b,0x2c,0x63,0xeb,0x5a,0x8a,0x52,0x8a,0x52,0x49,0x4a,0x08,0x42,0xe7,0x39,
    0xc7,0x39,0xc7,0x39,0xc7,0x39,0xc7,0x39,0xc7,0x39,0xe7,0x39,0xe7,0x39,0x08,0x42,
    0xe7,0x39,0x08,0x42,0x08,0x42,0x08,0x42,0x08,0x42,0x08,0x42,0x28,0x42,0x28,0x42,
    0x28,0x42,0x28,0x42,0x28,0x42,0x28,0x42,0x28,0x42,0x49,0x4a,0x28,0x42,0x28,0x42,
    0x28,0x42,0x28,0x42,0x49,0x4a,0x28,0x42,0x28,0x42,0x28,0x42,0x28,0x42,0x49,0x4a,
    0x49,0x4a,0x49,0x4a,0x49,0x4a,0x49,0x4a,0x49,0x4a,0x49,0x4a,0x49,0x4a,0x49,0x4a,
    0x08,0x42,0xc7,0x39,0xe7,0x39,0xe7,0x39,0x08,0x42,0x08,0x42,0xe7,0x39,0xe7,0x39,
    0xe7,0x39,0x08,0x42,0x28,0x42,0x69,0x4a,0xaa,0x52,0xeb,0x5a,0x2c,0x63,0x6d,0x6b,
    0xae,0x73,0xcf,0x7b,0xcf,0x7b,0xae,0x73,0xae,0x73,0xcf,0x7b,0xae,0x73,0x6d,0x6b,
    0x92,0x94,0xf3,0x9c,0xb2,0x94,0xb2,0x94,0x92,0x94,0x71,0x8c,0x51,0x8c,0x30,0x84,
    0x10,0x84,0xcf,0x7b,0xcf,0x7b,0x2c,0x63,0xa6,0x31,0xa6,0x31,0xa6,0x31,0x86,0x31,
    0x86,0x31,0x65,0x29,0x65,0x29,0x86,0x31,0x86,0x31,0xa6,0x31,0x86,0x31,0xa6,0x31,
    0x86,0x31,0xeb,0x5a,0x51,0x8c,0xae,0x73,0xcb,0x5a,0x8a,0x52,0x6d,0x6b,0x71,0x8c,
    0x14,0xa5,0xf7,0xbd,0x7d,0xef,0x96,0xb5,0xcf,0x7b,0xd3,0x9c,0x9a,0xd6,0xff,0xff,
    0xff,0xff,0xdb,0xde,0x34,0xa5,0xdb,0xde,0xd7,0xbd,0x34,0xa5,0x96,0xb5,0x92,0x94,
    0xcf,0x7b,0x4d,0x6b,0xaa,0x52,0xe7,0x39,0x69,0x4a,0xeb,0x5a,0x28,0x42,0x86,0x31,
    0x45,0x29,0x65,0x29,0xaa,0x52,0x4d,0x6b,0x0c,0x63,0x0c,0x63,0x0c,0x63,0x0c,0x63,
    0x0c,0x63,0xeb,0x5a,0xeb,0x5a,0xeb,0x5a,0x30,0x84,0x34,0xa5,0x14,0xa5,0x34,0xa5,
    0x34,0xa5,0x34,0xa5,0x14,0xa5,0x14,0xa5,0x14,0xa5,0xd3,0x9c,0x51,0x8c,0xcf,0x7b,
    0x6d,0x6b,0x8a,0x52,0x8a,0x52,0xaa,0x52,0xeb,0x5a,0x2c,0x63,0x4d,0x6b,0x4d,0x6b,
    0x4d,0x6b,0x2c,0x63,0xeb,0x5a,0x2c,0x63,0x2c,0x63,0x8a,0x52,0x49,0x4a,0x08,0x42,
    0xe7,0x39,0xe7,0x39,0xc7,0x39,0xc7,0x39,0xc7,0x39,0xe7,0x39,0x08,0x42,0x08,0x42,
    0x08,0x42,0x08,0x42,0x08,0x42,0x08,0x42,0x28,0x42,0x28,0x42,0x28,0x42,0x28,0x42,
    0x28,0x42,0x28,0x42,0x28,0x42,0x28,0x42,0x28,0x42,0x49,0x4a,0x49,0x4a,0x49,0x4a,
    0x49,0x4a,0x49,0x4a,0x49,0x4a,0x28,0x42,0x28,0x42,0x28,0x42,0x49,0x4a,0x49,0x4a,
    0x49,0x4a,0x49,0x4a,0x49,0x4a,0x49,0x4a,0x49,0x4a,0x49,0x4a,0x69,0x4a,0x28,0x42,
    0xe7,0x39,0x08,0x42,0xe7,0x39,0x08,0x42,0x08,0x42,0x08,0x42,0x08,0x42,0x08,0x42,
    0x28,0x42,0x49,0x4a,0x69,0x4a,0xaa,0x52,0xeb,0x5a,0x2c,0x63,0x6d,0x6b,0x8e,0x73,
    0xae,0x73,0xcf,0x7b,0xcf,0x7b,0xae,0x73,0xcf,0x7b,0xcf,0x7b,0x8e,0x73,0xcf,0x7b,
    0x14,0xa5,0xf3,0x9c,0xd3,0x9c,0xd3,0x9c,0xb2,0x94,0x92,0x94,0x71,0x8c,0x51,0x8c,
    0x10,0x84,0xcf,0x7b,0xcf,0x7b,0x8a,0x52,0xa6,0x31,0xa6,0x31,0xa6,0x31,0xa6,0x31,
    0x86,0x31,0x65,0x29,0x86,0x31,0x86,0x31,0xa6,0x31,0xe7,0x39,0xa6,0x31,0xa6,0x31,
    0xa6,0x31,0xaa,0x52,0x4d,0x6b,0xcb,0x5a,0xe7,0x39,0xaa,0x52,0x51,0x8c,0xf3,0x9c,
    0x55,0xad,0x38,0xc6,0x5d,0xef,0x30,0x84,0xef,0x7b,0xf3,0x9c,0x1c,0xe7,0xff,0xff,
    0xff,0xff,0x7d,0xef,0x34,0xa5,0x9a,0xd6,0x18,0xc6,0x14,0xa5,0x55,0xad,0xf3,0x9c,
    0xef,0x7b,0x8e,0x73,0xeb,0x5a,0x08,0x42,0x08,0x42,0x8a,0x52,0x28,0x42,0xa6,0x31,
    0x65,0x29,0x45,0x29,0x65,0x29,0x69,0x4a,0xcb,0x5a,0xeb,0x5a,0xeb,0x5a,0xeb,0x5a,
    0xeb,0x5a,0xeb,0x5a,0xcb,0x5a,0x6d,0x6b,0xb2,0x94,0xb2,0x94,0x14,0xa5,0x34,0xa5,
    0x34,0xa5,0x34,0xa5,0x55,0xad,0x34,0xa5,0x34,0xa5,0x34,0xa5,0x34,0xa5,0xf3,0x9c,
    0xb2,0x94,0xae,0x73,0xcb,0x5a,0xaa,0x52,0xaa,0x52,0xeb,0x5a,0x2c,0x63,0x4d,0x6b,
    0x4d,0x6b,0x2c,0x63,0x4d,0x6b,0xef,0x7b,0x6d,0x6b,0xeb,0x5a,0x8a,0x52,0x49,0x4a,
    0x08,0x42,0xe7,0x39,0xe7,0x39,0xc7,0x39,0xe7,0x39,0xe7,0x39,0x08,0x42,0x28,0x42,
    0x08,0x42,0x08,0x42,0x28,0x42,0x28,0x42,0x28,0x42,0x49,0x4a,0x49,0x4a,0x49,0x4a,
    0x49,0x4a,0x49,0x4a,0x49,0x4a,0x49,0x4a,0x69,0x4a,0x49,0x4a,0x49,0x4a,0x49,0x4a,
    0x49,0x4a,0x49,0x4a,0x49,0x4a,0x49,0x4a,0x49,0x4a,0x49,0x4a,0x69,0x4a,0x49,0x4a,
    0x49,0x4a,0x49,0x4a,0x69,0x4a,0x69,0x4a,0x69,0x4a,0x69,0x4a,0x49,0x4a,0x08,0x42,
    0x08,0x42,0x08,0x42,0x08,0x42,0x08,0x42,0x08,0x42,0x08,0x42,0x08,0x42,0x08,0x42,
    0x49,0x4a,0x69,0x4a,0xaa,0x52,0xeb,0x5a,0x2c,0x63,0x6d,0x6b,0x6d,0x6b,0xae,0x73,
    0xcf,0x7b,0xef,0x7b,0xcf,0x7b,0xcf,0x7b,0xcf,0x7b,0xcf,0x7b,0x8e,0x73,0xb2,0x94,
    0x75,0xad,0x55,0xad,0x55,0xad,0x34,0xa5,0x14,0xa5,0xf3,0x9c,0xd3,0x9c,0xb2,0x94,
    0x92,0x94,0x51,0x8c,0xcf,0x7b,0x08,0x42,0xe7,0x39,0xc7,0x39,0xa6,0x31,0xa6,0x31,
    0xa6,0x31,0x86,0x31,0x86,0x31,0x65,0x29,0xe7,0x39,0xc7,0x39,0xa6,0x31,0xa6,0x31,
    0xa6,0x31,0x8a,0x52,0xeb,0x5a,0x08,0x42,0xe7,0x39,0xcb,0x5a,0x92,0x94,0x14,0xa5,
    0x75,0xad,0xdb,0xde,0xdb,0xde,0x6d,0x6b,0x30,0x84,0x14,0xa5,0x7d,0xef,0xff,0xff,
    0xff,0xff,0xff,0xff,0x34,0xa5,0x38,0xc6,0x59,0xce,0x55,0xad,0x14,0xa5,0x34,0xa5,
    0x30,0x84,0x8e,0x73,0x0c,0x63,0x28,0x42,0xe7,0x39,0x49,0x4a,0x08,0x42,0xc7,0x39,
    0x65,0x29,0x45,0x29,0x24,0x21,0x45,0x29,0x86,0x31,0xc7,0x39,0x28,0x42,0x49,0x4a,
    0x69,0x4a,0xaa,0x52,0xcb,0x5a,0x2c,0x63,0x8e,0x73,0xae,0x73,0xf3,0x9c,0x14,0xa5,
    0x14,0xa5,0x34,0xa5,0x55,0xad,0x55,0xad,0x75,0xad,0x75,0xad,0x75,0xad,0x55,0xad,
    0x34,0xa5,0xf3,0x9c,0x30,0x84,0xae,0x73,0x2c,0x63,0x0c,0x63,0x2c,0x63,0x4d,0x6b,
    0x4d,0x6b,0x4d,0x6b,0x10,0x84,0x30,0x84,0xae,0x73,0x4d,0x6b,0xeb,0x5a,0x8a,0x52,
    0x49,0x4a,0x08,0x42,0xe7,0x39,0xe7,0x39,0xc7,0x39,0xe7,0x39,0x08,0x42,0x08,0x42,
    0x49,0x4a,0x28,0x42,0x28,0x42,0x28,0x42,0x28,0x42,0x28,0x42,0x49,0x4a,0x69,0x4a,
    0x69,0x4a,0x69,0x4a,0x69,0x4a,0x69,0x4a,0x69,0x4a,0x69,0x4a,0x49,0x4a,0x49,0x4a,
    0x49,0x4a,0x49,0x4a,0x69,0x4a,0x69,0x4a,0x69,0x4a,0x69,0x4a,0x69,0x4a,0x69,0x4a,
    0x69,0x4a,0x69,0x4a,0x69,0x4a,0x69,0x4a,0x69,0x4a,0x49,0x4a,0x28,0x42,0x28,0x42,
    0x08,0x42,0x08,0x42,0xe7,0x39,0x08,0x42,0x08,0x42,0x08,0x42,0x08,0x42,0x28,0x42,
    0x49,0x4a,0x8a,0x52,0xeb,0x5a,0x4d,0x6b,0xcf,0x7b,0xef,0x7b,0xef,0x7b,0xef,0x7b,
    0xef,0x7b,0xcf,0x7b,0xae,0x73,0xcf,0x7b,0xef,0x7b,0xef,0x7b,0x51,0x8c,0xb6,0xb5,
    0xd7,0xbd,0xd7,0xbd,0xd7,0xbd,0xb6,0xb5,0x96,0xb5,0x55,0xad,0x34,0xa5,0xf3,0x9c,
    0xf3,0x9c,0xf3,0x9c,0x6d,0x6b,0x49,0x4a,0x49,0x4a,0x08,0x42,0xe7,0x39,0xa6,0x31,
    0x86,0x31,0x86,0x31,0x86,0x31,0xa6,0x31,0x08,0x42,0xc7,0x39,0xc7,0x39,0xc7,0x39,
    0xe7,0x39,0xaa,0x52,0xaa,0x52,0xe7,0x39,0xe7,0x39,0xcb,0x5a,0x92,0x94,0x14,0xa5,
    0xd7,0xbd,0x7d,0xef,0xf7,0xbd,0x4d,0x6b,0x71,0x8c,0x55,0xad,0xdf,0xff,0xff,0xff,
    0xff,0xff,0xff,0xff,0xb6,0xb5,0xb6,0xb5,0xba,0xd6,0xb6,0xb5,0xf3,0x9c,0x34,0xa5,
    0x71,0x8c,0xae,0x73,0x2c,0x63,0x49,0x4a,0xc7,0x39,0x28,0x42,0x28,0x42,0xe7,0x39,
    0x65,0x29,0x45,0x29,0x45,0x29,0x24,0x21,0x04,0x21,0x04,0x21,0x04,0x21,0x24,0x21,
    0x45,0x29,0x86,0x31,0xa6,0x31,0x08,0x42,0x69,0x4a,0x6d,0x6b,0xf3,0x9c,0xf3,0x9c,
    0x34,0xa5,0x34,0xa5,0x55,0xad,0x75,0xad,0x75,0xad,0x75,0xad,0x75,0xad,0x75,0xad,
    0x75,0xad,0x55,0xad,0xd3,0x9c,0x51,0x8c,0x30,0x84,0x30,0x84,0x30,0x84,0x51,0x8c,
    0xcf,0x7b,0xef,0x7b,0xb2,0x94,0x51,0x8c,0x10,0x84,0xae,0x73,0x4d,0x6b,0xeb,0x5a,
    0x8a,0x52,0x49,0x4a,0x08,0x42,0xe7,0x39,0xe7,0x39,0xe7,0x39,0xe7,0x39,0x08,0x42,
    0x28,0x42,0x49,0x4a,0x49,0x4a,0x49,0x4a,0x49,0x4a,0x49,0x4a,0x49,0x4a,0x69,0x4a,
    0x69,0x4a,0x69,0x4a,0x69,0x4a,0x69,0x4a,0x69,0x4a,0x69,0x4a,0x69,0x4a,0x49,0x4a,
    0x69,0x4a,0x69,0x4a,0x69,0x4a,0x69,0x4a,0x69,0x4a,0x69,0x4a,0x69,0x4a,0x69,0x4a,
    0x69,0x4a,0x8a,0x52,0x8a,0x52,0x8a,0x52,0x49,0x4a,0x28,0x42,0x28,0x42,0x28,0x42,
    0x28,0x42,0x08,0x42,0x08,0x42,0x08,0x42,0x08,0x42,0x08,0x42,0x08,0x42,0x28,0x42,
    0xaa,0x52,0x8e,0x73,0x71,0x8c,0x14,0xa5,0x96,0xb5,0xd7,0xbd,0x18,0xc6,0xf7,0xbd,
    0x75,0xad,0xb2,0x94,0x10,0x84,0xef,0x7b,0x30,0x84,0x51,0x8c,0x96,0xb5,0x18,0xc6,
    0x18,0xc6,0x18,0xc6,0xf7,0xbd,0xf7,0xbd,0xd7,0xbd,0x96,0xb5,0x75,0xad,0x34,0xa5,
    0x14,0xa5,0xb2,0x94,0xaa,0x52,0xaa,0x52,0x8a,0x52,0x69,0x4a,0x28,0x42,0xe7,0x39,
    0xa6,0x31,0x86,0x31,0x86,0x31,0xe7,0x39,0x28,0x42,0xa6,0x31,0xc7,0x39,0xc7,0x39,
    0x28,0x42,0xcb,0x5a,0x8a,0x52,0xe7,0x39,0xe7,0x39,0x0c,0x63,0x92,0x94,0x14,0xa5,
    0x18,0xc6,0x9e,0xf7,0xd3,0x9c,0xae,0x73,0x92,0x94,0x18,0xc6,0xff,0xff,0xff,0xff,
    0xff,0xff,0xff,0xff,0x9a,0xd6,0x34,0xa5,0xfb,0xde,0xf7,0xbd,0x34,0xa5,0x14,0xa5,
    0xd3,0x9c,0xcf,0x7b,0x6d,0x6b,0x8a,0x52,0xc7,0x39,0xe7,0x39,0x28,0x42,0xe7,0x39,
    0x86,0x31,0x45,0x29,0x45,0x29,0x24,0x21,0x24,0x21,0x24,0x21,0x04,0x21,0x24,0x21,
    0x24,0x21,0x45,0x29,0x65,0x29,0x65,0x29,0x65,0x29,0x6d,0x6b,0x14,0xa5,0xf3,0x9c,
    0x14,0xa5,0x34,0xa5,0x55,0xad,0x55,0xad,0x75,0xad,0x96,0xb5,0x96,0xb5,0x75,0xad,
    0x75,0xad,0x75,0xad,0x75,0xad,0xd3,0x9c,0x92,0x94,0x71,0x8c,0xb2,0x94,0xf3,0x9c,
    0x34,0xa5,0xf3,0x9c,0xd3,0x9c,0xb2,0x94,0x71,0x8c,0x10,0x84,0xae,0x73,0x2c,0x63,
    0xcb,0x5a,0x8a,0x52,0x49,0x4a,0x28,0x42,0x08,0x42,0xe7,0x39,0xe7,0x39,0x08,0x42,
    0x08,0x42,0x28,0x42,0x49,0x4a,0x69,0x4a,0x69,0x4a,0x69,0x4a,0x69,0x4a,0x69,0x4a,
    0x69,0x4a,0x69,0x4a,0x8a,0x52,0x8a,0x52,0x8a,0x52,0x69,0x4a,0x8a,0x52,0x8a,0x52,
    0x8a,0x52,0x8a,0x52,0x8a,0x52,0x8a,0x52,0x8a,0x52,0x8a,0x52,0x69,0x4a,0x8a,0x52,
    0x8a,0x52,0xaa,0x52,0x8a,0x52,0x49,0x4a,0x49,0x4a,0x28,0x42,0x28,0x42,0x28,0x42,
    0x28,0x42,0x28,0x42,0x28,0x42,0x28,0x42,0x28,0x42,0x28,0x42,0x49,0x4a,0x2c,0x63,
    0x71,0x8c,0x96,0xb5,0x38,0xc6,0x9a,0xd6,0xdb,0xde,0xfb,0xde,0x3c,0xe7,0x5d,0xef,
    0x3c,0xe7,0xfb,0xde,0x59,0xce,0x55,0xad,0x51,0x8c,0xf3,0x9c,0x59,0xce,0x59,0xce,
    0x59,0xce,0x38,0xc6,0x38,0xc6,0x18,0xc6,0xf7,0xbd,0xb6,0xb5,0x96,0xb5,0x55,0xad,
    0x75,0xad,0xae,0x73,0xaa,0x52,0xeb,0x5a,0xcb,0x5a,0x8a,0x52,0x69,0x4a,0x49,0x4a,
    0x08,0x42,0xc7,0x39,0xa6,0x31,0x08,0x42,0x08,0x42,0xa6,0x31,0xc7,0x39,0xe7,0x39,
    0x49,0x4a,0xcb,0x5a,0x49,0x4a,0xe7,0x39,0x08,0x42,0x4d,0x6b,0x92,0x94,0x14,0xa5,
    0x79,0xce,0x1c,0xe7,0xcf,0x7b,0x30,0x84,0x14,0xa5,0xfb,0xde,0xff,0xff,0xff,0xff,
    0xff,0xff,0xff,0xff,0x9e,0xf7,0x34,0xa5,0xfb,0xde,0x59,0xce,0x96,0xb5,0xf3,0x9c,
    0x14,0xa5,0xef,0x7b,0x8e,0x73,0xeb,0x5a,0xe7,0x39,0xa6,0x31,0x08,0x42,0xe7,0x39,
    0xa6,0x31,0x45,0x29,0x45,0x29,0x24,0x21,0x24,0x21,0x24,0x21,0x24,0x21,0x24,0x21,
    0x24,0x21,0x45,0x29,0x65,0x29,0xa6,0x31,0x86,0x31,0xef,0x7b,0x14,0xa5,0xf3,0x9c,
    0x14,0xa5,0x34,0xa5,0x55,0xad,0x55,0xad,0x75,0xad,0x96,0xb5,0x96,0xb5,0x96,0xb5,
    0x96,0xb5,0x96,0xb5,0xb6,0xb5,0x75,0xad,0xf3,0x9c,0xd3,0x9c,0xd3,0x9c,0xf3,0x9c,
    0x55,0xad,0x55,0xad,0x14,0xa5,0xf3,0x9c,0xb2,0x94,0x71,0x8c,0x10,0x84,0xae,0x73,
    0x4d,0x6b,0xeb,0x5a,0x8a,0x52,0x69,0x4a,0x28,0x42,0x28,0x42,0x08,0x42,0x28,0x42,
    0x08,0x42,0x28,0x42,0x28,0x42,0x49,0x4a,0x69,0x4a,0x69,0x4a,0x69,0x4a,0x8a,0x52,
    0x69,0x4a,0x69,0x4a,0x8a,0x52,0x8a,0x52,0x8a,0x52,0x8a,0x52,0x8a,0x52,0xaa,0x52,
    0xaa,0x52,0x8a,0x52,0x8a,0x52,0x8a,0x52,0x8a,0x52,0x8a,0x52,0x8a,0x52,0xaa,0x52,
    0x8a,0x52,0x8a,0x52,0x49,0x4a,0x28,0x42,0x28,0x42,0x28,0x42,0x28,0x42,0x28,0x42,
    0x49,0x4a,0x28,0x42,0x28,0x42,0x49,0x4a,0x49,0x4a,0x8a,0x52,0xcf,0x7b,0x34,0xa5,
    0x18,0xc6,0x79,0xce,0x9a,0xd6,0xdb,0xde,0xfb,0xde,0x3c,0xe7,0x7d,0xef,0x7d,0xef,
    0x9e,0xf7,0xbe,0xf7,0xdf,0xff,0x9e,0xf7,0x9a,0xd6,0x79,0xce,0x9a,0xd6,0xba,0xd6,
    0x9a,0xd6,0x79,0xce,0x38,0xc6,0xf7,0xbd,0xf7,0xbd,0xb6,0xb5,0xb6,0xb5,0xd7,0xbd,
    0x14,0xa5,0x0c,0x63,0x0c,0x63,0xeb,0x5a,0xcb,0x5a,0xaa,0x52,0x8a,0x52,0x8a,0x52,
    0x69,0x4a,0x28,0x42,0xe7,0x39,0x28,0x42,0xe7,0x39,0xc7,0x39,0xc7,0x39,0x08,0x42,
    0x69,0x4a,0xcb,0x5a,0x49,0x4a,0x28,0x42,0x28,0x42,0x8e,0x73,0x92,0x94,0x34,0xa5,
    0xdb,0xde,0xb6,0xb5,0x6d,0x6b,0xb2,0x94,0xb6,0xb5,0xbe,0xf7,0xff,0xff,0xff,0xff,
    0xff,0xff,0xff,0xff,0xff,0xff,0x96,0xb5,0x9a,0xd6,0xdb,0xde,0xd7,0xbd,0xd3,0x9c,
    0xd3,0x9c,0x71,0x8c,0xae,0x73,0x2c,0x63,0x28,0x42,0xa6,0x31,0xc7,0x39,0xe7,0x39,
    0xc7,0x39,0x65,0x29,0x65,0x29,0x45,0x29,0x45,0x29,0x45,0x29,0x24,0x21,0x24,0x21,
    0x24,0x21,0x45,0x29,0x65,0x29,0x86,0x31,0x28,0x42,0xb2,0x94,0xf3,0x9c,0x14,0xa5,
    0x14,0xa5,0x34,0xa5,0x55,0xad,0x55,0xad,0x75,0xad,0x75,0xad,0x96,0xb5,0x96,0xb5,
    0x96,0xb5,0xb6,0xb5,0xb6,0xb5,0xd7,0xbd,0x55,0xad,0xf3,0x9c,0x14,0xa5,0x55,0xad,
    0x75,0xad,0x96,0xb5,0x75,0xad,0x34,0xa5,0xf3,0x9c,0xb2,0x94,0x92,0x94,0x30,0x84,
    0xcf,0x7b,0x4d,0x6b,0xeb,0x5a,0xaa,0x52,0x8a,0x52,0x69,0x4a,0x49,0x4a,0x28,0x42,
    0x28,0x42,0x28,0x42,0x28,0x42,0x49,0x4a,0x49,0x4a,0x69,0x4a,0x8a,0x52,0x8a,0x52,
    0x8a,0x52,0x8a,0x52,0x8a,0x52,0x8a,0x52,0x69,0x4a,0x8a,0x52,0x8a,0x52,0x8a,0x52,
    0x8a,0x52,0x8a,0x52,0x8a,0x52,0x8a,0x52,0xaa,0x52,0xaa,0x52,0x8a,0x52,0x69,0x4a,
    0x69,0x4a,0x49,0x4a,0x28,0x42,0x28,0x42,0x49,0x4a,0x49,0x4a,0x28,0x42,0x49,0x4a,
    0x49,0x4a,0x49,0x4a,0x69,0x4a,0x49,0x4a,0xaa,0x52,0x10,0x84,0xb6,0xb5,0x59,0xce,
    0x79,0xce,0xba,0xd6,0xfb,0xde,0x1c,0xe7,0x5d,0xef,0x9e,0xf7,0x9e,0xf7,0xbe,0xf7,
    0xdf,0xff,0xdf,0xff,0xdf,0xff,0xff,0xff,0xff,0xff,0xbe,0xf7,0xfb,0xde,0xdb,0xde,
    0xba,0xd6,0x9a,0xd6,0x59,0xce,0x18,0xc6,0xd7,0xbd,0xd7,0xbd,0xd7,0xbd,0xf7,0xbd,
    0xef,0x7b,0x2c,0x63,0x2c,0x63,0x0c,0x63,0xeb,0x5a,0xcb,0x5a,0xaa,0x52,0xaa,0x52,
    0x8a,0x52,0x49,0x4a,0x49,0x4a,0x49,0x4a,0xc7,0x39,0xc7,0x39,0xe7,0x39,0x49,0x4a,
    0x8a,0x52,0xaa,0x52,0x28,0x42,0x49,0x4a,0x69,0x4a,0x10,0x84,0x92,0x94,0x75,0xad,
    0xba,0xd6,0xef,0x7b,0xae,0x73,0xf3,0x9c,0x59,0xce,0xff,0xff,0xff,0xff,0xff,0xff,
    0xff,0xff,0xff,0xff,0xff,0xff,0x9a,0xd6,0xf7,0xbd,0x5d,0xef,0x18,0xc6,0x34,0xa5,
    0x71,0x8c,0xb2,0x94,0xef,0x7b,0x4d,0x6b,0x69,0x4a,0xe7,0x39,0xa6,0x31,0xe7,0x39,
    0xc7,0x39,0x86,0x31,0x65,0x29,0x65,0x29,0x45,0x29,0x45,0x29,0x24,0x21,0x04,0x21,
    0x24,0x21,0x45,0x29,0x86,0x31,0x65,0x29,0xcb,0x5a,0xf3,0x9c,0xf3,0x9c,0xf3,0x9c,
    0x14,0xa5,0x34,0xa5,0x34,0xa5,0x55,0xad,0x75,0xad,0x75,0xad,0x96,0xb5,0x96,0xb5,
    0x96,0xb5,0xd7,0xbd,0xd7,0xbd,0xd7,0xbd,0xb6,0xb5,0x34,0xa5,0x34,0xa5,0x55,0xad,
    0x75,0xad,0xb6,0xb5,0xd7,0xbd,0x96,0xb5,0x55,0xad,0x34,0xa5,0xf3,0x9c,0x92,0x94,
    0x51,0x8c,0xef,0x7b,0x6d,0x6b,0x2c,0x63,0xcb,0x5a,0x8a,0x52,0x69,0x4a,0x69,0x4a,
    0x49,0x4a,0x28,0x42,0x28,0x42,0x28,0x42,0x28,0x42,0x49,0x4a,0x49,0x4a,0x69,0x4a,
    0x8a,0x52,0x8a,0x52,0x8a,0x52,0xaa,0x52,0xaa,0x52,0x8a,0x52,0x8a,0x52,0x8a,0x52,
    0x8a,0x52,0xaa,0x52,0x8a,0x52,0x8a,0x52,0x8a,0x52,0x69,0x4a,0x69,0x4a,0x49,0x4a,
    0x49,0x4a,0x49,0x4a,0x49,0x4a,0x49,0x4a,0x49,0x4a,0x49,0x4a,0x49,0x4a,0x49,0x4a,
    0x49,0x4a,0x69,0x4a,0x69,0x4a,0x8a,0x52,0xef,0x7b,0xd7,0xbd,0x79,0xce,0xba,0xd6,
    0xdb,0xde,0x1c,0xe7,0x5d,0xef,0x7d,0xef,0x9e,0xf7,0xbe,0xf7,0xbe,0xf7,0xdf,0xff,
    0xff,0xff,0xff,0xff,0xff,0xff,0xff,0xff,0xff,0xff,0xff,0xff,0x9e,0xf7,0xdb,0xde,
    0x9a,0xd6,0x79,0xce,0x59,0xce,0x18,0xc6,0x18,0xc6,0xf7,0xbd,0x38,0xc6,0x14,0xa5,
    0x4d,0x6b,0x6d,0x6b,0x4d,0x6b,0x2c,0x63,0x0c,0x63,0xeb,0x5a,0xcb,0x5a,0xaa,0x52,
    0xaa,0x52,0x69,0x4a,0xaa,0x52,0x69,0x4a,0xe7,0x39,0xc7,0x39,0x08,0x42,0x69,0x4a,
    0x8a,0x52,0x69,0x4a,0x08,0x42,0x49,0x4a,0xcb,0x5a,0x71,0x8c,0xb2,0x94,0xf7,0xbd,
    0xb6,0xb5,0xeb,0x5a,0x10,0x84,0x14,0xa5,0xfb,0xde,0xff,0xff,0xff,0xff,0xff,0xff,
    0xff,0xff,0xff,0xff,0xff,0xff,0x7d,0xef,0x96,0xb5,0x7d,0xef,0x59,0xce,0x75,0xad,
    0x71,0x8c,0x71,0x8c,0x51,0x8c,0x8e,0x73,0x8a,0x52,0x08,0x42,0xa6,0x31,0xc7,0x39,
    0xc7,0x39,0xa6,0x31,0x65,0x29,0x65,0x29,0x45,0x29,0x24,0x21,0x24,0x21,0x24,0x21,
    0x24,0x21,0x45,0x29,0x86,0x31,0x65,0x29,0x2c,0x63,0xf3,0x9c,0xf3,0x9c,0xf3,0x9c,
    0x14,0xa5,0x34,0xa5,0x34,0xa5,0x34,0xa5,0x55,0xad,0x75,0xad,0x96,0xb5,0x96,0xb5,
    0xb6,0xb5,0xd7,0xbd,0xf7,0xbd,0xd7,0xbd,0xf7,0xbd,0xd7,0xbd,0x55,0xad,0x75,0xad,
    0x75,0xad,0x96,0xb5,0xd7,0xbd,0xf7,0xbd,0xd7,0xbd,0x96,0xb5,0x75,0xad,0x34,0xa5,
    0xd3,0x9c,0x92,0x94,0x30,0x84,0xae,0x73,0x4d,0x6b,0xeb,0x5a,0xcb,0x5a,0xaa,0x52,
    0x69,0x4a,0x49,0x4a,0x49,0x4a,0x49,0x4a,0x49,0x4a,0x49,0x4a,0x49,0x4a,0x49,0x4a,
    0x69,0x4a,0x69,0x4a,0x69,0x4a,0x8a,0x52,0x8a,0x52,0x8a,0x52,0x69,0x4a,0x8a,0x52,
    0x69,0x4a,0x69,0x4a,0x69,0x4a,0x69,0x4a,0x49,0x4a,0x49,0x4a,0x49,0x4a,0x49,0x4a,
    0x49,0x4a,0x49,0x4a,0x49,0x4a,0x49,0x4a,0x49,0x4a,0x69,0x4a,0x69,0x4a,0x69,0x4a,
    0x69,0x4a,0x8a,0x52,0x8a,0x52,0x6d,0x6b,0x75,0xad,0x9a,0xd6,0xba,0xd6,0xfb,0xde,
    0x5d,0xef,0x7d,0xef,0x9e,0xf7,0x9e,0xf7,0xbe,0xf7,0xdf,0xff,0xdf,0xff,0xff,0xff,
    0xff,0xff,0xff,0xff,0xff,0xff,0xff,0xff,0xff,0xff,0xff,0xff,0xff,0xff,0x5d,0xef,
    0x9a,0xd6,0x59,0xce,0x59,0xce,0x38,0xc6,0x18,0xc6,0x38,0xc6,0xb6,0xb5,0xcf,0x7b,
    0x8e,0x73,0x6d,0x6b,0x4d,0x6b,0x2c,0x63,0x0c,0x63,0x0c,0x63,0xeb,0x5a,0xcb,0x5a,
    0xaa,0x52,0xcb,0x5a,0x0c,0x63,0x8a,0x52,0x08,0x42,0xc7,0x39,0x28,0x42,0x69,0x4a,
    0x8a,0x52,0x28,0x42,0x28,0x42,0x69,0x4a,0x0c,0x63,0x71,0x8c,0xf3,0x9c,0x59,0xce,
    0x30,0x84,0x2c,0x63,0x71,0x8c,0x34,0xa5,0x9e,0xf7,0xff,0xff,0xff,0xff,0xff,0xff,
    0xff,0xff,0xff,0xff,0xff,0xff,0xff,0xff,0xd7,0xbd,0xba,0xd6,0xba,0xd6,0xb6,0xb5,
    0xd3,0x9c,0x10,0x84,0x71,0x8c,0xef,0x7b,0xeb,0x5a,0x28,0x42,0xe7,0x39,0xa6,0x31,
    0xc7,0x39,0xc7,0x39,0x86,0x31,0x65,0x29,0x45,0x29,0x24,0x21,0x45,0x29,0x24,0x21,
    0x24,0x21,0x45,0x29,0x86,0x31,0x86,0x31,0x4d,0x6b,0xf3,0x9c,0xd3,0x9c,0x14,0xa5,
    0x14,0xa5,0x34,0xa5,0x34,0xa5,0x55,0xad,0x55,0xad,0x75,0xad,0x96,0xb5,0x96,0xb5,
    0xb6,0xb5,0xd7,0xbd,0xf7,0xbd,0xf7,0xbd,0xf7,0xbd,0x18,0xc6,0xb6,0xb5,0x75,0xad,
    0x96,0xb5,0x96,0xb5,0xd7,0xbd,0x18,0xc6,0x18,0xc6,0x18,0xc6,0xd7,0xbd,0xb6,0xb5,
    0x75,0xad,0x34,0xa5,0xb2,0x94,0x51,0x8c,0xef,0x7b,0x8e,0x73,0x2c,0x63,0xeb,0x5a,
    0xaa,0x52,0x8a,0x52,0x69,0x4a,0x69,0x4a,0x49,0x4a,0x28,0x42,0x49,0x4a,0x49,0x4a,
    0x49,0x4a,0x69,0x4a,0x69,0x4a,0x69,0x4a,0x49,0x4a,0x49,0x4a,0x49,0x4a,0x49,0x4a,
    0x49,0x4a,0x49,0x4a,0x49,0x4a,0x49,0x4a,0x49,0x4a,0x49,0x4a,0x49,0x4a,0x49,0x4a,
    0x49,0x4a,0x49,0x4a,0x69,0x4a,0x69,0x4a,0x69,0x4a,0x69,0x4a,0x69,0x4a,0x8a,0x52,
    0x8a,0x52,0xaa,0x52,0xeb,0x5a,0xd3,0x9c,0x9a,0xd6,0xdb,0xde,0x3c,0xe7,0x7d,0xef,
    0x9e,0xf7,0xbe,0xf7,0xbe,0xf7,0xdf,0xff,0xdf,0xff,0xff,0xff,0xff,0xff,0xff,0xff,
    0xff,0xff,0xff,0xff,0xff,0xff,0xff,0xff,0xff,0xff,0xff,0xff,0xff,0xff,0xdf,0xff,
    0x9e,0xf7,0x9e,0xf7,0xdf,0xff,0xbe,0xf7,0x9e,0xf7,0x5d,0xef,0xb6,0xb5,0xae,0x73,
    0x4d,0x6b,0x6d,0x6b,0x6d,0x6b,0x4d,0x6b,0x4d,0x6b,0x2c,0x63,0x0c,0x63,0xeb,0x5a,
    0xcb,0x5a,0x2c,0x63,0x2c,0x63,0xcb,0x5a,0x49,0x4a,0x08,0x42,0x28,0x42,0x69,0x4a,
    0x69,0x4a,0x08,0x42,0x69,0x4a,0x69,0x4a,0x4d,0x6b,0x51,0x8c,0x55,0xad,0xd7,0xbd,
    0x0c,0x63,0xae,0x73,0x71,0x8c,0xd7,0xbd,0xff,0xff,0xff,0xff,0xff,0xff,0xff,0xff,
    0xff,0xff,0xff,0xff,0xff,0xff,0xff,0xff,0xba,0xd6,0xd7,0xbd,0x1c,0xe7,0xf7,0xbd,
    0x34,0xa5,0x51,0x8c,0x51,0x8c,0x51,0x8c,0x4d,0x6b,0x49,0x4a,0x08,0x42,0xa6,0x31,
    0xc7,0x39,0xc7,0x39,0xa6,0x31,0x65,0x29,0x45,0x29,0x24,0x21,0x45,0x29,0x24,0x21,
    0x45,0x29,0x45,0x29,0x86,0x31,0x86,0x31,0x2c,0x63,0xf3,0x9c,0xf3,0x9c,0x14,0xa5,
    0x14,0xa5,0x34,0xa5,0x34,0xa5,0x34,0xa5,0x55,0xad,0x75,0xad,0x75,0xad,0x96,0xb5,
    0xb6,0xb5,0xd7,0xbd,0xf7,0xbd,0xf7,0xbd,0x18,0xc6,0x18,0xc6,0x18,0xc6,0xb6,0xb5,
    0x75,0xad,0xb6,0xb5,0xb6,0xb5,0xf7,0xbd,0x38,0xc6,0x59,0xce,0x38,0xc6,0x38,0xc6,
    0x18,0xc6,0xd7,0xbd,0x75,0xad,0x14,0xa5,0xb2,0x94,0x30,0x84,0xcf,0x7b,0x4d,0x6b,
    0x0c,0x63,0xcb,0x5a,0xaa,0x52,0x8a,0x52,0x69,0x4a,0x49,0x4a,0x49,0x4a,0x28,0x42,
    0x49,0x4a,0x49,0x4a,0x49,0x4a,0x49,0x4a,0x49,0x4a,0x49,0x4a,0x49,0x4a,0x49,0x4a,
    0x49,0x4a,0x49,0x4a,0x49,0x4a,0x28,0x42,0x28,0x42,0x28,0x42,0x28,0x42,0x49,0x4a,
    0x69,0x4a,0x69,0x4a,0x69,0x4a,0x69,0x4a,0x8a,0x52,0x8a,0x52,0xaa,0x52,0xcb,0x5a,
    0xcb,0x5a,0x0c,0x63,0xcf,0x7b,0xf7,0xbd,0xfb,0xde,0x3c,0xe7,0x9e,0xf7,0xbe,0xf7,
    0xbe,0xf7,0xdf,0xff,0xff,0xff,0xff,0xff,0xff,0xff,0xff,0xff,0xff,0xff,0xff,0xff,
    0xff,0xff,0xff,0xff,0xff,0xff,0xff,0xff,0xff,0xff,0xff,0xff,0xff,0xff,0xff,0xff,
    0xff,0xff,0xff,0xff,0xff,0xff,0xff,0xff,0xff,0xff,0xff,0xff,0xff,0xff,0x3c,0xe7,
    0xb2,0x94,0x2c,0x63,0x8e,0x73,0x6d,0x6b,0x4d,0x6b,0x4d,0x6b,0x4d,0x6b,0x0c,0x63,
    0x0c,0x63,0x8e,0x73,0x6d,0x6b,0xcb,0x5a,0x8a,0x52,0x69,0x4a,0x69,0x4a,0x69,0x4a,
    0x28,0x42,0x28,0x42,0x69,0x4a,0x69,0x4a,0x6d,0x6b,0x71,0x8c,0xb6,0xb5,0x71,0x8c,
    0x0c,0x63,0x30,0x84,0xb2,0x94,0xdb,0xde,0xff,0xff,0xff,0xff,0xff,0xff,0xff,0xff,
    0xff,0xff,0xff,0xff,0xff,0xff,0xff,0xff,0xbe,0xf7,0x75,0xad,0x1c,0xe7,0x59,0xce,
    0x96,0xb5,0xd3,0x9c,0x10,0x84,0x51,0x8c,0xcf,0x7b,0xaa,0x52,0x08,0x42,0xc7,0x39,
    0xa6,0x31,0xc7,0x39,0xa6,0x31,0x65,0x29,0x45,0x29,0x45,0x29,0x24,0x21,0x45,0x29,
    0x45,0x29,0x65,0x29,0x86,0x31,0x86,0x31,0x0c,0x63,0xf3,0x9c,0xf3,0x9c,0x14,0xa5,
    0x14,0xa5,0x34,0xa5,0x34,0xa5,0x34,0xa5,0x55,0xad,0x55,0xad,0x96,0xb5,0x96,0xb5,
    0xb6,0xb5,0xd7,0xbd,0xf7,0xbd,0x18,0xc6,0x18,0xc6,0x18,0xc6,0x18,0xc6,0x18,0xc6,
    0xb6,0xb5,0x96,0xb5,0xb6,0xb5,0xd7,0xbd,0x18,0xc6,0x79,0xce,0x79,0xce,0x79,0xce,
    0x79,0xce,0x59,0xce,0x18,0xc6,0xf7,0xbd,0x96,0xb5,0x14,0xa5,0x92,0x94,0x30,0x84,
    0xae,0x73,0x4d,0x6b,0xeb,0x5a,0xcb,0x5a,0xaa,0x52,0x8a,0x52,0x69,0x4a,0x69,0x4a,
    0x49,0x4a,0x49,0x4a,0x28,0x42,0x28,0x42,0x28,0x42,0x49,0x4a,0x49,0x4a,0x28,0x42,
    0x49,0x4a,0x28,0x42,0x28,0x42,0x28,0x42,0x28,0x42,0x28,0x42,0x28,0x42,0x69,0x4a,
    0x69,0x4a,0x8a,0x52,0x8a,0x52,0xaa,0x52,0xaa,0x52,0xcb,0x5a,0xeb,0x5a,0x2c,0x63,
    0x4d,0x6b,0xae,0x73,0xf3,0x9c,0x1c,0xe7,0x7d,0xef,0x9e,0xf7,0xbe,0xf7,0xbe,0xf7,
    0xdf,0xff,0xff,0xff,0xff,0xff,0xff,0xff,0xff,0xff,0xff,0xff,0xff,0xff,0xff,0xff,
    0xff,0xff,0xff,0xff,0xff,0xff,0xff,0xff,0xff,0xff,0xff,0xff,0xff,0xff,0xff,0xff,
    0xff,0xff,0xff,0xff,0xff,0xff,0xff,0xff,0xff,0xff,0xff,0xff,0xff,0xff,0xff,0xff,
    0xff,0xff,0x75,0xad,0x6d,0x6b,0x8e,0x73,0x6d,0x6b,0x4d,0x6b,0x4d,0x6b,0x2c,0x63,
    0x4d,0x6b,0xcf,0x7b,0x8e,0x73,0xcb,0x5a,0xaa,0x52,0xcb,0x5a,0x8a,0x52,0x49,0x4a,
    0xe7,0x39,0x49,0x4a,0x69,0x4a,0x69,0x4a,0x6d,0x6b,0xb2,0x94,0x75,0xad,0x2c,0x63,
    0xae,0x73,0xb2,0x94,0x75,0xad,0xbe,0xf7,0xff,0xff,0xff,0xff,0xff,0xff,0xff,0xff,
    0xff,0xff,0xff,0xff,0xff,0xff,0xff,0xff,0xff,0xff,0xf7,0xbd,0x79,0xce,0x1c,0xe7,
    0xf7,0xbd,0x34,0xa5,0x30,0x84,0x10,0x84,0x10,0x84,0x0c,0x63,0x28,0x42,0xe7,0x39,
    0xa6,0x31,0xc7,0x39,0xa6,0x31,0x86,0x31,0x65,0x29,0x45,0x29,0x24,0x21,0x45,0x29,
    0x45,0x29,0x65,0x29,0x86,0x31,0xa6,0x31,0x49,0x4a,0xd3,0x9c,0x14,0xa5,0x14,0xa5,
    0x14,0xa5,0x14,0xa5,0x34,0xa5,0x34,0xa5,0x55,0xad,0x55,0xad,0x96,0xb5,0x96,0xb5,
    0xb6,0xb5,0xd7,0xbd,0xf7,0xbd,0x18,0xc6,0x18,0xc6,0x18,0xc6,0x18,0xc6,0x38,0xc6,
    0x38,0xc6,0xd7,0xbd,0xb6,0xb5,0xd7,0xbd,0xf7,0xbd,0x38,0xc6,0x79,0xce,0x9a,0xd6,
    0xba,0xd6,0xba,0xd6,0x9a,0xd6,0x79,0xce,0x38,0xc6,0xf7,0xbd,0x96,0xb5,0x14,0xa5,
    0x92,0x94,0x30,0x84,0xcf,0x7b,0x6d,0x6b,0x2c,0x63,0xeb,0x5a,0xaa,0x52,0x8a,0x52,
    0x8a,0x52,0x69,0x4a,0x69,0x4a,0x49,0x4a,0x49,0x4a,0x28,0x42,0x28,0x42,0x28,0x42,
    0x28,0x42,0x28,0x42,0x49,0x4a,0x49,0x4a,0x49,0x4a,0x49,0x4a,0x69,0x4a,0x69,0x4a,
    0x8a,0x52,0xaa,0x52,0xcb,0x5a,0xeb,0x5a,0xeb,0x5a,0x2c,0x63,0x8e,0x73,0xcf,0x7b,
    0x51,0x8c,0xb2,0x94,0x79,0xce,0xbe,0xf7,0xbe,0xf7,0xdf,0xff,0xdf,0xff,0xff,0xff,
    0xff,0xff,0xff,0xff,0xff,0xff,0xff,0xff,0xff,0xff,0xff,0xff,0xff,0xff,0xff,0xff,
    0xff,0xff,0xff,0xff,0xff,0xff,0xff,0xff,0xff,0xff,0xff,0xff,0xff,0xff,0xff,0xff,
    0xff,0xff,0xff,0xff,0xff,0xff,0xff,0xff,0xff,0xff,0xff,0xff,0xff,0xff,0xff,0xff,
    0xff,0xff,0xff,0xff,0x92,0x94,0x4d,0x6b,0x8e,0x73,0x6d,0x6b,0x6d,0x6b,0x6d,0x6b,
    0x8e,0x73,0xef,0x7b,0x8e,0x73,0x0c,0x63,0xeb,0x5a,0x0c,0x63,0x8a,0x52,0x08,0x42,
    0x08,0x42,0x49,0x4a,0x49,0x4a,0xaa,0x52,0xae,0x73,0x14,0xa5,0xef,0x7b,0xeb,0x5a,
    0x10,0x84,0x14,0xa5,0x79,0xce,0xff,0xff,0xff,0xff,0xff,0xff,0xff,0xff,0xff,0xff,
    0xff,0xff,0xff,0xff,0xff,0xff,0xff,0xff,0xff,0xff,0x5d,0xef,0xb6,0xb5,0x5d,0xef,
    0x59,0xce,0x96,0xb5,0xb2,0x94,0xef,0x7b,0x10,0x84,0x8e,0x73,0x69,0x4a,0x08,0x42,
    0xa6,0x31,0xa6,0x31,0xc7,0x39,0x86,0x31,0x65,0x29,0x45,0x29,0x45,0x29,0x45,0x29,
    0x65,0x29,0x65,0x29,0x86,0x31,0xc7,0x39,0xa6,0x31,0x0c,0x63,0x14,0xa5,0x14,0xa5,
    0x14,0xa5,0x34,0xa5,0x34,0xa5,0x34,0xa5,0x55,0xad,0x75,0xad,0x96,0xb5,0xb6,0xb5,
    0xd7,0xbd,0xd7,0xbd,0xf7,0xbd,0x18,0xc6,0x38,0xc6,0x38,0xc6,0x38,0xc6,0x59,0xce,
    0x38,0xc6,0x59,0xce,0xf7,0xbd,0xd7,0xbd,0xf7,0xbd,0x18,0xc6,0x38,0xc6,0x9a,0xd6,
    0xdb,0xde,0xfb,0xde,0xfb,0xde,0xdb,0xde,0xba,0xd6,0x79,0xce,0x59,0xce,0xf7,0xbd,
    0x96,0xb5,0x34,0xa5,0xd3,0x9c,0x71,0x8c,0x10,0x84,0xae,0x73,0x6d,0x6b,0x0c,0x63,
    0xeb,0x5a,0xcb,0x5a,0xaa,0x52,0x8a,0x52,0x8a,0x52,0x69,0x4a,0x69,0x4a,0x69,0x4a,
    0x69,0x4a,0x69,0x4a,0x69,0x4a,0x69,0x4a,0x69,0x4a,0x8a,0x52,0xaa,0x52,0xcb,0x5a,
    0xeb,0x5a,0x0c,0x63,0x2c,0x63,0x6d,0x6b,0xae,0x73,0x10,0x84,0x71,0x8c,0xf3,0x9c,
    0x75,0xad,0xf7,0xbd,0x5d,0xef,0xdf,0xff,0xdf,0xff,0xff,0xff,0xff,0xff,0xff,0xff,
    0xff,0xff,0xff,0xff,0xff,0xff,0xff,0xff,0xff,0xff,0xff,0xff,0xff,0xff,0xff,0xff,
    0xff,0xff,0xff,0xff,0xff,0xff,0xff,0xff,0xff,0xff,0xff,0xff,0xff,0xff,0xff,0xff,
    0xff,0xff,0x9e,0xf7,0x1c,0xe7,0xfb,0xde,0xdf,0xff,0xff,0xff,0xff,0xff,0xff,0xff,
    0xff,0xff,0x3c,0xe7,0x30,0x84,0x6d,0x6b,0x8e,0x73,0x8e,0x73,0x8e,0x73,0xae,0x73,
    0xae,0x73,0xcf,0x7b,0x6d,0x6b,0x2c,0x63,0x2c,0x63,0x4d,0x6b,0x69,0x4a,0xc7,0x39,
    0x49,0x4a,0x49,0x4a,0x49,0x4a,0xcb,0x5a,0x10,0x84,0xb2,0x94,0xcb,0x5a,0x4d,0x6b,
    0x30,0x84,0x55,0xad,0x9e,0xf7,0xff,0xff,0xff,0xff,0xff,0xff,0xff,0xff,0xff,0xff,
    0xff,0xff,0xff,0xff,0xff,0xff,0xff,0xff,0xff,0xff,0xff,0xff,0xd7,0xbd,0xfb,0xde,
    0xfb,0xde,0xd7,0xbd,0x34,0xa5,0x51,0x8c,0xcf,0x7b,0xcf,0x7b,0xaa,0x52,0x28,0x42,
    0xe7,0x39,0xa6,0x31,0xa6,0x31,0xa6,0x31,0x86,0x31,0x65,0x29,0x45,0x29,0x45,0x29,
    0x65,0x29,0x65,0x29,0xa6,0x31,0xe7,0x39,0xe7,0x39,0xc7,0x39,0x8e,0x73,0x55,0xad,
    0x14,0xa5,0x34,0xa5,0x34,0xa5,0x55,0xad,0x55,0xad,0x75,0xad,0x96,0xb5,0xb6,0xb5,
    0xd7,0xbd,0xf7,0xbd,0xf7,0xbd,0x18,0xc6,0x18,0xc6,0x38,0xc6,0x59,0xce,0x59,0xce,
    0x59,0xce,0x79,0xce,0x79,0xce,0x18,0xc6,0xd7,0xbd,0xf7,0xbd,0x18,0xc6,0x59,0xce,
    0xba,0xd6,0xfb,0xde,0xfb,0xde,0x1c,0xe7,0x1c,0xe7,0xfb,0xde,0xdb,0xde,0x9a,0xd6,
    0x59,0xce,0x18,0xc6,0xd7,0xbd,0x96,0xb5,0x34,0xa5,0xf3,0x9c,0x71,0x8c,0x10,0x84,
    0xcf,0x7b,0x8e,0x73,0x6d,0x6b,0x2c,0x63,0x0c,0x63,0xeb,0x5a,0xeb,0x5a,0xcb,0x5a,
    0xcb,0x5a,0xcb,0x5a,0xeb,0x5a,0xeb,0x5a,0x0c,0x63,0x2c,0x63,0x4d,0x6b,0x6d,0x6b,
    0x8e,0x73,0xcf,0x7b,0x30,0x84,0x92,0x94,0xf3,0x9c,0x55,0xad,0xb6,0xb5,0x18,0xc6,
    0x79,0xce,0xdb,0xde,0xbe,0xf7,0xff,0xff,0xff,0xff,0xff,0xff,0xff,0xff,0xff,0xff,
    0xff,0xff,0xff,0xff,0xff,0xff,0xff,0xff,0xff,0xff,0xff,0xff,0xff,0xff,0xff,0xff,
    0xff,0xff,0xff,0xff,0xff,0xff,0xff,0xff,0xff,0xff,0xff,0xff,0xff,0xff,0xff,0xff,
    0xff,0xff,0x3c,0xe7,0x14,0xa5,0x71,0x8c,0xd3,0x9c,0x55,0xad,0xd7,0xbd,0xb6,0xb5,
    0x14,0xa5,0x30,0x84,0xef,0x7b,0xcf,0x7b,0xae,0x73,0xae,0x73,0xef,0x7b,0xcf,0x7b,
    0xcf,0x7b,0xef,0x7b,0x6d,0x6b,0x4d,0x6b,0x6d,0x6b,0x4d,0x6b,0x28,0x42,0xe7,0x39,
    0x49,0x4a,0x49,0x4a,0x8a,0x52,0x4d,0x6b,0x92,0x94,0x6d,0x6b,0xcb,0x5a,0xae,0x73,
    0x92,0x94,0xf7,0xbd,0xff,0xff,0xff,0xff,0xff,0xff,0xff,0xff,0xff,0xff,0xff,0xff,
    0xff,0xff,0xff,0xff,0xff,0xff,0xff,0xff,0xff,0xff,0xff,0xff,0xfb,0xde,0xf7,0xbd,
    0x7d,0xef,0x38,0xc6,0x75,0xad,0xb2,0x94,0xef,0x7b,0xcf,0x7b,0x2c,0x63,0x49,0x4a,
    0x28,0x42,0xa6,0x31,0xa6,0x31,0xc7,0x39,0xa6,0x31,0x65,0x29,0x45,0x29,0x65,0x29,
    0x65,0x29,0x86,0x31,0xa6,0x31,0xc7,0x39,0x08,0x42,0x08,0x42,0x08,0x42,0xef,0x7b,
    0x55,0xad,0x34,0xa5,0x34,0xa5,0x55,0xad,0x75,0xad,0x96,0xb5,0xb6,0xb5,0xd7,0xbd,
    0xd7,0xbd,0xf7,0xbd,0xf7,0xbd,0x38,0xc6,0x38,0xc6,0x38,0xc6,0x59,0xce,0x59,0xce,
    0x79,0xce,0x79,0xce,0x79,0xce,0x9a,0xd6,0x38,0xc6,0xf7,0xbd,0x18,0xc6,0x38,0xc6,
    0x79,0xce,0xba,0xd6,0xfb,0xde,0x3c,0xe7,0x3c,0xe7,0x3c,0xe7,0x1c,0xe7,0x1c,0xe7,
    0xdb,0xde,0xba,0xd6,0x9a,0xd6,0x59,0xce,0x18,0xc6,0xd7,0xbd,0x96,0xb5,0x55,0xad,
    0x14,0xa5,0xd3,0x9c,0xb2,0x94,0x71,0x8c,0x30,0x84,0x10,0x84,0xef,0x7b,0xef,0x7b,
    0xcf,0x7b,0xcf,0x7b,0xef,0x7b,0x10,0x84,0x10,0x84,0x30,0x84,0x71,0x8c,0x92,0x94,
    0xd3,0x9c,0x34,0xa5,0x75,0xad,0xb6,0xb5,0x18,0xc6,0x59,0xce,0x9a,0xd6,0xdb,0xde,
    0xfb,0xde,0x3c,0xe7,0xbe,0xf7,0xff,0xff,0xff,0xff,0xff,0xff,0xff,0xff,0xff,0xff,
    0xff,0xff,0xff,0xff,0xff,0xff,0xff,0xff,0xff,0xff,0xff,0xff,0xff,0xff,0xff,0xff,
    0xff,0xff,0xff,0xff,0xff,0xff,0xff,0xff,0xff,0xff,0xff,0xff,0xff,0xff,0xff,0xff,
    0xff,0xff,0xfb,0xde,0x92,0x94,0xd3,0x9c,0xb2,0x94,0x92,0x94,0x51,0x8c,0x10,0x84,
    0xef,0x7b,0x30,0x84,0x10,0x84,0x10,0x84,0xef,0x7b,0xef,0x7b,0x10,0x84,0x10,0x84,
    0x10,0x84,0xcf,0x7b,0x6d,0x6b,0x6d,0x6b,0x8e,0x73,0x0c,0x63,0xe7,0x39,0x28,0x42,
    0x49,0x4a,0x49,0x4a,0xcb,0x5a,0xef,0x7b,0x10,0x84,0x8a,0x52,0x2c,0x63,0x10,0x84,
    0xb2,0x94,0x1c,0xe7,0xff,0xff,0xff,0xff,0xff,0xff,0xff,0xff,0xff,0xff,0xff,0xff,
    0xff,0xff,0xff,0xff,0xff,0xff,0xff,0xff,0xff,0xff,0xff,0xff,0xff,0xff,0xd7,0xbd,
    0x1c,0xe7,0xdb,0xde,0xb6,0xb5,0x14,0xa5,0x51,0x8c,0xae,0x73,0x6d,0x6b,0x8a,0x52,
    0x28,0x42,0xe7,0x39,0xc7,0x39,0xc7,0x39,0xc7,0x39,0x86,0x31,0x65,0x29,0x65,0x29,
    0x65,0x29,0x86,0x31,0xc7,0x39,0xe7,0x39,0x08,0x42,0x28,0x42,0x49,0x4a,0x28,0x42,
    0x10,0x84,0x75,0xad,0x55,0xad,0x75,0xad,0x75,0xad,0xb6,0xb5,0xb6,0xb5,0xd7,0xbd,
    0xf7,0xbd,0xf7,0xbd,0x18,0xc6,0x18,0xc6,0x38,0xc6,0x59,0xce,0x79,0xce,0x79,0xce,
    0x79,0xce,0x9a,0xd6,0xba,0xd6,0xba,0xd6,0xdb,0xde,0x9a,0xd6,0x18,0xc6,0x38,0xc6,
    0x59,0xce,0x79,0xce,0xba,0xd6,0xfb,0xde,0x3c,0xe7,0x3c,0xe7,0x3c,0xe7,0x3c,0xe7,
    0x3c,0xe7,0x1c,0xe7,0x1c,0xe7,0xdb,0xde,0x9a,0xd6,0x79,0xce,0x59,0xce,0x38,0xc6,
    0x18,0xc6,0xf7,0xbd,0xb6,0xb5,0x96,0xb5,0x75,0xad,0x55,0xad,0x34,0xa5,0x34,0xa5,
    0x34,0xa5,0x34,0xa5,0x55,0xad,0x55,0xad,0x55,0xad,0x96,0xb5,0xb6,0xb5,0xd7,0xbd,
    0x18,0xc6,0x38,0xc6,0x79,0xce,0x9a,0xd6,0xba,0xd6,0xfb,0xde,0x1c,0xe7,0x3c,0xe7,
    0x3c,0xe7,0x3c,0xe7,0xbe,0xf7,0xff,0xff,0xff,0xff,0xff,0xff,0xff,0xff,0xff,0xff,
    0xff,0xff,0xff,0xff,0xff,0xff,0xff,0xff,0xff,0xff,0xff,0xff,0xff,0xff,0xff,0xff,
    0xff,0xff,0xff,0xff,0xff,0xff,0xff,0xff,0xff,0xff,0xff,0xff,0xff,0xff,0xff,0xff,
    0xff,0xff,0xff,0xff,0xdb,0xde,0xf3,0x9c,0xf3,0x9c,0xd3,0x9c,0xb2,0x94,0x71,0x8c,
    0x71,0x8c,0x51,0x8c,0x30,0x84,0x30,0x84,0x10,0x84,0x30,0x84,0x30,0x84,0x30,0x84,
    0x10,0x84,0xae,0x73,0x8e,0x73,0x8e,0x73,0x8e,0x73,0xaa,0x52,0xe7,0x39,0x28,0x42,
    0x49,0x4a,0x8a,0x52,0x2c,0x63,0x30,0x84,0x0c,0x63,0xcb,0x5a,0x8e,0x73,0x30,0x84,
    0x96,0xb5,0xff,0xff,0xff,0xff,0xff,0xff,0xff,0xff,0xff,0xff,0xff,0xff,0xff,0xff,
    0xff,0xff,0xff,0xff,0xff,0xff,0xff,0xff,0xff,0xff,0xff,0xff,0xff,0xff,0xfb,0xde,
    0x18,0xc6,0x7d,0xef,0x38,0xc6,0x75,0xad,0xb2,0x94,0xef,0x7b,0x8e,0x73,0xeb,0x5a,
    0x49,0x4a,0x28,0x42,0xc7,0x39,0xc7,0x39,0xc7,0x39,0xa6,0x31,0x86,0x31,0x65,0x29,
    0x65,0x29,0x86,0x31,0xc7,0x39,0x08,0x42,0x08,0x42,0x28,0x42,0x49,0x4a,0x69,0x4a,
    0x69,0x4a,0xef,0x7b,0x96,0xb5,0x96,0xb5,0x96,0xb5,0xb6,0xb5,0xb6,0xb5,0xb6,0xb5,
    0xd7,0xbd,0xf7,0xbd,0x18,0xc6,0x18,0xc6,0x38,0xc6,0x59,0xce,0x79,0xce,0x9a,0xd6,
    0x9a,0xd6,0xba,0xd6,0xba,0xd6,0xdb,0xde,0xdb,0xde,0xfb,0xde,0xba,0xd6,0x59,0xce,
    0x59,0xce,0x59,0xce,0x79,0xce,0xba,0xd6,0xfb,0xde,0x3c,0xe7,0x5d,0xef,0x5d,0xef,
    0x5d,0xef,0x5d,0xef,0x3c,0xe7,0x3c,0xe7,0x3c,0xe7,0x1c,0xe7,0xfb,0xde,0xdb,0xde,
    0xba,0xd6,0x9a,0xd6,0x9a,0xd6,0x79,0xce,0x59,0xce,0x38,0xc6,0x38,0xc6,0x18,0xc6,
    0x38,0xc6,0x38,0xc6,0x38,0xc6,0x59,0xce,0x59,0xce,0x59,0xce,0x79,0xce,0x9a,0xd6,
    0xba,0xd6,0xdb,0xde,0xfb,0xde,0x1c,0xe7,0x3c,0xe7,0x3c,0xe7,0x3c,0xe7,0x3c,0xe7,
    0x3c,0xe7,0x5d,0xef,0xbe,0xf7,0xff,0xff,0xff,0xff,0xff,0xff,0xff,0xff,0xff,0xff,
    0xff,0xff,0xff,0xff,0xff,0xff,0xff,0xff,0xff,0xff,0xff,0xff,0xff,0xff,0xff,0xff,
    0xff,0xff,0xff,0xff,0xff,0xff,0xff,0xff,0xff,0xff,0xff,0xff,0xff,0xff,0xff,0xff,
    0xff,0xff,0xff,0xff,0xff,0xff,0xfb,0xde,0xd3,0x9c,0xd3,0x9c,0xb2,0x94,0x92,0x94,
    0x92,0x94,0x92,0x94,0x71,0x8c,0x51,0x8c,0x51,0x8c,0x71,0x8c,0x51,0x8c,0x51,0x8c,
    0xef,0x7b,0xae,0x73,0x8e,0x73,0xae,0x73,0x8e,0x73,0x49,0x4a,0x08,0x42,0x28,0x42,
    0x69,0x4a,0xaa,0x52,0xae,0x73,0x6d,0x6b,0xaa,0x52,0x2c,0x63,0x10,0x84,0x92,0x94,
    0x1c,0xe7,0xff,0xff,0xff,0xff,0xff,0xff,0xff,0xff,0xff,0xff,0xff,0xff,0xff,0xff,
    0xff,0xff,0xff,0xff,0xff,0xff,0xff,0xff,0xff,0xff,0xff,0xff,0xff,0xff,0xff,0xff,
    0xd7,0xbd,0x1c,0xe7,0xdb,0xde,0xf7,0xbd,0x14,0xa5,0x51,0x8c,0xae,0x73,0x0c,0x63,
    0x69,0x4a,0x28,0x42,0xe7,0x39,0xc7,0x39,0xc7,0x39,0xc7,0x39,0x86,0x31,0x86,0x31,
    0x65,0x29,0x86,0x31,0xc7,0x39,0x28,0x42,0x28,0x42,0x28,0x42,0x69,0x4a,0xaa,0x52,
    0xcb,0x5a,0xaa,0x52,0xef,0x7b,0x96,0xb5,0xb6,0xb5,0xb6,0xb5,0xb6,0xb5,0xd7,0xbd,
    0xd7,0xbd,0xf7,0xbd,0x18,0xc6,0x38,0xc6,0x38,0xc6,0x79,0xce,0x9a,0xd6,0x9a,0xd6,
    0xba,0xd6,0xba,0xd6,0xdb,0xde,0xdb,0xde,0xfb,0xde,0x1c,0xe7,0x1c,0xe7,0x1c,0xe7,
    0x9a,0xd6,0x59,0xce,0x79,0xce,0x9a,0xd6,0xdb,0xde,0xfb,0xde,0x1c,0xe7,0x5d,0xef,
    0x5d,0xef,0x5d,0xef,0x5d,0xef,0x5d,0xef,0x5d,0xef,0x5d,0xef,0x5d,0xef,0x3c,0xe7,
    0x3c,0xe7,0x1c,0xe7,0xfb,0xde,0xfb,0xde,0xdb,0xde,0xdb,0xde,0xdb,0xde,0xdb,0xde,
    0xdb,0xde,0xdb,0xde,0xdb,0xde,0xdb,0xde,0xfb,0xde,0xfb,0xde,0xfb,0xde,0x1c,0xe7,
    0x1c,0xe7,0x3c,0xe7,0x3c,0xe7,0x3c,0xe7,0x3c,0xe7,0x3c,0xe7,0x5d,0xef,0x5d,0xef,
    0x5d,0xef,0x3c,0xe7,0x7d,0xef,0xff,0xff,0xff,0xff,0xff,0xff,0xff,0xff,0xff,0xff,
    0xff,0xff,0xff,0xff,0xff,0xff,0xff,0xff,0xff,0xff,0xff,0xff,0xff,0xff,0xff,0xff,
    0xff,0xff,0xff,0xff,0xff,0xff,0xff,0xff,0xff,0xff,0xff,0xff,0xdf,0xff,0xff,0xff,
    0xff,0xff,0xff,0xff,0xff,0xff,0xff,0xff,0x18,0xc6,0x92,0x94,0xf3,0x9c,0xd3,0x9c,
    0xb2,0x94,0xb2,0x94,0x92,0x94,0x71,0x8c,0xb2,0x94,0x71,0x8c,0x51,0x8c,0x30,0x84,
    0xef,0x7b,0xcf,0x7b,0xcf,0x7b,0xcf,0x7b,0x2c,0x63,0x08,0x42,0x08,0x42,0x49,0x4a,
    0x8a,0x52,0x0c,0x63,0xae,0x73,0xaa,0x52,0x0c,0x63,0xae,0x73,0x71,0x8c,0xb6,0xb5,
    0xff,0xff,0xff,0xff,0xff,0xff,0xff,0xff,0xff,0xff,0xff,0xff,0xff,0xff,0xff,0xff,
    0xff,0xff,0xff,0xff,0xff,0xff,0xff,0xff,0xff,0xff,0xff,0xff,0xff,0xff,0xff,0xff,
    0x1c,0xe7,0xf7,0xbd,0x7d,0xef,0x59,0xce,0x96,0xb5,0xb2,0x94,0x10,0x84,0x6d,0x6b,
    0x8a,0x52,0x28,0x42,0x08,0x42,0xc7,0x39,0xa6,0x31,0xc7,0x39,0xa6,0x31,0x86,0x31,
    0x86,0x31,0x65,0x29,0xc7,0x39,0x08,0x42,0x69,0x4a,0x49,0x4a,0x69,0x4a,0xaa,0x52,
    0xcb,0x5a,0xeb,0x5a,0xcb,0x5a,0xae,0x73,0x55,0xad,0xd7,0xbd,0xb6,0xb5,0xd7,0xbd,
    0xd7,0xbd,0xf7,0xbd,0x18,0xc6,0x59,0xce,0x79,0xce,0x79,0xce,0x9a,0xd6,0xba,0xd6,
    0xdb,0xde,0xdb,0xde,0xdb,0xde,0xfb,0xde,0xfb,0xde,0x1c,0xe7,0x3c,0xe7,0x3c,0xe7,
    0x5d,0xef,0xfb,0xde,0xba,0xd6,0xba,0xd6,0xdb,0xde,0xdb,0xde,0xfb,0xde,0x1c,0xe7,
    0x3c,0xe7,0x5d,0xef,0x5d,0xef,0x5d,0xef,0x5d,0xef,0x5d,0xef,0x5d,0xef,0x5d,0xef,
    0x5d,0xef,0x5d,0xef,0x3c,0xe7,0x3c,0xe7,0x3c,0xe7,0x3c,0xe7,0x3c,0xe7,0x3c,0xe7,
    0x3c,0xe7,0x3c,0xe7,0x3c,0xe7,0x3c,0xe7,0x3c,0xe7,0x3c,0xe7,0x3c,0xe7,0x3c,0xe7,
    0x3c,0xe7,0x3c,0xe7,0x5d,0xef,0x5d,0xef,0x5d,0xef,0x5d,0xef,0x5d,0xef,0x3c,0xe7,
    0x1c,0xe7,0xfb,0xde,0x1c,0xe7,0xdf,0xff,0xff,0xff,0xff,0xff,0xff,0xff,0xff,0xff,
    0xff,0xff,0xff,0xff,0xff,0xff,0xff,0xff,0xff,0xff,0xff,0xff,0xff,0xff,0xff,0xff,
    0xff,0xff,0xff,0xff,0xff,0xff,0xff,0xff,0xff,0xff,0x9e,0xf7,0x9e,0xf7,0xff,0xff,
    0xff,0xff,0xff,0xff,0xff,0xff,0xff,0xff,0xbe,0xf7,0x14,0xa5,0xf3,0x9c,0xf3,0x9c,
    0xd3,0x9c,0xb2,0x94,0xb2,0x94,0xd3,0x9c,0xb2,0x94,0x92,0x94,0x51,0x8c,0x30,0x84,
    0x10,0x84,0xef,0x7b,0xcf,0x7b,0xcf,0x7b,0xaa,0x52,0xe7,0x39,0x28,0x42,0x49,0x4a,
    0xaa,0x52,0x4d,0x6b,0xcb,0x5a,0xcb,0x5a,0x4d,0x6b,0x30,0x84,0x14,0xa5,0x3c,0xe7,
    0xff,0xff,0xff,0xff,0xff,0xff,0xff,0xff,0xff,0xff,0xff,0xff,0xff,0xff,0xff,0xff,
    0xff,0xff,0xff,0xff,0xff,0xff,0xff,0xff,0xff,0xff,0xff,0xff,0xff,0xff,0xff,0xff,
    0xff,0xff,0xd7,0xbd,0xfb,0xde,0x1c,0xe7,0xf7,0xbd,0x34,0xa5,0x71,0x8c,0xef,0x7b,
    0xeb,0x5a,0x08,0x42,0x28,0x42,0x08,0x42,0xc7,0x39,0xc7,0x39,0xc7,0x39,0xa6,0x31,
    0x86,0x31,0x86,0x31,0xa6,0x31,0x08,0x42,0x49,0x4a,0x8a,0x52,0x69,0x4a,0x8a,0x52,
    0xcb,0x5a,0xeb,0x5a,0x0c,0x63,0x0c,0x63,0x8e,0x73,0x34,0xa5,0xf7,0xbd,0xd7,0xbd,
    0xf7,0xbd,0x18,0xc6,0x38,0xc6,0x59,0xce,0x79,0xce,0x9a,0xd6,0x9a,0xd6,0xba,0xd6,
    0xdb,0xde,0xfb,0xde,0xfb,0xde,0xfb,0xde,0x1c,0xe7,0x1c,0xe7,0x3c,0xe7,0x5d,0xef,
    0x5d,0xef,0x5d,0xef,0x5d,0xef,0x1c,0xe7,0xdb,0xde,0xba,0xd6,0xdb,0xde,0xfb,0xde,
    0xfb,0xde,0x1c,0xe7,0x3c,0xe7,0x5d,0xef,0x5d,0xef,0x5d,0xef,0x5d,0xef,0x5d,0xef,
    0x5d,0xef,0x5d,0xef,0x5d,0xef,0x5d,0xef,0x3c,0xe7,0x5d,0xef,0x5d,0xef,0x5d,0xef,
    0x3c,0xe7,0x3c,0xe7,0x3c,0xe7,0x5d,0xef,0x5d,0xef,0x3c,0xe7,0x3c,0xe7,0x5d,0xef,
    0x3c,0xe7,0x5d,0xef,0x5d,0xef,0x5d,0xef,0x5d,0xef,0x3c,0xe7,0x1c,0xe7,0xfb,0xde,
    0xdb,0xde,0xdb,0xde,0xdb,0xde,0x7d,0xef,0xff,0xff,0xff,0xff,0xff,0xff,0xff,0xff,
    0xff,0xff,0xff,0xff,0xff,0xff,0xff,0xff,0xff,0xff,0xff,0xff,0xff,0xff,0xff,0xff,
    0xff,0xff,0xff,0xff,0xff,0xff,0xdf,0xff,0xbe,0xf7,0x9e,0xf7,0xbe,0xf7,0x3c,0xe7,
    0x7d,0xef,0xff,0xff,0xff,0xff,0xff,0xff,0xff,0xff,0x18,0xc6,0xf3,0x9c,0x14,0xa5,
    0xf3,0x9c,0xd3,0x9c,0xf3,0x9c,0xf3,0x9c,0xd3,0x9c,0x92,0x94,0x51,0x8c,0x51,0x8c,
    0x10,0x84,0x10,0x84,0xef,0x7b,0x8e,0x73,0x28,0x42,0x08,0x42,0x28,0x42,0x69,0x4a,
    0x0c,0x63,0xeb,0x5a,0x8a,0x52,0x0c,0x63,0xae,0x73,0x92,0x94,0x18,0xc6,0xff,0xff,
    0xff,0xff,0xff,0xff,0xff,0xff,0xff,0xff,0xff,0xff,0xff,0xff,0xff,0xff,0xff,0xff,
    0xff,0xff,0xff,0xff,0xff,0xff,0xff,0xff,0xff,0xff,0xff,0xff,0xff,0xff,0xff,0xff,
    0xff,0xff,0x3c,0xe7,0xb6,0xb5,0x7d,0xef,0x79,0xce,0xb6,0xb5,0xd3,0x9c,0x30,0x84,
    0xae,0x73,0x69,0x4a,0x08,0x42,0x08,0x42,0xc7,0x39,0xa6,0x31,0xc7,0x39,0xc7,0x39,
    0xa6,0x31,0x86,0x31,0x86,0x31,0x08,0x42,0x69,0x4a,0xaa,0x52,0xaa,0x52,0xaa,0x52,
    0xcb,0x5a,0xeb,0x5a,0x0c,0x63,0x2c,0x63,0x4d,0x6b,0x6d,0x6b,0xb2,0x94,0xf7,0xbd,
    0x18,0xc6,0x18,0xc6,0x38,0xc6,0x59,0xce,0x79,0xce,0x9a,0xd6,0xba,0xd6,0xba,0xd6,
    0xfb,0xde,0xfb,0xde,0x1c,0xe7,0x1c,0xe7,0x1c,0xe7,0x1c,0xe7,0x5d,0xef,0x5d,0xef,
    0x5d,0xef,0x5d,0xef,0x5d,0xef,0x7d,0xef,0x5d,0xef,0x1c,0xe7,0xfb,0xde,0xfb,0xde,
    0xfb,0xde,0xfb,0xde,0xfb,0xde,0x1c,0xe7,0x3c,0xe7,0x3c,0xe7,0x3c,0xe7,0x5d,0xef,
    0x5d,0xef,0x5d,0xef,0x5d,0xef,0x5d,0xef,0x5d,0xef,0x5d,0xef,0x5d,0xef,0x5d,0xef,
    0x5d,0xef,0x5d,0xef,0x5d,0xef,0x5d,0xef,0x5d,0xef,0x5d,0xef,0x5d,0xef,0x5d,0xef,
    0x5d,0xef,0x5d,0xef,0x3c,0xe7,0x1c,0xe7,0x1c,0xe7,0xfb,0xde,0xdb,0xde,0xdb,0xde,
    0xba,0xd6,0xba,0xd6,0xdb,0xde,0x5d,0xef,0xdf,0xff,0xff,0xff,0xff,0xff,0xff,0xff,
    0xff,0xff,0xff,0xff,0xff,0xff,0xff,0xff,0xff,0xff,0xff,0xff,0xff,0xff,0xff,0xff,
    0xff,0xff,0xff,0xff,0xdf,0xff,0xbe,0xf7,0xbe,0xf7,0xbe,0xf7,0x9e,0xf7,0x59,0xce,
    0x75,0xad,0xdb,0xde,0xff,0xff,0xff,0xff,0xff,0xff,0x79,0xce,0xf3,0x9c,0x34,0xa5,
    0x14,0xa5,0x14,0xa5,0x34,0xa5,0xf3,0x9c,0xd3,0x9c,0x92,0x94,0x71,0x8c,0x71,0x8c,
    0x30,0x84,0x10,0x84,0xef,0x7b,0x0c,0x63,0xe7,0x39,0x08,0x42,0x28,0x42,0xcb,0x5a,
    0xeb,0x5a,0x8a,0x52,0xeb,0x5a,0x4d,0x6b,0x30,0x84,0x55,0xad,0x7d,0xef,0xff,0xff,
    0xff,0xff,0xff,0xff,0xff,0xff,0xff,0xff,0xff,0xff,0xff,0xff,0xff,0xff,0xff,0xff,
    0xff,0xff,0xff,0xff,0xff,0xff,0xff,0xff,0xff,0xff,0xff,0xff,0xff,0xff,0xff,0xff,
    0xff,0xff,0xff,0xff,0x38,0xc6,0x9a,0xd6,0x3c,0xe7,0x18,0xc6,0x75,0xad,0x92,0x94,
    0x10,0x84,0x0c,0x63,0xe7,0x39,0xe7,0x39,0x08,0x42,0xa6,0x31,0xa6,0x31,0xc7,0x39,
    0xa6,0x31,0xa6,0x31,0x86,0x31,0xe7,0x39,0x69,0x4a,0x8a,0x52,0xaa,0x52,0xeb,0x5a,
    0xcb,0x5a,0xeb,0x5a,0x2c,0x63,0x2c,0x63,0x4d,0x6b,0x8e,0x73,0x8e,0x73,0x51,0x8c,
    0xd7,0xbd,0x59,0xce,0x59,0xce,0x59,0xce,0x79,0xce,0xba,0xd6,0xba,0xd6,0xdb,0xde,
    0xfb,0xde,0x1c,0xe7,0x1c,0xe7,0x3c,0xe7,0x3c,0xe7,0x3c,0xe7,0x5d,0xef,0x5d,0xef,
    0x5d,0xef,0x5d,0xef,0x5d,0xef,0x5d,0xef,0x7d,0xef,0x7d,0xef,0x7d,0xef,0x3c,0xe7,
    0x1c,0xe7,0xfb,0xde,0xfb,0xde,0xfb,0xde,0xfb,0xde,0x1c,0xe7,0x1c,0xe7,0x1c,0xe7,
    0x3c,0xe7,0x5d,0xef,0x5d,0xef,0x5d,0xef,0x5d,0xef,0x5d,0xef,0x5d,0xef,0x5d,0xef,
    0x5d,0xef,0x5d,0xef,0x5d,0xef,0x5d,0xef,0x3c,0xe7,0x3c,0xe7,0x3c,0xe7,0x1c,0xe7,
    0x1c,0xe7,0xfb,0xde,0xfb,0xde,0xdb,0xde,0xdb,0xde,0xdb,0xde,0xdb,0xde,0xfb,0xde,
    0x1c,0xe7,0x3c,0xe7,0x7d,0xef,0x7d,0xef,0x7d,0xef,0xdf,0xff,0xff,0xff,0xff,0xff,
    0xff,0xff,0xff,0xff,0xff,0xff,0xff,0xff,0xff,0xff,0xff,0xff,0xff,0xff,0xff,0xff,
    0xff,0xff,0xdf,0xff,0xbe,0xf7,0xbe,0xf7,0xbe,0xf7,0xbe,0xf7,0xdb,0xde,0xd7,0xbd,
    0x96,0xb5,0x55,0xad,0x18,0xc6,0x1c,0xe7,0x3c,0xe7,0xb6,0xb5,0x34,0xa5,0x55,0xad,
    0x55,0xad,0x55,0xad,0x34,0xa5,0x14,0xa5,0xd3,0x9c,0x92,0x94,0x92,0x94,0x51,0x8c,
    0x30,0x84,0x10,0x84,0xef,0x7b,0x69,0x4a,0xe7,0x39,0x28,0x42,0x8a,0x52,0xcb,0x5a,
    0xaa,0x52,0xcb,0x5a,0x2c,0x63,0xcf,0x7b,0xb2,0x94,0x79,0xce,0xff,0xff,0xff,0xff,
    0xff,0xff,0xff,0xff,0xff,0xff,0xff,0xff,0xff,0xff,0xff,0xff,0xff,0xff,0xff,0xff,
    0xff,0xff,0xff,0xff,0xff,0xff,0xff,0xff,0xff,0xff,0xff,0xff,0xff,0xff,0xff,0xff,
    0xff,0xff,0xff,0xff,0xbe,0xf7,0x96,0xb5,0x5d,0xef,0xdb,0xde,0xd7,0xbd,0x14,0xa5,
    0x51,0x8c,0xae,0x73,0x49,0x4a,0xc7,0x39,0xe7,0x39,0xe7,0x39,0x86,0x31,0xa6,0x31,
    0xa6,0x31,0xa6,0x31,0xa6,0x31,0xa6,0x31,0x49,0x4a,0x8a,0x52,0xaa,0x52,0xeb,0x5a,
    0x0c,0x63,0xeb,0x5a,0x2c,0x63,0x4d,0x6b,0x6d,0x6b,0x8e,0x73,0xcf,0x7b,0xae,0x73,
    0x10,0x84,0x75,0xad,0x79,0xce,0x79,0xce,0x79,0xce,0xba,0xd6,0xdb,0xde,0xdb,0xde,
    0xfb,0xde,0xfb,0xde,0x1c,0xe7,0x3c,0xe7,0x3c,0xe7,0x5d,0xef,0x5d,0xef,0x5d,0xef,
    0x5d,0xef,0x5d,0xef,0x5d,0xef,0x5d,0xef,0x5d,0xef,0x7d,0xef,0x7d,0xef,0x7d,0xef,
    0x7d,0xef,0x5d,0xef,0x3c,0xe7,0x1c,0xe7,0xfb,0xde,0xfb,0xde,0xfb,0xde,0x1c,0xe7,
    0x1c,0xe7,0x3c,0xe7,0x3c,0xe7,0x3c,0xe7,0x3c,0xe7,0x3c,0xe7,0x1c,0xe7,0x1c,0xe7,
    0x1c,0xe7,0x1c,0xe7,0x1c,0xe7,0x1c,0xe7,0xfb,0xde,0xfb,0xde,0xfb,0xde,0xdb,0xde,
    0xdb,0xde,0xdb,0xde,0xdb,0xde,0xdb,0xde,0xdb,0xde,0x1c,0xe7,0x3c,0xe7,0x5d,0xef,
    0x7d,0xef,0x7d,0xef,0x7d,0xef,0x7d,0xef,0x7d,0xef,0x7d,0xef,0xdf,0xff,0xff,0xff,
    0xff,0xff,0xff,0xff,0xff,0xff,0xff,0xff,0xff,0xff,0xff,0xff,0xff,0xff,0xff,0xff,
    0xdf,0xff,0xbe,0xf7,0xdf,0xff,0xbe,0xf7,0xbe,0xf7,0xfb,0xde,0x18,0xc6,0xd7,0xbd,
    0xd7,0xbd,0xd7,0xbd,0xb6,0xb5,0x75,0xad,0x55,0xad,0x96,0xb5,0x75,0xad,0x55,0xad,
    0x96,0xb5,0x75,0xad,0x55,0xad,0x14,0xa5,0xf3,0x9c,0xd3,0x9c,0xb2,0x94,0x71,0x8c,
    0x30,0x84,0x10,0x84,0x6d,0x6b,0xe7,0x39,0x08,0x42,0x69,0x4a,0xaa,0x52,0x8a,0x52,
    0xcb,0x5a,0x0c,0x63,0x8e,0x73,0x71,0x8c,0xb6,0xb5,0xbe,0xf7,0xff,0xff,0xff,0xff,
    0xff,0xff,0xff,0xff,0xff,0xff,0xff,0xff,0xff,0xff,0xff,0xff,0xff,0xff,0xff,0xff,
    0xff,0xff,0xff,0xff,0xff,0xff,0xff,0xff,0xff,0xff,0xff,0xff,0xff,0xff,0xff,0xff,
    0xff,0xff,0xff,0xff,0xff,0xff,0xba,0xd6,0xf7,0xbd,0x9e,0xf7,0x59,0xce,0x96,0xb5,
    0xd3,0x9c,0x30,0x84,0x2c,0x63,0xe7,0x39,0xc7,0x39,0xc7,0x39,0xa6,0x31,0x86,0x31,
    0xa6,0x31,0xa6,0x31,0xa6,0x31,0xa6,0x31,0x08,0x42,0x8a,0x52,0xaa,0x52,0xcb,0x5a,
    0x2c,0x63,0x2c,0x63,0x2c,0x63,0x4d,0x6b,0x8e,0x73,0xae,0x73,0xcf,0x7b,0xef,0x7b,
    0xcf,0x7b,0xef,0x7b,0xd3,0x9c,0x38,0xc6,0xba,0xd6,0xba,0xd6,0xba,0xd6,0xdb,0xde,
    0xfb,0xde,0xfb,0xde,0x1c,0xe7,0x3c,0xe7,0x5d,0xef,0x5d,0xef,0x5d,0xef,0x5d,0xef,
    0x5d,0xef,0x5d,0xef,0x7d,0xef,0x7d,0xef,0x7d,0xef,0x7d,0xef,0x7d,0xef,0x7d,0xef,
    0x7d,0xef,0x7d,0xef,0x7d,0xef,0x7d,0xef,0x5d,0xef,0x5d,0xef,0x3c,0xe7,0x1c,0xe7,
    0x1c,0xe7,0xfb,0xde,0xfb,0xde,0xfb,0xde,0xfb,0xde,0xfb,0xde,0xdb,0xde,0xdb,0xde,
    0xdb,0xde,0xdb,0xde,0xdb,0xde,0xdb,0xde,0xdb,0xde,0xfb,0xde,0xdb,0xde,0xdb,0xde,
    0xdb,0xde,0xfb,0xde,0x1c,0xe7,0x3c,0xe7,0x5d,0xef,0x7d,0xef,0x7d,0xef,0x7d,0xef,
    0x7d,0xef,0x7d,0xef,0x7d,0xef,0x7d,0xef,0x7d,0xef,0x5d,0xef,0x7d,0xef,0xdf,0xff,
    0xff,0xff,0xff,0xff,0xff,0xff,0xff,0xff,0xff,0xff,0xff,0xff,0xdf,0xff,0xbe,0xf7,
    0xbe,0xf7,0xbe,0xf7,0xbe,0xf7,0x9e,0xf7,0xfb,0xde,0x18,0xc6,0xf7,0xbd,0xf7,0xbd,
    0xf7,0xbd,0xf7,0xbd,0xf7,0xbd,0xd7,0xbd,0xd7,0xbd,0xb6,0xb5,0x96,0xb5,0xb6,0xb5,
    0xb6,0xb5,0x75,0xad,0x55,0xad,0x34,0xa5,0x14,0xa5,0xf3,0x9c,0xd3,0x9c,0xb2,0x94,
    0x30,0x84,0x51,0x8c,0xaa,0x52,0xe7,0x39,0x49,0x4a,0x8a,0x52,0x8a,0x52,0xaa,0x52,
    0xeb,0x5a,0x4d,0x6b,0x10,0x84,0x34,0xa5,0x1c,0xe7,0xff,0xff,0xff,0xff,0xff,0xff,
    0xff,0xff,0xff,0xff,0xff,0xff,0xff,0xff,0xff,0xff,0xff,0xff,0xff,0xff,0xff,0xff,
    0xff,0xff,0xff,0xff,0xff,0xff,0xff,0xff,0xff,0xff,0xff,0xff,0xff,0xff,0xff,0xff,
    0xff,0xff,0xff,0xff,0xff,0xff,0xff,0xff,0xf7,0xbd,0xdb,0xde,0x5d,0xef,0x18,0xc6,
    0x55,0xad,0xb2,0x94,0x10,0x84,0x69,0x4a,0xe7,0x39,0xc7,0x39,0xa6,0x31,0xc7,0x39,
    0x86,0x31,0xa6,0x31,0xa6,0x31,0xa6,0x31,0xe7,0x39,0x8a,0x52,0xaa,0x52,0xcb,0x5a,
    0x0c,0x63,0x4d,0x6b,0x4d,0x6b,0x6d,0x6b,0x8e,0x73,0xae,0x73,0xcf,0x7b,0xef,0x7b,
    0xef,0x7b,0x30,0x84,0x30,0x84,0x71,0x8c,0x75,0xad,0x9a,0xd6,0xfb,0xde,0xdb,0xde,
    0xfb,0xde,0x1c,0xe7,0x3c,0xe7,0x5d,0xef,0x5d,0xef,0x5d,0xef,0x5d,0xef,0x5d,0xef,
    0x5d,0xef,0x7d,0xef,0x7d,0xef,0x7d,0xef,0x7d,0xef,0x7d,0xef,0x7d,0xef,0x7d,0xef,
    0x7d,0xef,0x7d,0xef,0x7d,0xef,0x7d,0xef,0x7d,0xef,0x7d,0xef,0x7d,0xef,0x7d,0xef,
    0x7d,0xef,0x5d,0xef,0x5d,0xef,0x3c,0xe7,0x3c,0xe7,0x1c,0xe7,0x1c,0xe7,0xfb,0xde,
    0xfb,0xde,0xfb,0xde,0x1c,0xe7,0x1c,0xe7,0x1c,0xe7,0x3c,0xe7,0x3c,0xe7,0x5d,0xef,
    0x5d,0xef,0x7d,0xef,0x7d,0xef,0x7d,0xef,0x7d,0xef,0x7d,0xef,0x5d,0xef,0x5d,0xef,
    0x7d,0xef,0x7d,0xef,0x7d,0xef,0x7d,0xef,0x7d,0xef,0x7d,0xef,0x7d,0xef,0x7d,0xef,
    0xbe,0xf7,0xff,0xff,0xff,0xff,0xff,0xff,0xff,0xff,0xdf,0xff,0xbe,0xf7,0xbe,0xf7,
    0xbe,0xf7,0x9e,0xf7,0x3c,0xe7,0xba,0xd6,0x18,0xc6,0x18,0xc6,0x18,0xc6,0x38,0xc6,
    0x18,0xc6,0x18,0xc6,0x18,0xc6,0x18,0xc6,0xf7,0xbd,0xd7,0xbd,0xd7,0xbd,0xf7,0xbd,
    0xb6,0xb5,0x96,0xb5,0x75,0xad,0x55,0xad,0x34,0xa5,0x14,0xa5,0xf3,0x9c,0x92,0x94,
    0x71,0x8c,0xcf,0x7b,0x08,0x42,0x28,0x42,0x69,0x4a,0x69,0x4a,0x8a,0x52,0xeb,0x5a,
    0x2c,0x63,0xae,0x73,0xd3,0x9c,0x59,0xce,0xff,0xff,0xff,0xff,0xff,0xff,0xff,0xff,
    0xff,0xff,0xff,0xff,0xff,0xff,0xff,0xff,0xff,0xff,0xff,0xff,0xff,0xff,0xff,0xff,
    0xff,0xff,0xff,0xff,0xff,0xff,0xff,0xff,0xff,0xff,0xff,0xff,0xff,0xff,0xff,0xff,
    0xff,0xff,0xff,0xff,0xff,0xff,0xff,0xff,0x9e,0xf7,0x96,0xb5,0x5d,0xef,0xdb,0xde,
    0xd7,0xbd,0x34,0xa5,0xb2,0x94,0x8e,0x73,0x28,0x42,0x08,0x42,0xc7,0x39,0xa6,0x31,
    0xa6,0x31,0x86,0x31,0xa6,0x31,0xa6,0x31,0xa6,0x31,0x49,0x4a,0xcb,0x5a,0xcb,0x5a,
    0xeb,0x5a,0x4d,0x6b,0xae,0x73,0x8e,0x73,0x8e,0x73,0xae,0x73,0xcf,0x7b,0xef,0x7b,
    0x10,0x84,0x51,0x8c,0x71,0x8c,0x71,0x8c,0x71,0x8c,0xd3,0x9c,0xd7,0xbd,0xdb,0xde,
    0x1c,0xe7,0x1c,0xe7,0x3c,0xe7,0x5d,0xef,0x5d,0xef,0x5d,0xef,0x5d,0xef,0x5d,0xef,
    0x5d,0xef,0x7d,0xef,0x7d,0xef,0x7d,0xef,0x7d,0xef,0x7d,0xef,0x7d,0xef,0x7d,0xef,
    0x7d,0xef,0x7d,0xef,0x7d,0xef,0x7d,0xef,0x7d,0xef,0x7d,0xef,0x7d,0xef,0x7d,0xef,
    0x7d,0xef,0x7d,0xef,0x9e,0xf7,0x7d,0xef,0x7d,0xef,0x7d,0xef,0x7d,0xef,0x7d,0xef,
    0x7d,0xef,0x7d,0xef,0x7d,0xef,0x7d,0xef,0x7d,0xef,0x7d,0xef,0x7d,0xef,0x7d,0xef,
    0x7d,0xef,0x7d,0xef,0x7d,0xef,0x7d,0xef,0x7d,0xef,0x7d,0xef,0x7d,0xef,0x7d,0xef,
    0x5d,0xef,0x7d,0xef,0x7d,0xef,0x7d,0xef,0x7d,0xef,0x7d,0xef,0x7d,0xef,0x7d,0xef,
    0x7d,0xef,0x9e,0xf7,0x7d,0xef,0x7d,0xef,0x7d,0xef,0x9e,0xf7,0x7d,0xef,0x5d,0xef,
    0x3c,0xe7,0xdb,0xde,0x59,0xce,0x38,0xc6,0x38,0xc6,0x59,0xce,0x79,0xce,0x59,0xce,
    0x38,0xc6,0x38,0xc6,0x59,0xce,0x59,0xce,0x18,0xc6,0xf7,0xbd,0x18,0xc6,0xf7,0xbd,
    0xd7,0xbd,0xb6,0xb5,0xb6,0xb5,0x75,0xad,0x55,0xad,0x34,0xa5,0xf3,0x9c,0x92,0x94,
    0x92,0x94,0xaa,0x52,0x08,0x42,0x49,0x4a,0x49,0x4a,0x8a,0x52,0xeb,0x5a,0x2c,0x63,
    0x8e,0x73,0x71,0x8c,0xb6,0xb5,0x9e,0xf7,0xff,0xff,0xff,0xff,0xff,0xff,0xff,0xff,
    0xff,0xff,0xff,0xff,0xff,0xff,0xff,0xff,0xff,0xff,0xff,0xff,0xff,0xff,0xff,0xff,
    0xff,0xff,0xff,0xff,0xff,0xff,0xff,0xff,0xff,0xff,0xff,0xff,0xff,0xff,0xff,0xff,
    0xff,0xff,0xff,0xff,0xff,0xff,0xff,0xff,0xff,0xff,0x9a,0xd6,0x75,0xad,0x7d,0xef,
    0x59,0xce,0xb6,0xb5,0x34,0xa5,0xb2,0x94,0xcb,0x5a,0x08,0x42,0xe7,0x39,0xc7,0x39,
    0xa6,0x31,0x86,0x31,0xa6,0x31,0xc7,0x39,0xa6,0x31,0xe7,0x39,0xeb,0x5a,0xeb,0x5a,
    0xeb,0x5a,0x2c,0x63,0xae,0x73,0xcf,0x7b,0xae,0x73,0xcf,0x7b,0xef,0x7b,0x10,0x84,
    0x30,0x84,0x51,0x8c,0x71,0x8c,0x92,0x94,0xb2,0x94,0xb2,0x94,0xb2,0x94,0x34,0xa5,
    0x38,0xc6,0x3c,0xe7,0x7d,0xef,0x5d,0xef,0x5d,0xef,0x5d,0xef,0x5d,0xef,0x5d,0xef,
    0x7d,0xef,0x7d,0xef,0x7d,0xef,0x7d,0xef,0x7d,0xef,0x7d,0xef,0x7d,0xef,0x7d,0xef,
    0x7d,0xef,0x7d,0xef,0x7d,0xef,0x7d,0xef,0x7d,0xef,0x7d,0xef,0x7d,0xef,0x7d,0xef,
    0x7d,0xef,0x7d,0xef,0x7d,0xef,0x7d,0xef,0x7d,0xef,0x7d,0xef,0x7d,0xef,0x7d,0xef,
    0x7d,0xef,0x7d,0xef,0x7d,0xef,0x7d,0xef,0x7d,0xef,0x7d,0xef,0x7d,0xef,0x7d,0xef,
    0x7d,0xef,0x7d,0xef,0x7d,0xef,0x7d,0xef,0x7d,0xef,0x7d,0xef,0x7d,0xef,0x7d,0xef,
    0x7d,0xef,0x7d,0xef,0x7d,0xef,0x7d,0xef,0x7d,0xef,0x7d,0xef,0x9e,0xf7,0x9e,0xf7,
    0x5d,0xef,0xfb,0xde,0x9a,0xd6,0xba,0xd6,0xba,0xd6,0xdb,0xde,0xdb,0xde,0xba,0xd6,
    0x9a,0xd6,0x79,0xce,0x79,0xce,0x79,0xce,0x79,0xce,0x9a,0xd6,0x9a,0xd6,0x9a,0xd6,
    0x9a,0xd6,0x79,0xce,0x79,0xce,0x59,0xce,0x59,0xce,0x59,0xce,0x59,0xce,0x18,0xc6,
    0xf7,0xbd,0xf7,0xbd,0xd7,0xbd,0x96,0xb5,0x75,0xad,0x34,0xa5,0xd3,0x9c,0xd3,0x9c,
    0xcf,0x7b,0x08,0x42,0x49,0x4a,0x49,0x4a,0x8a,0x52,0xcb,0x5a,0x2c,0x63,0x6d,0x6b,
    0x30,0x84,0x34,0xa5,0xdb,0xde,0xff,0xff,0xff,0xff,0xff,0xff,0xff,0xff,0xff,0xff,
    0xff,0xff,0xff,0xff,0xff,0xff,0xff,0xff,0xff,0xff,0xff,0xff,0xff,0xff,0xff,0xff,
    0xff,0xff,0xff,0xff,0xff,0xff,0xff,0xff,0xff,0xff,0xff,0xff,0xff,0xff,0xff,0xff,
    0xff,0xff,0xff,0xff,0xff,0xff,0xff,0xff,0xff,0xff,0xff,0xff,0xb6,0xb5,0xf7,0xbd,
    0x5d,0xef,0x38,0xc6,0xb6,0xb5,0x14,0xa5,0x10,0x84,0x28,0x42,0x08,0x42,0xe7,0x39,
    0xc7,0x39,0xa6,0x31,0xa6,0x31,0xa6,0x31,0xc7,0x39,0xc7,0x39,0x8a,0x52,0x0c,0x63,
    0x0c,0x63,0x2c,0x63,0x8e,0x73,0xef,0x7b,0x10,0x84,0xcf,0x7b,0xef,0x7b,0x10,0x84,
    0x30,0x84,0x51,0x8c,0x71,0x8c,0x92,0x94,0xb2,0x94,0xd3,0x9c,0xf3,0x9c,0x14,0xa5,
    0x14,0xa5,0x96,0xb5,0x9a,0xd6,0x5d,0xef,0x7d,0xef,0x7d,0xef,0x5d,0xef,0x5d,0xef,
    0x7d,0xef,0x7d,0xef,0x7d,0xef,0x7d,0xef,0x7d,0xef,0x7d,0xef,0x7d,0xef,0x7d,0xef,
    0x7d,0xef,0x7d,0xef,0x7d,0xef,0x7d,0xef,0x7d,0xef,0x7d,0xef,0x7d,0xef,0x9e,0xf7,
    0x7d,0xef,0x7d,0xef,0x7d,0xef,0x7d,0xef,0x7d,0xef,0x7d,0xef,0x7d,0xef,0x7d,0xef,
    0x7d,0xef,0x7d,0xef,0x7d,0xef,0x7d,0xef,0x7d,0xef,0x7d,0xef,0x7d,0xef,0x7d,0xef,
    0x7d,0xef,0x7d,0xef,0x7d,0xef,0x7d,0xef,0x7d,0xef,0x7d,0xef,0x7d,0xef,0x7d,0xef,
    0x7d,0xef,0x7d,0xef,0x7d,0xef,0x7d,0xef,0x7d,0xef,0x9e,0xf7,0x7d,0xef,0x1c,0xe7,
    0xdb,0xde,0xba,0xd6,0xba,0xd6,0xba,0xd6,0xba,0xd6,0xdb,0xde,0xdb,0xde,0xdb,0xde,
    0xba,0xd6,0xba,0xd6,0x9a,0xd6,0x9a,0xd6,0xba,0xd6,0xba,0xd6,0xba,0xd6,0xba,0xd6,
    0xba,0xd6,0xba,0xd6,0x9a,0xd6,0x79,0xce,0x9a,0xd6,0x9a,0xd6,0x79,0xce,0x38,0xc6,
    0x18,0xc6,0x18,0xc6,0xd7,0xbd,0xb6,0xb5,0x75,0xad,0x14,0xa5,0x14,0xa5,0xf3,0x9c,
    0x69,0x4a,0x08,0x42,0x49,0x4a,0x69,0x4a,0xcb,0x5a,0x0c,0x63,0x4d,0x6b,0xef,0x7b,
    0x14,0xa5,0x59,0xce,0xff,0xff,0xff,0xff,0xff,0xff,0xff,0xff,0xff,0xff,0xff,0xff,
    0xff,0xff,0xff,0xff,0xff,0xff,0xff,0xff,0xff,0xff,0xff,0xff,0xff,0xff,0xff,0xff,
    0xff,0xff,0xff,0xff,0xff,0xff,0xff,0xff,0xff,0xff,0xff,0xff,0xff,0xff,0xff,0xff,
    0xff,0xff,0xff,0xff,0xff,0xff,0xff,0xff,0xff,0xff,0xff,0xff,0xbe,0xf7,0x34,0xa5,
    0xba,0xd6,0x3c,0xe7,0x38,0xc6,0xb6,0xb5,0xf3,0x9c,0xeb,0x5a,0x08,0x42,0x08,0x42,
    0xe7,0x39,0xc7,0x39,0xa6,0x31,0xa6,0x31,0xa6,0x31,0xc7,0x39,0x08,0x42,0x0c,0x63,
    0x2c,0x63,0x4d,0x6b,0x6d,0x6b,0xcf,0x7b,0x51,0x8c,0x30,0x84,0x10,0x84,0x30,0x84,
    0x30,0x84,0x71,0x8c,0x92,0x94,0xb2,0x94,0xd3,0x9c,0xf3,0x9c,0x14,0xa5,0x34,0xa5,
    0x55,0xad,0x55,0xad,0x55,0xad,0xd7,0xbd,0x79,0xce,0x3c,0xe7,0x7d,0xef,0x7d,0xef,
    0x7d,0xef,0x7d,0xef,0x7d,0xef,0x7d,0xef,0x7d,0xef,0x7d,0xef,0x7d,0xef,0x7d,0xef,
    0x7d,0xef,0x7d,0xef,0x7d,0xef,0x7d,0xef,0x7d,0xef,0x7d,0xef,0x7d,0xef,0x7d,0xef,
    0x7d,0xef,0x7d,0xef,0x7d,0xef,0x7d,0xef,0x7d,0xef,0x7d,0xef,0x7d,0xef,0x7d,0xef,
    0x7d,0xef,0x7d,0xef,0x7d,0xef,0x7d,0xef,0x7d,0xef,0x7d,0xef,0x7d,0xef,0x7d,0xef,
    0x7d,0xef,0x7d,0xef,0x7d,0xef,0x7d,0xef,0x7d,0xef,0x7d,0xef,0x7d,0xef,0x7d,0xef,
    0x7d,0xef,0x7d,0xef,0x7d,0xef,0x7d,0xef,0x5d,0xef,0x1c,0xe7,0xdb,0xde,0xdb,0xde,
    0xfb,0xde,0xfb,0xde,0xfb,0xde,0xfb,0xde,0xfb,0xde,0xfb,0xde,0xfb,0xde,0xfb,0xde,
    0xdb,0xde,0xdb,0xde,0xdb,0xde,0xdb,0xde,0xdb,0xde,0xdb,0xde,0xdb,0xde,0xdb,0xde,
    0xdb,0xde,0xdb,0xde,0xdb,0xde,0xdb,0xde,0xdb,0xde,0xba,0xd6,0x79,0xce,0x79,0xce,
    0x59,0xce,0x18,0xc6,0xf7,0xbd,0xb6,0xb5,0x55,0xad,0x34,0xa5,0x55,0xad,0x8e,0x73,
    0xe7,0x39,0x28,0x42,0x69,0x4a,0xaa,0x52,0x0c,0x63,0x4d,0x6b,0xae,0x73,0xd3,0x9c,
    0xd7,0xbd,0xbe,0xf7,0xff,0xff,0xff,0xff,0xff,0xff,0xff,0xff,0xff,0xff,0xff,0xff,
    0xff,0xff,0xff,0xff,0xff,0xff,0xff,0xff,0xff,0xff,0xff,0xff,0xff,0xff,0xff,0xff,
    0xff,0xff,0xff,0xff,0xff,0xff,0xff,0xff,0xff,0xff,0xff,0xff,0xff,0xff,0xff,0xff,
    0xff,0xff,0xff,0xff,0xff,0xff,0xff,0xff,0xff,0xff,0xff,0xff,0xff,0xff,0x3c,0xe7,
    0x14,0xa5,0x3c,0xe7,0x1c,0xe7,0x18,0xc6,0x96,0xb5,0x71,0x8c,0x49,0x4a,0x08,0x42,
    0x08,0x42,0xe7,0x39,0xc7,0x39,0xa6,0x31,0xa6,0x31,0xc7,0x39,0xc7,0x39,0x8a,0x52,
    0x6d,0x6b,0x4d,0x6b,0x8e,0x73,0xcf,0x7b,0x30,0x84,0x71,0x8c,0x51,0x8c,0x30,0x84,
    0x71,0x8c,0x92,0x94,0x92,0x94,0xb2,0x94,0xd3,0x9c,0xf3,0x9c,0x14,0xa5,0x55,0xad,
    0x75,0xad,0x96,0xb5,0xb6,0xb5,0xb6,0xb5,0xb6,0xb5,0xf7,0xbd,0x79,0xce,0xfb,0xde,
    0x5d,0xef,0x9e,0xf7,0x7d,0xef,0x7d,0xef,0x7d,0xef,0x7d,0xef,0x7d,0xef,0x7d,0xef,
    0x7d,0xef,0x7d,0xef,0x7d,0xef,0x7d,0xef,0x7d,0xef,0x7d,0xef,0x7d,0xef,0x7d,0xef,
    0x7d,0xef,0x7d,0xef,0x7d,0xef,0x7d,0xef,0x7d,0xef,0x7d,0xef,0x7d,0xef,0x7d,0xef,
    0x7d,0xef,0x7d,0xef,0x7d,0xef,0x7d,0xef,0x7d,0xef,0x7d,0xef,0x7d,0xef,0x7d,0xef,
    0x7d,0xef,0x7d,0xef,0x7d,0xef,0x7d,0xef,0x7d,0xef,0x7d,0xef,0x7d,0xef,0x7d,0xef,
    0x7d,0xef,0x7d,0xef,0x5d,0xef,0x1c,0xe7,0xfb,0xde,0xdb,0xde,0xfb,0xde,0xfb,0xde,
    0xfb,0xde,0x1c,0xe7,0x1c,0xe7,0x1c,0xe7,0x1c,0xe7,0x1c,0xe7,0x1c,0xe7,0x1c,0xe7,
    0x1c,0xe7,0x1c,0xe7,0xfb,0xde,0xfb,0xde,0x1c,0xe7,0xfb,0xde,0xfb,0xde,0xfb,0xde,
    0xfb,0xde,0xfb,0xde,0xfb,0xde,0x1c,0xe7,0xfb,0xde,0xba,0xd6,0x9a,0xd6,0x9a,0xd6,
    0x59,0xce,0x38,0xc6,0xf7,0xbd,0x96,0xb5,0x75,0xad,0x75,0xad,0xb2,0x94,0x28,0x42,
    0x28,0x42,0x69,0x4a,0xaa,0x52,0xcb,0x5a,0x2c,0x63,0x8e,0x73,0x92,0x94,0x75,0xad,
    0x5d,0xef,0xff,0xff,0xff,0xff,0xff,0xff,0xff,0xff,0xff,0xff,0xff,0xff,0xff,0xff,
    0xff,0xff,0xff,0xff,0xff,0xff,0xff,0xff,0xff,0xff,0xff,0xff,0xff,0xff,0xff,0xff,
    0xff,0xff,0xff,0xff,0xff,0xff,0xff,0xff,0xff,0xff,0xff,0xff,0xff,0xff,0xff,0xff,
    0xff,0xff,0xff,0xff,0xff,0xff,0xff,0xff,0xff,0xff,0xff,0xff,0xff,0xff,0xff,0xff,
    0x9a,0xd6,0x14,0xa5,0x3c,0xe7,0xdb,0xde,0xf7,0xbd,0x75,0xad,0x8e,0x73,0x08,0x42,
    0x08,0x42,0xe7,0x39,0xe7,0x39,0xc7,0x39,0xa6,0x31,0xa6,0x31,0xc7,0x39,0xe7,0x39,
    0x2c,0x63,0x8e,0x73,0xae,0x73,0xcf,0x7b,0x10,0x84,0x51,0x8c,0x71,0x8c,0x71,0x8c,
    0x71,0x8c,0x92,0x94,0xb2,0x94,0xf3,0x9c,0xf3,0x9c,0x14,0xa5,0x34,0xa5,0x55,0xad,
    0x75,0xad,0x96,0xb5,0xb6,0xb5,0xd7,0xbd,0xf7,0xbd,0xf7,0xbd,0xf7,0xbd,0x18,0xc6,
    0x59,0xce,0xdb,0xde,0x3c,0xe7,0x5d,0xef,0x7d,0xef,0x7d,0xef,0x7d,0xef,0x7d,0xef,
    0x7d,0xef,0x7d,0xef,0x7d,0xef,0x7d,0xef,0x7d,0xef,0x7d,0xef,0x7d,0xef,0x7d,0xef,
    0x7d,0xef,0x7d,0xef,0x7d,0xef,0x7d,0xef,0x7d,0xef,0x7d,0xef,0x7d,0xef,0x7d,0xef,
    0x7d,0xef,0x7d,0xef,0x7d,0xef,0x7d,0xef,0x7d,0xef,0x7d,0xef,0x7d,0xef,0x7d,0xef,
    0x7d,0xef,0x7d,0xef,0x7d,0xef,0x7d,0xef,0x7d,0xef,0x7d,0xef,0x7d,0xef,0x7d,0xef,
    0x5d,0xef,0x1c,0xe7,0xfb,0xde,0xfb,0xde,0xfb,0xde,0x1c,0xe7,0x1c,0xe7,0x1c,0xe7,
    0x1c,0xe7,0x1c,0xe7,0x1c,0xe7,0x1c,0xe7,0x3c,0xe7,0x3c,0xe7,0x1c,0xe7,0x1c,0xe7,
    0x1c,0xe7,0x1c,0xe7,0x1c,0xe7,0x1c,0xe7,0x1c,0xe7,0x1c,0xe7,0x1c,0xe7,0x1c,0xe7,
    0x1c,0xe7,0x1c,0xe7,0x1c,0xe7,0x1c,0xe7,0xdb,0xde,0xba,0xd6,0xba,0xd6,0x9a,0xd6,
    0x79,0xce,0x38,0xc6,0xd7,0xbd,0xb6,0xb5,0x96,0xb5,0x75,0xad,0xaa,0x52,0xe7,0x39,
    0x69,0x4a,0x8a,0x52,0xcb,0x5a,0x0c,0x63,0x6d,0x6b,0x92,0x94,0x34,0xa5,0xdb,0xde,
    0xff,0xff,0xff,0xff,0xff,0xff,0xff,0xff,0xff,0xff,0xff,0xff,0xff,0xff,0xff,0xff,
    0xff,0xff,0xff,0xff,0xff,0xff,0xff,0xff,0xff,0xff,0xff,0xff,0xff,0xff,0xff,0xff,
    0xff,0xff,0xff,0xff,0xff,0xff,0xff,0xff,0xff,0xff,0xff,0xff,0xff,0xff,0xff,0xff,
    0xff,0xff,0xff,0xff,0xff,0xff,0xff,0xff,0xff,0xff,0xff,0xff,0xff,0xff,0xff,0xff,
    0xff,0xff,0xf7,0xbd,0xf3,0x9c,0x1c,0xe7,0x9a,0xd6,0xf7,0xbd,0x34,0xa5,0xcb,0x5a,
    0x28,0x42,0x28,0x42,0xe7,0x39,0xe7,0x39,0xc7,0x39,0xa6,0x31,0xa6,0x31,0xa6,0x31,
    0x69,0x4a,0xae,0x73,0xcf,0x7b,0xef,0x7b,0x10,0x84,0x10,0x84,0x51,0x8c,0x92,0x94,
    0x71,0x8c,0x92,0x94,0xf3,0x9c,0xf3,0x9c,0x14,0xa5,0x34,0xa5,0x55,0xad,0x75,0xad,
    0x96,0xb5,0xb6,0xb5,0xd7,0xbd,0xf7,0xbd,0x18,0xc6,0x18,0xc6,0x38,0xc6,0x59,0xce,
    0x59,0xce,0x59,0xce,0x79,0xce,0x9a,0xd6,0xdb,0xde,0x3c,0xe7,0x5d,0xef,0x7d,0xef,
    0x7d,0xef,0x9e,0xf7,0x9e,0xf7,0x7d,0xef,0x7d,0xef,0x7d,0xef,0x7d,0xef,0x7d,0xef,
    0x7d,0xef,0x7d,0xef,0x7d,0xef,0x7d,0xef,0x7d,0xef,0x7d,0xef,0x7d,0xef,0x7d,0xef,
    0x7d,0xef,0x7d,0xef,0x7d,0xef,0x7d,0xef,0x7d,0xef,0x7d,0xef,0x7d,0xef,0x7d,0xef,
    0x7d,0xef,0x7d,0xef,0x7d,0xef,0x7d,0xef,0x5d,0xef,0x3c,0xe7,0x1c,0xe7,0x1c,0xe7,
    0x1c,0xe7,0x1c,0xe7,0x1c,0xe7,0x1c,0xe7,0x1c,0xe7,0x1c,0xe7,0x1c,0xe7,0x1c,0xe7,
    0x1c,0xe7,0x3c,0xe7,0x3c,0xe7,0x3c,0xe7,0x3c,0xe7,0x3c,0xe7,0x3c,0xe7,0x3c,0xe7,
    0x1c,0xe7,0x1c,0xe7,0x1c,0xe7,0x1c,0xe7,0x1c,0xe7,0x1c,0xe7,0x1c,0xe7,0x1c,0xe7,
    0x1c,0xe7,0x1c,0xe7,0x1c,0xe7,0x1c,0xe7,0xfb,0xde,0xfb,0xde,0xdb,0xde,0xba,0xd6,
    0x79,0xce,0xf7,0xbd,0xf7,0xbd,0xd7,0xbd,0xf7,0xbd,0xcf,0x7b,0xc7,0x39,0x49,0x4a,
    0x69,0x4a,0xaa,0x52,0x0c,0x63,0x4d,0x6b,0x71,0x8c,0x34,0xa5,0x59,0xce,0xff,0xff,
    0xff,0xff,0xff,0xff,0xff,0xff,0xff,0xff,0xff,0xff,0xff,0xff,0xff,0xff,0xff,0xff,
    0xff,0xff,0xff,0xff,0xff,0xff,0xff,0xff,0xff,0xff,0xff,0xff,0xff,0xff,0xff,0xff,
    0xff,0xff,0xff,0xff,0xff,0xff,0xff,0xff,0xff,0xff,0xff,0xff,0xff,0xff,0xff,0xff,
    0xff,0xff,0xff,0xff,0xff,0xff,0xff,0xff,0xff,0xff,0xff,0xff,0xff,0xff,0xff,0xff,
    0xff,0xff,0xff,0xff,0x34,0xa5,0xf3,0x9c,0x1c,0xe7,0x9a,0xd6,0xf7,0xbd,0xb2,0x94,
    0x69,0x4a,0x28,0x42,0x08,0x42,0xe7,0x39,0xe7,0x39,0xc7,0x39,0xa6,0x31,0xa6,0x31,
    0xa6,0x31,0x4d,0x6b,0xef,0x7b,0xef,0x7b,0x10,0x84,0x10,0x84,0x30,0x84,0x92,0x94,
    0xb2,0x94,0xd3,0x9c,0xf3,0x9c,0x14,0xa5,0x34,0xa5,0x34,0xa5,0x55,0xad,0x75,0xad,
    0xb6,0xb5,0xd7,0xbd,0xf7,0xbd,0xf7,0xbd,0x18,0xc6,0x18,0xc6,0x59,0xce,0x59,0xce,
    0x79,0xce,0x9a,0xd6,0x9a,0xd6,0x9a,0xd6,0xba,0xd6,0xba,0xd6,0xdb,0xde,0xfb,0xde,
    0x1c,0xe7,0x3c,0xe7,0x5d,0xef,0x7d,0xef,0x7d,0xef,0x7d,0xef,0x7d,0xef,0x9e,0xf7,
    0x9e,0xf7,0x9e,0xf7,0x9e,0xf7,0x7d,0xef,0x7d,0xef,0x7d,0xef,0x9e,0xf7,0x7d,0xef,
    0x9e,0xf7,0x7d,0xef,0x9e,0xf7,0x7d,0xef,0x7d,0xef,0x7d,0xef,0x7d,0xef,0x7d,0xef,
    0x5d,0xef,0x5d,0xef,0x3c,0xe7,0x1c,0xe7,0x1c,0xe7,0x1c,0xe7,0x1c,0xe7,0x1c,0xe7,
    0x1c,0xe7,0x3c,0xe7,0x3c,0xe7,0x1c,0xe7,0x3c,0xe7,0x3c,0xe7,0x3c,0xe7,0x3c,0xe7,
    0x3c,0xe7,0x3c,0xe7,0x3c,0xe7,0x3c,0xe7,0x3c,0xe7,0x3c,0xe7,0x3c,0xe7,0x3c,0xe7,
    0x3c,0xe7,0x3c,0xe7,0x1c,0xe7,0x3c,0xe7,0x3c,0xe7,0x1c,0xe7,0x1c,0xe7,0x1c,0xe7,
    0x1c,0xe7,0x1c,0xe7,0x1c,0xe7,0x1c,0xe7,0x1c,0xe7,0xfb,0xde,0xdb,0xde,0x9a,0xd6,
    0x38,0xc6,0x18,0xc6,0xf7,0xbd,0x18,0xc6,0xd3,0x9c,0x08,0x42,0x28,0x42,0x69,0x4a,
    0xaa,0x52,0x0c,0x63,0x4d,0x6b,0x30,0x84,0xf3,0x9c,0xf7,0xbd,0xdf,0xff,0xff,0xff,
    0xff,0xff,0xff,0xff,0xff,0xff,0xff,0xff,0xff,0xff,0xff,0xff,0xff,0xff,0xff,0xff,
    0xff,0xff,0xff,0xff,0xff,0xff,0xff,0xff,0xff,0xff,0xff,0xff,0xff,0xff,0xff,0xff,
    0xff,0xff,0xff,0xff,0xff,0xff,0xff,0xff,0xff,0xff,0xff,0xff,0xff,0xff,0xff,0xff,
    0xff,0xff,0xff,0xff,0xff,0xff,0xff,0xff,0xff,0xff,0xff,0xff,0xff,0xff,0xff,0xff,
    0xff,0xff,0xff,0xff,0xdf,0xff,0xd3,0x9c,0x55,0xad,0x5d,0xef,0x79,0xce,0xf7,0xbd,
    0xef,0x7b,0x28,0x42,0x28,0x42,0x08,0x42,0xe7,0x39,0xe7,0x39,0xc7,0x39,0xa6,0x31,
    0xa6,0x31,0x08,0x42,0xcf,0x7b,0x10,0x84,0x10,0x84,0x10,0x84,0x30,0x84,0x51,0x8c,
    0xb2,0x94,0x14,0xa5,0x14,0xa5,0x14,0xa5,0x34,0xa5,0x75,0xad,0x96,0xb5,0x96,0xb5,
    0xd7,0xbd,0xd7,0xbd,0xf7,0xbd,0x18,0xc6,0x38,0xc6,0x59,0xce,0x79,0xce,0x79,0xce,
    0x9a,0xd6,0xba,0xd6,0xba,0xd6,0xba,0xd6,0xdb,0xde,0xfb,0xde,0xfb,0xde,0xfb,0xde,
    0xfb,0xde,0xfb,0xde,0xfb,0xde,0xfb,0xde,0x1c,0xe7,0x1c,0xe7,0x3c,0xe7,0x3c,0xe7,
    0x5d,0xef,0x5d,0xef,0x7d,0xef,0x7d,0xef,0x7d,0xef,0x7d,0xef,0x7d,0xef,0x5d,0xef,
    0x5d,0xef,0x5d,0xef,0x3c,0xe7,0x3c,0xe7,0x3c,0xe7,0x3c,0xe7,0x1c,0xe7,0x1c,0xe7,
    0xfb,0xde,0xfb,0xde,0x1c,0xe7,0x1c,0xe7,0x1c,0xe7,0x1c,0xe7,0x1c,0xe7,0x1c,0xe7,
    0x1c,0xe7,0x1c,0xe7,0x3c,0xe7,0x3c,0xe7,0x3c,0xe7,0x3c,0xe7,0x3c,0xe7,0x3c,0xe7,
    0x3c,0xe7,0x3c,0xe7,0x3c,0xe7,0x3c,0xe7,0x3c,0xe7,0x3c,0xe7,0x3c,0xe7,0x3c,0xe7,
    0x3c,0xe7,0x3c,0xe7,0x3c,0xe7,0x3c,0xe7,0x3c,0xe7,0x1c,0xe7,0x1c,0xe7,0x1c,0xe7,
    0x1c,0xe7,0x1c,0xe7,0x1c,0xe7,0x1c,0xe7,0x1c,0xe7,0x1c,0xe7,0xdb,0xde,0x79,0xce,
    0x59,0xce,0x38,0xc6,0x38,0xc6,0xb6,0xb5,0x69,0x4a,0x28,0x42,0x69,0x4a,0xaa,0x52,
    0xeb,0x5a,0x4d,0x6b,0x30,0x84,0xd3,0x9c,0x75,0xad,0xbe,0xf7,0xff,0xff,0xff,0xff,
    0xff,0xff,0xff,0xff,0xff,0xff,0xff,0xff,0xff,0xff,0xff,0xff,0xff,0xff,0xff,0xff,
    0xff,0xff,0xff,0xff,0xff,0xff,0xff,0xff,0xff,0xff,0xff,0xff,0xff,0xff,0xff,0xff,
    0xff,0xff,0xff,0xff,0xff,0xff,0xff,0xff,0xff,0xff,0xff,0xff,0xff,0xff,0xff,0xff,
    0xff,0xff,0xff,0xff,0xff,0xff,0xff,0xff,0xff,0xff,0xff,0xff,0xff,0xff,0xff,0xff,
    0xff,0xff,0xff,0xff,0xff,0xff,0x9e,0xf7,0xf3,0x9c,0x75,0xad,0x3c,0xe7,0x79,0xce,
    0x96,0xb5,0x0c,0x63,0x28,0x42,0x28,0x42,0x08,0x42,0x08,0x42,0xe7,0x39,0xc7,0x39,
    0xc7,0x39,0x86,0x31,0xaa,0x52,0x30,0x84,0x30,0x84,0x30,0x84,0x51,0x8c,0x71,0x8c,
    0xb2,0x94,0xf3,0x9c,0x34,0xa5,0x34,0xa5,0x55,0xad,0x75,0xad,0xb6,0xb5,0xb6,0xb5,
    0xd7,0xbd,0xd7,0xbd,0x18,0xc6,0x38,0xc6,0x59,0xce,0x79,0xce,0x79,0xce,0x9a,0xd6,
    0xba,0xd6,0xdb,0xde,0xdb,0xde,0xfb,0xde,0xfb,0xde,0x1c,0xe7,0x1c,0xe7,0xfb,0xde,
    0x1c,0xe7,0x1c,0xe7,0x1c,0xe7,0x1c,0xe7,0x1c,0xe7,0x1c,0xe7,0x1c,0xe7,0x1c,0xe7,
    0x1c,0xe7,0x1c,0xe7,0x1c,0xe7,0x1c,0xe7,0x1c,0xe7,0xfb,0xde,0xfb,0xde,0xfb,0xde,
    0xdb,0xde,0xdb,0xde,0xdb,0xde,0xfb,0xde,0xfb,0xde,0xfb,0xde,0x1c,0xe7,0x1c,0xe7,
    0x1c,0xe7,0x1c,0xe7,0x1c,0xe7,0x3c,0xe7,0x3c,0xe7,0x1c,0xe7,0x1c,0xe7,0x1c,0xe7,
    0x1c,0xe7,0x3c,0xe7,0x3c,0xe7,0x3c,0xe7,0x3c,0xe7,0x3c,0xe7,0x3c,0xe7,0x3c,0xe7,
    0x3c,0xe7,0x3c,0xe7,0x3c,0xe7,0x3c,0xe7,0x3c,0xe7,0x3c,0xe7,0x3c,0xe7,0x3c,0xe7,
    0x3c,0xe7,0x3c,0xe7,0x3c,0xe7,0x3c,0xe7,0x3c,0xe7,0x3c,0xe7,0x1c,0xe7,0x1c,0xe7,
    0x1c,0xe7,0x1c,0xe7,0x1c,0xe7,0x1c,0xe7,0x1c,0xe7,0x1c,0xe7,0xdb,0xde,0x9a,0xd6,
    0x79,0xce,0x38,0xc6,0x38,0xc6,0x4d,0x6b,0xe7,0x39,0x8a,0x52,0xaa,0x52,0xeb,0x5a,
    0x4d,0x6b,0x30,0x84,0xd3,0x9c,0x55,0xad,0x7d,0xef,0xff,0xff,0xff,0xff,0xff,0xff,
    0xff,0xff,0xff,0xff,0xff,0xff,0xff,0xff,0xff,0xff,0xff,0xff,0xff,0xff,0xff,0xff,
    0xff,0xff,0xff,0xff,0xff,0xff,0xff,0xff,0xff,0xff,0xff,0xff,0xff,0xff,0xff,0xff,
    0xff,0xff,0xff,0xff,0xff,0xff,0xff,0xff,0xff,0xff,0xff,0xff,0xff,0xff,0xff,0xff,
    0xff,0xff,0xff,0xff,0xff,0xff,0xff,0xff,0xff,0xff,0xff,0xff,0xff,0xff,0xff,0xff,
    0xff,0xff,0xff,0xff,0xff,0xff,0xff,0xff,0x7d,0xef,0x92,0x94,0x55,0xad,0xdb,0xde,
    0x38,0xc6,0xf3,0x9c,0x8a,0x52,0x49,0x4a,0x49,0x4a,0x28,0x42,0xe7,0x39,0xe7,0x39,
    0xc7,0x39,0xc7,0x39,0xa6,0x31,0x4d,0x6b,0x30,0x84,0x51,0x8c,0x92,0x94,0xb2,0x94,
    0xd3,0x9c,0xd3,0x9c,0x14,0xa5,0x75,0xad,0x75,0xad,0x96,0xb5,0xb6,0xb5,0xd7,0xbd,
    0xf7,0xbd,0xf7,0xbd,0x18,0xc6,0x59,0xce,0x79,0xce,0x79,0xce,0x9a,0xd6,0xba,0xd6,
    0xdb,0xde,0xdb,0xde,0xfb,0xde,0x1c,0xe7,0x1c,0xe7,0x1c,0xe7,0x1c,0xe7,0x3c,0xe7,
    0x1c,0xe7,0x1c,0xe7,0x3c,0xe7,0x3c,0xe7,0x3c,0xe7,0x3c,0xe7,0x3c,0xe7,0x3c,0xe7,
    0x3c,0xe7,0x3c,0xe7,0x3c,0xe7,0x1c,0xe7,0x1c,0xe7,0x1c,0xe7,0x1c,0xe7,0xfb,0xde,
    0xfb,0xde,0xfb,0xde,0x1c,0xe7,0x1c,0xe7,0xfb,0xde,0x1c,0xe7,0x1c,0xe7,0x1c,0xe7,
    0x1c,0xe7,0x1c,0xe7,0x1c,0xe7,0x3c,0xe7,0x1c,0xe7,0x3c,0xe7,0x3c,0xe7,0x3c,0xe7,
    0x3c,0xe7,0x3c,0xe7,0x3c,0xe7,0x3c,0xe7,0x3c,0xe7,0x3c,0xe7,0x3c,0xe7,0x3c,0xe7,
    0x3c,0xe7,0x3c,0xe7,0x3c,0xe7,0x3c,0xe7,0x3c,0xe7,0x3c,0xe7,0x3c,0xe7,0x3c,0xe7,
    0x3c,0xe7,0x3c,0xe7,0x3c,0xe7,0x3c,0xe7,0x3c,0xe7,0x3c,0xe7,0x1c,0xe7,0x1c,0xe7,
    0x1c,0xe7,0x1c,0xe7,0x1c,0xe7,0x1c,0xe7,0x1c,0xe7,0x1c,0xe7,0xfb,0xde,0xba,0xd6,
    0x79,0xce,0xba,0xd6,0x10,0x84,0xe7,0x39,0x69,0x4a,0xcb,0x5a,0x0c,0x63,0x6d,0x6b,
    0x51,0x8c,0xf3,0x9c,0x34,0xa5,0x3c,0xe7,0xff,0xff,0xff,0xff,0xff,0xff,0xff,0xff,
    0xff,0xff,0xff,0xff,0xff,0xff,0xff,0xff,0xff,0xff,0xff,0xff,0xff,0xff,0xff,0xff,
    0xff,0xff,0xff,0xff,0xff,0xff,0xff,0xff,0xff,0xff,0xff,0xff,0xff,0xff,0xff,0xff,
    0xff,0xff,0xff,0xff,0xff,0xff,0xff,0xff,0xff,0xff,0xff,0xff,0xff,0xff,0xff,0xff,
    0xff,0xff,0xff,0xff,0xff,0xff,0xff,0xff,0xff,0xff,0xff,0xff,0xff,0xff,0xff,0xff,
    0xff,0xff,0xff,0xff,0xff,0xff,0xff,0xff,0xff,0xff,0x3c,0xe7,0x10,0x84,0xb2,0x94,
    0x79,0xce,0x59,0xce,0x71,0x8c,0x69,0x4a,0x69,0x4a,0x49,0x4a,0x28,0x42,0x08,0x42,
    0xe7,0x39,0xe7,0x39,0xa6,0x31,0x08,0x42,0xef,0x7b,0x51,0x8c,0x92,0x94,0xb2,0x94,
    0xd3,0x9c,0x14,0xa5,0x34,0xa5,0x75,0xad,0x96,0xb5,0xb6,0xb5,0xd7,0xbd,0xf7,0xbd,
    0x18,0xc6,0x18,0xc6,0x38,0xc6,0x59,0xce,0x79,0xce,0x9a,0xd6,0xba,0xd6,0xdb,0xde,
    0xfb,0xde,0x1c,0xe7,0x1c,0xe7,0x1c,0xe7,0x1c,0xe7,0x1c,0xe7,0x1c,0xe7,0x3c,0xe7,
    0x3c,0xe7,0x3c,0xe7,0x3c,0xe7,0x3c,0xe7,0x3c,0xe7,0x3c,0xe7,0x3c,0xe7,0x3c,0xe7,
    0x3c,0xe7,0x3c,0xe7,0x3c,0xe7,0x3c,0xe7,0x3c,0xe7,0x1c,0xe7,0x1c,0xe7,0x1c,0xe7,
    0x1c,0xe7,0x1c,0xe7,0x1c,0xe7,0x1c,0xe7,0x1c,0xe7,0x1c,0xe7,0x1c,0xe7,0x1c,0xe7,
    0x1c,0xe7,0x3c,0xe7,0x3c,0xe7,0x3c,0xe7,0x3c,0xe7,0x3c,0xe7,0x3c,0xe7,0x3c,0xe7,
    0x3c,0xe7,0x3c,0xe7,0x3c,0xe7,0x3c,0xe7,0x3c,0xe7,0x3c,0xe7,0x3c,0xe7,0x3c,0xe7,
    0x3c,0xe7,0x3c,0xe7,0x3c,0xe7,0x3c,0xe7,0x3c,0xe7,0x3c,0xe7,0x3c,0xe7,0x3c,0xe7,
    0x3c,0xe7,0x3c,0xe7,0x3c,0xe7,0x3c,0xe7,0x3c,0xe7,0x3c,0xe7,0x3c,0xe7,0x3c,0xe7,
    0x1c,0xe7,0x1c,0xe7,0x1c,0xe7,0x1c,0xe7,0x1c,0xe7,0x1c,0xe7,0xfb,0xde,0xba,0xd6,
    0x1c,0xe7,0xf3,0x9c,0xc7,0x39,0x49,0x4a,0xaa,0x52,0x0c,0x63,0x6d,0x6b,0x71,0x8c,
    0x14,0xa5,0x34,0xa5,0x3c,0xe7,0xff,0xff,0xff,0xff,0xff,0xff,0xff,0xff,0xff,0xff,
    0xff,0xff,0xff,0xff,0xff,0xff,0xff,0xff,0xff,0xff,0xff,0xff,0xff,0xff,0xff,0xff,
    0xff,0xff,0xff,0xff,0xff,0xff,0xff,0xff,0xff,0xff,0xff,0xff,0xff,0xff,0xff,0xff,
    0xff,0xff,0xff,0xff,0xff,0xff,0xff,0xff,0xff,0xff,0xff,0xff,0xff,0xff,0xff,0xff,
    0xff,0xff,0xff,0xff,0xff,0xff,0xff,0xff,0xff,0xff,0xff,0xff,0xff,0xff,0xff,0xff,
    0xff,0xff,0xff,0xff,0xff,0xff,0xff,0xff,0xff,0xff,0xff,0xff,0xfb,0xde,0xcf,0x7b,
    0x10,0x84,0x38,0xc6,0xba,0xd6,0x10,0x84,0x69,0x4a,0x8a,0x52,0x49,0x4a,0x28,0x42,
    0x08,0x42,0xe7,0x39,0xc7,0x39,0x86,0x31,0xaa,0x52,0x51,0x8c,0x71,0x8c,0xb2,0x94,
    0xf3,0x9c,0x34,0xa5,0x55,0xad,0x75,0xad,0x75,0xad,0xb6,0xb5,0xd7,0xbd,0x18,0xc6,
    0x38,0xc6,0x59,0xce,0x79,0xce,0x79,0xce,0x9a,0xd6,0xba,0xd6,0xdb,0xde,0xfb,0xde,
    0x1c,0xe7,0x1c,0xe7,0x1c,0xe7,0x1c,0xe7,0x1c,0xe7,0x1c,0xe7,0x1c,0xe7,0x1c,0xe7,
    0x1c,0xe7,0x3c,0xe7,0x3c,0xe7,0x3c,0xe7,0x3c,0xe7,0x3c,0xe7,0x3c,0xe7,0x3c,0xe7,
    0x3c,0xe7,0x3c,0xe7,0x3c,0xe7,0x3c,0xe7,0x3c,0xe7,0x3c,0xe7,0x3c,0xe7,0x3c,0xe7,
    0x3c,0xe7,0x3c,0xe7,0x3c,0xe7,0x3c,0xe7,0x3c,0xe7,0x3c,0xe7,0x3c,0xe7,0x3c,0xe7,
    0x1c,0xe7,0x3c,0xe7,0x3c,0xe7,0x3c,0xe7,0x3c,0xe7,0x3c,0xe7,0x3c,0xe7,0x3c,0xe7,
    0x3c,0xe7,0x3c,0xe7,0x3c,0xe7,0x3c,0xe7,0x3c,0xe7,0x3c,0xe7,0x3c,0xe7,0x3c,0xe7,
    0x3c,0xe7,0x3c,0xe7,0x3c,0xe7,0x3c,0xe7,0x3c,0xe7,0x3c,0xe7,0x3c,0xe7,0x3c,0xe7,
    0x3c,0xe7,0x3c,0xe7,0x3c,0xe7,0x3c,0xe7,0x3c,0xe7,0x3c,0xe7,0x3c,0xe7,0x1c,0xe7,
    0x1c,0xe7,0x1c,0xe7,0x1c,0xe7,0x1c,0xe7,0x1c,0xe7,0x1c,0xe7,0xfb,0xde,0x7d,0xef,
    0xb6,0xb5,0x08,0x42,0x69,0x4a,0xaa,0x52,0x0c,0x63,0xae,0x73,0x71,0x8c,0xd3,0x9c,
    0x34,0xa5,0x1c,0xe7,0xff,0xff,0xff,0xff,0xff,0xff,0xff,0xff,0xff,0xff,0xff,0xff,
    0xff,0xff,0xff,0xff,0xff,0xff,0xff,0xff,0xff,0xff,0xff,0xff,0xff,0xff,0xff,0xff,
    0xff,0xff,0xff,0xff,0xff,0xff,0xff,0xff,0xff,0xff,0xff,0xff,0xff,0xff,0xff,0xff,
    0xff,0xff,0xff,0xff,0xff,0xff,0xff,0xff,0xff,0xff,0xff,0xff,0xff,0xff,0xff,0xff,
    0xff,0xff,0xff,0xff,0xff,0xff,0xff,0xff,0xff,0xff,0xff,0xff,0xff,0xff,0xff,0xff,
    0xff,0xff,0xff,0xff,0xff,0xff,0xff,0xff,0xff,0xff,0xff,0xff,0xff,0xff,0xfb,0xde,
    0x10,0x84,0x10,0x84,0x18,0xc6,0xba,0xd6,0x8e,0x73,0x8a,0x52,0x69,0x4a,0x49,0x4a,
    0x28,0x42,0x08,0x42,0xe7,0x39,0xe7,0x39,0xa6,0x31,0x6d,0x6b,0xb2,0x94,0x92,0x94,
    0xf3,0x9c,0x34,0xa5,0x75,0xad,0x96,0xb5,0xb6,0xb5,0xb6,0xb5,0xd7,0xbd,0x18,0xc6,
    0x38,0xc6,0x79,0xce,0x9a,0xd6,0xba,0xd6,0xba,0xd6,0xdb,0xde,0xfb,0xde,0x1c,0xe7,
    0x1c,0xe7,0x1c,0xe7,0x1c,0xe7,0x1c,0xe7,0x1c,0xe7,0x1c,0xe7,0x1c,0xe7,0x3c,0xe7,
    0x1c,0xe7,0x3c,0xe7,0x3c,0xe7,0x3c,0xe7,0x3c,0xe7,0x3c,0xe7,0x3c,0xe7,0x3c,0xe7,
    0x3c,0xe7,0x3c,0xe7,0x3c,0xe7,0x3c,0xe7,0x3c,0xe7,0x3c,0xe7,0x3c,0xe7,0x3c,0xe7,
    0x3c,0xe7,0x3c,0xe7,0x3c,0xe7,0x3c,0xe7,0x3c,0xe7,0x3c,0xe7,0x3c,0xe7,0x3c,0xe7,
    0x3c,0xe7,0x3c,0xe7,0x3c,0xe7,0x3c,0xe7,0x3c,0xe7,0x3c,0xe7,0x3c,0xe7,0x3c,0xe7,
    0x3c,0xe7,0x3c,0xe7,0x3c,0xe7,0x3c,0xe7,0x3c,0xe7,0x3c,0xe7,0x3c,0xe7,0x3c,0xe7,
    0x3c,0xe7,0x3c,0xe7,0x3c,0xe7,0x3c,0xe7,0x3c,0xe7,0x3c,0xe7,0x3c,0xe7,0x3c,0xe7,
    0x3c,0xe7,0x3c,0xe7,0x3c,0xe7,0x3c,0xe7,0x3c,0xe7,0x3c,0xe7,0x3c,0xe7,0x3c,0xe7,
    0x1c,0xe7,0x1c,0xe7,0x1c,0xe7,0x1c,0xe7,0x1c,0xe7,0xfb,0xde,0x7d,0xef,0xf7,0xbd,
    0x49,0x4a,0x69,0x4a,0xaa,0x52,0x2c,0x63,0xef,0x7b,0x71,0x8c,0xb2,0x94,0x14,0xa5,
    0xfb,0xde,0xff,0xff,0xff,0xff,0xff,0xff,0xff,0xff,0xff,0xff,0xff,0xff,0xff,0xff,
    0xff,0xff,0xff,0xff,0xff,0xff,0xff,0xff,0xff,0xff,0xff,0xff,0xff,0xff,0xff,0xff,
    0xff,0xff,0xff,0xff,0xff,0xff,0xff,0xff,0xff,0xff,0xff,0xff,0xff,0xff,0xff,0xff,
    0xff,0xff,0xff,0xff,0xff,0xff,0xff,0xff,0xff,0xff,0xff,0xff,0xff,0xff,0xff,0xff,
    0xff,0xff,0xff,0xff,0xff,0xff,0xff,0xff,0xff,0xff,0xff,0xff,0xff,0xff,0xff,0xff,
    0xff,0xff,0xff,0xff,0xff,0xff,0xff,0xff,0xff,0xff,0xff,0xff,0xff,0xff,0xff,0xff,
    0x3c,0xe7,0x71,0x8c,0xcf,0x7b,0x75,0xad,0xf7,0xbd,0x2c,0x63,0x8a,0x52,0x69,0x4a,
    0x49,0x4a,0x28,0x42,0x28,0x42,0x08,0x42,0xe7,0x39,0xe7,0x39,0x10,0x84,0xf3,0x9c,
    0xd3,0x9c,0x14,0xa5,0x75,0xad,0xb6,0xb5,0xd7,0xbd,0xf7,0xbd,0x18,0xc6,0x18,0xc6,
    0x59,0xce,0x79,0xce,0xba,0xd6,0xdb,0xde,0xfb,0xde,0x1c,0xe7,0x1c,0xe7,0x1c,0xe7,
    0x1c,0xe7,0x1c,0xe7,0x1c,0xe7,0x1c,0xe7,0x1c,0xe7,0x1c,0xe7,0x1c,0xe7,0x3c,0xe7,
    0x3c,0xe7,0x3c,0xe7,0x3c,0xe7,0x3c,0xe7,0x3c,0xe7,0x3c,0xe7,0x3c,0xe7,0x3c,0xe7,
    0x3c,0xe7,0x3c,0xe7,0x3c,0xe7,0x3c,0xe7,0x3c,0xe7,0x3c,0xe7,0x3c,0xe7,0x3c,0xe7,
    0x3c,0xe7,0x3c,0xe7,0x3c,0xe7,0x3c,0xe7,0x3c,0xe7,0x3c,0xe7,0x3c,0xe7,0x3c,0xe7,
    0x3c,0xe7,0x3c,0xe7,0x3c,0xe7,0x3c,0xe7,0x3c,0xe7,0x3c,0xe7,0x3c,0xe7,0x3c,0xe7,
    0x3c,0xe7,0x3c,0xe7,0x3c,0xe7,0x3c,0xe7,0x3c,0xe7,0x3c,0xe7,0x3c,0xe7,0x3c,0xe7,
    0x3c,0xe7,0x3c,0xe7,0x3c,0xe7,0x3c,0xe7,0x3c,0xe7,0x3c,0xe7,0x3c,0xe7,0x3c,0xe7,
    0x3c,0xe7,0x3c,0xe7,0x3c,0xe7,0x3c,0xe7,0x3c,0xe7,0x3c,0xe7,0x3c,0xe7,0x3c,0xe7,
    0x1c,0xe7,0x1c,0xe7,0x1c,0xe7,0x1c,0xe7,0xfb,0xde,0x7d,0xef,0x38,0xc6,0x8a,0x52,
    0x69,0x4a,0xcb,0x5a,0x6d,0x6b,0x71,0x8c,0x92,0x94,0xb2,0x94,0xf3,0x9c,0x1c,0xe7,
    0xff,0xff,0xff,0xff,0xff,0xff,0xff,0xff,0xff,0xff,0xff,0xff,0xff,0xff,0xff,0xff,
    0xff,0xff,0xff,0xff,0xff,0xff,0xff,0xff,0xff,0xff,0xff,0xff,0xff,0xff,0xff,0xff,
    0xff,0xff,0xff,0xff,0xff,0xff,0xff,0xff,0xff,0xff,0xff,0xff,0xff,0xff,0xff,0xff,
    0xff,0xff,0xff,0xff,0xff,0xff,0xff,0xff,0xff,0xff,0xff,0xff,0xff,0xff,0xff,0xff,
    0xff,0xff,0xff,0xff,0xff,0xff,0xff,0xff,0xff,0xff,0xff,0xff,0xff,0xff,0xff,0xff,
    0xff,0xff,0xff,0xff,0xff,0xff,0xff,0xff,0xff,0xff,0xff,0xff,0xff,0xff,0xff,0xff,
    0xff,0xff,0x5d,0xef,0x92,0x94,0x6d,0x6b,0x71,0x8c,0x92,0x94,0xeb,0x5a,0xaa,0x52,
    0x69,0x4a,0x49,0x4a,0x49,0x4a,0x28,0x42,0x08,0x42,0xe7,0x39,0x28,0x42,0x92,0x94,
    0x34,0xa5,0x14,0xa5,0x55,0xad,0x96,0xb5,0xd7,0xbd,0x18,0xc6,0x38,0xc6,0x59,0xce,
    0x79,0xce,0x9a,0xd6,0xba,0xd6,0xdb,0xde,0xfb,0xde,0x1c,0xe7,0x1c,0xe7,0x1c,0xe7,
    0x1c,0xe7,0x1c,0xe7,0x1c,0xe7,0x1c,0xe7,0x1c,0xe7,0x3c,0xe7,0x3c,0xe7,0x3c,0xe7,
    0x3c,0xe7,0x3c,0xe7,0x3c,0xe7,0x3c,0xe7,0x3c,0xe7,0x3c,0xe7,0x3c,0xe7,0x3c,0xe7,
    0x3c,0xe7,0x3c,0xe7,0x3c,0xe7,0x3c,0xe7,0x3c,0xe7,0x3c,0xe7,0x3c,0xe7,0x3c,0xe7,
    0x3c,0xe7,0x3c,0xe7,0x3c,0xe7,0x3c,0xe7,0x3c,0xe7,0x3c,0xe7,0x3c,0xe7,0x3c,0xe7,
    0x3c,0xe7,0x3c,0xe7,0x3c,0xe7,0x3c,0xe7,0x3c,0xe7,0x3c,0xe7,0x3c,0xe7,0x3c,0xe7,
    0x3c,0xe7,0x3c,0xe7,0x3c,0xe7,0x3c,0xe7,0x3c,0xe7,0x3c,0xe7,0x3c,0xe7,0x3c,0xe7,
    0x3c,0xe7,0x3c,0xe7,0x3c,0xe7,0x3c,0xe7,0x3c,0xe7,0x3c,0xe7,0x3c,0xe7,0x3c,0xe7,
    0x3c,0xe7,0x3c,0xe7,0x3c,0xe7,0x3c,0xe7,0x3c,0xe7,0x3c,0xe7,0x3c,0xe7,0x1c,0xe7,
    0x1c,0xe7,0x1c,0xe7,0x1c,0xe7,0x1c,0xe7,0x9e,0xf7,0x18,0xc6,0x69,0x4a,0x49,0x4a,
    0xeb,0x5a,0xae,0x73,0xb2,0x94,0xb2,0x94,0xb2,0x94,0x55,0xad,0x3c,0xe7,0xff,0xff,
    0xff,0xff,0xff,0xff,0xff,0xff,0xff,0xff,0xff,0xff,0xff,0xff,0xff,0xff,0xff,0xff,
    0xff,0xff,0xff,0xff,0xff,0xff,0xff,0xff,0xff,0xff,0xff,0xff,0xff,0xff,0xff,0xff,
    0xff,0xff,0xff,0xff,0xff,0xff,0xff,0xff,0xff,0xff,0xff,0xff,0xff,0xff,0xff,0xff,
    0xff,0xff,0xff,0xff,0xff,0xff,0xff,0xff,0xff,0xff,0xff,0xff,0xff,0xff,0xff,0xff,
    0xff,0xff,0xff,0xff,0xff,0xff,0xff,0xff,0xff,0xff,0xff,0xff,0xff,0xff,0xff,0xff,
    0xff,0xff,0xff,0xff,0xff,0xff,0xff,0xff,0xff,0xff,0xff,0xff,0xff,0xff,0xff,0xff,
    0xff,0xff,0xff,0xff,0x5d,0xef,0xb2,0x94,0x6d,0x6b,0xcf,0x7b,0x8e,0x73,0xeb,0x5a,
    0xcb,0x5a,0x8a,0x52,0x49,0x4a,0x49,0x4a,0x28,0x42,0x08,0x42,0xc7,0x39,0x49,0x4a,
    0xb2,0x94,0x55,0xad,0x34,0xa5,0x75,0xad,0xb6,0xb5,0x18,0xc6,0x59,0xce,0x9a,0xd6,
    0xba,0xd6,0xba,0xd6,0xdb,0xde,0xfb,0xde,0x1c,0xe7,0x1c,0xe7,0x1c,0xe7,0x1c,0xe7,
    0x1c,0xe7,0x1c,0xe7,0x1c,0xe7,0x1c,0xe7,0x3c,0xe7,0x3c,0xe7,0x3c,0xe7,0x3c,0xe7,
    0x3c,0xe7,0x3c,0xe7,0x3c,0xe7,0x3c,0xe7,0x3c,0xe7,0x3c,0xe7,0x3c,0xe7,0x3c,0xe7,
    0x3c,0xe7,0x3c,0xe7,0x3c,0xe7,0x3c,0xe7,0x3c,0xe7,0x3c,0xe7,0x3c,0xe7,0x3c,0xe7,
    0x3c,0xe7,0x3c,0xe7,0x3c,0xe7,0x3c,0xe7,0x3c,0xe7,0x3c,0xe7,0x3c,0xe7,0x3c,0xe7,
    0x3c,0xe7,0x3c,0xe7,0x3c,0xe7,0x3c,0xe7,0x3c,0xe7,0x3c,0xe7,0x3c,0xe7,0x3c,0xe7,
    0x3c,0xe7,0x3c,0xe7,0x3c,0xe7,0x3c,0xe7,0x3c,0xe7,0x3c,0xe7,0x3c,0xe7,0x3c,0xe7,
    0x3c,0xe7,0x3c,0xe7,0x3c,0xe7,0x3c,0xe7,0x3c,0xe7,0x3c,0xe7,0x3c,0xe7,0x3c,0xe7,
    0x3c,0xe7,0x3c,0xe7,0x3c,0xe7,0x3c,0xe7,0x1c,0xe7,0x3c,0xe7,0x3c,0xe7,0x3c,0xe7,
    0x1c,0xe7,0x1c,0xe7,0x1c,0xe7,0x9e,0xf7,0xd7,0xbd,0x49,0x4a,0x49,0x4a,0x0c,0x63,
    0x10,0x84,0x92,0x94,0xb2,0x94,0xd3,0x9c,0x75,0xad,0x5d,0xef,0xff,0xff,0xff,0xff,
    0xff,0xff,0xff,0xff,0xff,0xff,0xff,0xff,0xff,0xff,0xff,0xff,0xff,0xff,0xff,0xff,
    0xff,0xff,0xff,0xff,0xff,0xff,0xff,0xff,0xff,0xff,0xff,0xff,0xff,0xff,0xff,0xff,
    0xff,0xff,0xff,0xff,0xff,0xff,0xff,0xff,0xff,0xff,0xff,0xff,0xff,0xff,0xff,0xff,
    0xff,0xff,0xff,0xff,0xff,0xff,0xff,0xff,0xff,0xff,0xff,0xff,0xff,0xff,0xff,0xff,
    0xff,0xff,0xff,0xff,0xff,0xff,0xff,0xff,0xff,0xff,0xff,0xff,0xff,0xff,0xff,0xff,
    0xff,0xff,0xff,0xff,0xff,0xff,0xff,0xff,0xff,0xff,0xff,0xff,0xff,0xff,0xff,0xff,
    0xff,0xff,0xff,0xff,0xff,0xff,0x9e,0xf7,0xd3,0x9c,0x6d,0x6b,0xae,0x73,0x6d,0x6b,
    0x0c,0x63,0xeb,0x5a,0xaa,0x52,0x69,0x4a,0x69,0x4a,0x28,0x42,0x08,0x42,0xc7,0x39,
    0x49,0x4a,0xf3,0x9c,0x96,0xb5,0x75,0xad,0xb6,0xb5,0xd7,0xbd,0x38,0xc6,0x9a,0xd6,
    0xdb,0xde,0xfb,0xde,0xfb,0xde,0x1c,0xe7,0x1c,0xe7,0x1c,0xe7,0x1c,0xe7,0x1c,0xe7,
    0x1c,0xe7,0x1c,0xe7,0x1c,0xe7,0x1c,0xe7,0x3c,0xe7,0x3c,0xe7,0x3c,0xe7,0x3c,0xe7,
    0x3c,0xe7,0x3c,0xe7,0x3c,0xe7,0x3c,0xe7,0x3c,0xe7,0x3c,0xe7,0x3c,0xe7,0x3c,0xe7,
    0x3c,0xe7,0x3c,0xe7,0x3c,0xe7,0x3c,0xe7,0x3c,0xe7,0x3c,0xe7,0x3c,0xe7,0x3c,0xe7,
    0x3c,0xe7,0x3c,0xe7,0x3c,0xe7,0x3c,0xe7,0x3c,0xe7,0x3c,0xe7,0x3c,0xe7,0x3c,0xe7,
    0x3c,0xe7,0x3c,0xe7,0x3c,0xe7,0x3c,0xe7,0x3c,0xe7,0x3c,0xe7,0x3c,0xe7,0x3c,0xe7,
    0x3c,0xe7,0x3c,0xe7,0x3c,0xe7,0x3c,0xe7,0x3c,0xe7,0x3c,0xe7,0x3c,0xe7,0x3c,0xe7,
    0x3c,0xe7,0x3c,0xe7,0x3c,0xe7,0x3c,0xe7,0x3c,0xe7,0x3c,0xe7,0x3c,0xe7,0x3c,0xe7,
    0x3c,0xe7,0x3c,0xe7,0x3c,0xe7,0x3c,0xe7,0x3c,0xe7,0x3c,0xe7,0x3c,0xe7,0x3c,0xe7,
    0x3c,0xe7,0x3c,0xe7,0x9e,0xf7,0x55,0xad,0x8a,0x52,0xaa,0x52,0x4d,0x6b,0x30,0x84,
    0x92,0x94,0xb2,0x94,0xf3,0x9c,0xb6,0xb5,0x9e,0xf7,0xff,0xff,0xff,0xff,0xff,0xff,
    0xff,0xff,0xff,0xff,0xff,0xff,0xff,0xff,0xff,0xff,0xff,0xff,0xff,0xff,0xff,0xff,
    0xff,0xff,0xff,0xff,0xff,0xff,0xff,0xff,0xff,0xff,0xff,0xff,0xff,0xff,0xff,0xff,
    0xff,0xff,0xff,0xff,0xff,0xff,0xff,0xff,0xff,0xff,0xff,0xff,0xff,0xff,0xff,0xff,
    0xff,0xff,0xff,0xff,0xff,0xff,0xff,0xff,0xff,0xff,0xff,0xff,0xff,0xff,0xff,0xff,
    0xff,0xff,0xff,0xff,0xff,0xff,0xff,0xff,0xff,0xff,0xff,0xff,0xff,0xff,0xff,0xff,
    0xff,0xff,0xff,0xff,0xff,0xff,0xff,0xff,0xff,0xff,0xff,0xff,0xff,0xff,0xff,0xff,
    0xff,0xff,0xff,0xff,0xff,0xff,0xff,0xff,0xdf,0xff,0x75,0xad,0xae,0x73,0xef,0x7b,
    0xae,0x73,0x0c,0x63,0xeb,0x5a,0xcb,0x5a,0x8a,0x52,0x69,0x4a,0x28,0x42,0x08,0x42,
    0xc7,0x39,0x49,0x4a,0xf3,0x9c,0xd7,0xbd,0xb6,0xb5,0xd7,0xbd,0x18,0xc6,0x38,0xc6,
    0x9a,0xd6,0xdb,0xde,0x1c,0xe7,0x1c,0xe7,0x1c,0xe7,0x1c,0xe7,0x1c,0xe7,0x1c,0xe7,
    0x1c,0xe7,0x1c,0xe7,0x1c,0xe7,0x3c,0xe7,0x3c,0xe7,0x3c,0xe7,0x1c,0xe7,0x3c,0xe7,
    0x3c,0xe7,0x3c,0xe7,0x3c,0xe7,0x3c,0xe7,0x3c,0xe7,0x3c,0xe7,0x3c,0xe7,0x3c,0xe7,
    0x3c,0xe7,0x3c,0xe7,0x3c,0xe7,0x3c,0xe7,0x3c,0xe7,0x3c,0xe7,0x3c,0xe7,0x3c,0xe7,
    0x3c,0xe7,0x3c,0xe7,0x3c,0xe7,0x3c,0xe7,0x3c,0xe7,0x3c,0xe7,0x3c,0xe7,0x3c,0xe7,
    0x3c,0xe7,0x3c,0xe7,0x3c,0xe7,0x3c,0xe7,0x3c,0xe7,0x3c,0xe7,0x3c,0xe7,0x3c,0xe7,
    0x3c,0xe7,0x3c,0xe7,0x3c,0xe7,0x3c,0xe7,0x3c,0xe7,0x3c,0xe7,0x3c,0xe7,0x3c,0xe7,
    0x3c,0xe7,0x3c,0xe7,0x3c,0xe7,0x3c,0xe7,0x3c,0xe7,0x3c,0xe7,0x3c,0xe7,0x3c,0xe7,
    0x3c,0xe7,0x3c,0xe7,0x3c,0xe7,0x3c,0xe7,0x3c,0xe7,0x3c,0xe7,0x3c,0xe7,0x3c,0xe7,
    0x5d,0xef,0x7d,0xef,0x34,0xa5,0xeb,0x5a,0x4d,0x6b,0xef,0x7b,0x51,0x8c,0x71,0x8c,
    0xb2,0x94,0xd3,0x9c,0x18,0xc6,0xdf,0xff,0xff,0xff,0xff,0xff,0xff,0xff,0xff,0xff,
    0xff,0xff,0xff,0xff,0xff,0xff,0xff,0xff,0xff,0xff,0xff,0xff,0xff,0xff,0xff,0xff,
    0xff,0xff,0xff,0xff,0xff,0xff,0xff,0xff,0xff,0xff,0xff,0xff,0xff,0xff,0xff,0xff,
    0xff,0xff,0xff,0xff,0xff,0xff,0xff,0xff,0xff,0xff,0xff,0xff,0xff,0xff,0xff,0xff,
    0xff,0xff,0xff,0xff,0xff,0xff,0xff,0xff,0xff,0xff,0xff,0xff,0xff,0xff,0xff,0xff,
    0xff,0xff,0xff,0xff,0xff,0xff,0xff,0xff,0xff,0xff,0xff,0xff,0xff,0xff,0xff,0xff,
    0xff,0xff,0xff,0xff,0xff,0xff,0xff,0xff,0xff,0xff,0xff,0xff,0xff,0xff,0xff,0xff,
    0xff,0xff,0xff,0xff,0xff,0xff,0xff,0xff,0xff,0xff,0xff,0xff,0x38,0xc6,0x10,0x84,
    0xef,0x7b,0xae,0x73,0x2c,0x63,0xeb,0x5a,0xcb,0x5a,0x8a,0x52,0x69,0x4a,0x49,0x4a,
    0x28,0x42,0xe7,0x39,0x28,0x42,0xd3,0x9c,0x18,0xc6,0xd7,0xbd,0x18,0xc6,0x38,0xc6,
    0x59,0xce,0x79,0xce,0xdb,0xde,0x1c,0xe7,0x1c,0xe7,0x1c,0xe7,0x1c,0xe7,0x1c,0xe7,
    0x1c,0xe7,0x3c,0xe7,0x3c,0xe7,0x3c,0xe7,0x3c,0xe7,0x3c,0xe7,0x3c,0xe7,0x3c,0xe7,
    0x3c,0xe7,0x3c,0xe7,0x3c,0xe7,0x3c,0xe7,0x3c,0xe7,0x3c,0xe7,0x3c,0xe7,0x3c,0xe7,
    0x3c,0xe7,0x3c,0xe7,0x3c,0xe7,0x3c,0xe7,0x3c,0xe7,0x3c,0xe7,0x3c,0xe7,0x3c,0xe7,
    0x3c,0xe7,0x3c,0xe7,0x3c,0xe7,0x3c,0xe7,0x3c,0xe7,0x3c,0xe7,0x3c,0xe7,0x3c,0xe7,
    0x3c,0xe7,0x3c,0xe7,0x3c,0xe7,0x3c,0xe7,0x3c,0xe7,0x3c,0xe7,0x3c,0xe7,0x3c,0xe7,
    0x3c,0xe7,0x3c,0xe7,0x3c,0xe7,0x3c,0xe7,0x3c,0xe7,0x3c,0xe7,0x3c,0xe7,0x3c,0xe7,
    0x3c,0xe7,0x3c,0xe7,0x3c,0xe7,0x3c,0xe7,0x3c,0xe7,0x3c,0xe7,0x3c,0xe7,0x3c,0xe7,
    0x3c,0xe7,0x3c,0xe7,0x3c,0xe7,0x3c,0xe7,0x3c,0xe7,0x3c,0xe7,0x3c,0xe7,0x7d,0xef,
    0x1c,0xe7,0x92,0x94,0x6d,0x6b,0xef,0x7b,0x30,0x84,0x71,0x8c,0x92,0x94,0xf3,0x9c,
    0x14,0xa5,0x79,0xce,0xff,0xff,0xff,0xff,0xff,0xff,0xff,0xff,0xff,0xff,0xff,0xff,
    0xff,0xff,0xff,0xff,0xff,0xff,0xff,0xff,0xff,0xff,0xff,0xff,0xff,0xff,0xff,0xff,
    0xff,0xff,0xff,0xff,0xff,0xff,0xff,0xff,0xff,0xff,0xff,0xff,0xff,0xff,0xff,0xff,
    0xff,0xff,0xff,0xff,0xff,0xff,0xff,0xff,0xff,0xff,0xff,0xff,0xff,0xff,0xff,0xff,
    0xff,0xff,0xff,0xff,0xff,0xff,0xff,0xff,0xff,0xff,0xff,0xff,0xff,0xff,0xff,0xff,
    0xff,0xff,0xff,0xff,0xff,0xff,0xff,0xff,0xff,0xff,0xff,0xff,0xff,0xff,0xff,0xff,
    0xff,0xff,0xff,0xff,0xff,0xff,0xff,0xff,0xff,0xff,0xff,0xff,0xff,0xff,0xff,0xff,
    0xff,0xff,0xff,0xff,0xff,0xff,0xff,0xff,0xff,0xff,0xff,0xff,0xff,0xff,0xfb,0xde,
    0x71,0x8c,0xcf,0x7b,0xcf,0x7b,0x4d,0x6b,0xeb,0x5a,0xcb,0x5a,0xaa,0x52,0x8a,0x52,
    0x69,0x4a,0x49,0x4a,0x08,0x42,0x08,0x42,0x92,0x94,0x59,0xce,0x18,0xc6,0x18,0xc6,
    0x59,0xce,0x79,0xce,0x9a,0xd6,0xdb,0xde,0x1c,0xe7,0x1c,0xe7,0x1c,0xe7,0x1c,0xe7,
    0x3c,0xe7,0x3c,0xe7,0x3c,0xe7,0x3c,0xe7,0x3c,0xe7,0x3c,0xe7,0x3c,0xe7,0x3c,0xe7,
    0x3c,0xe7,0x3c,0xe7,0x3c,0xe7,0x3c,0xe7,0x3c,0xe7,0x3c,0xe7,0x3c,0xe7,0x3c,0xe7,
    0x3c,0xe7,0x3c,0xe7,0x3c,0xe7,0x3c,0xe7,0x3c,0xe7,0x3c,0xe7,0x3c,0xe7,0x3c,0xe7,
    0x3c,0xe7,0x3c,0xe7,0x3c,0xe7,0x3c,0xe7,0x3c,0xe7,0x3c,0xe7,0x3c,0xe7,0x3c,0xe7,
    0x3c,0xe7,0x3c,0xe7,0x3c,0xe7,0x3c,0xe7,0x3c,0xe7,0x3c,0xe7,0x3c,0xe7,0x3c,0xe7,
    0x3c,0xe7,0x3c,0xe7,0x3c,0xe7,0x3c,0xe7,0x3c,0xe7,0x3c,0xe7,0x5d,0xef,0x5d,0xef,
    0x5d,0xef,0x5d,0xef,0x3c,0xe7,0x3c,0xe7,0x3c,0xe7,0x3c,0xe7,0x3c,0xe7,0x3c,0xe7,
    0x3c,0xe7,0x3c,0xe7,0x3c,0xe7,0x5d,0xef,0x3c,0xe7,0x3c,0xe7,0x9e,0xf7,0x9a,0xd6,
    0xef,0x7b,0x4d,0x6b,0xef,0x7b,0x51,0x8c,0x71,0x8c,0xb2,0x94,0x34,0xa5,0x75,0xad,
    0x1c,0xe7,0xff,0xff,0xff,0xff,0xff,0xff,0xff,0xff,0xff,0xff,0xff,0xff,0xff,0xff,
    0xff,0xff,0xff,0xff,0xff,0xff,0xff,0xff,0xff,0xff,0xff,0xff,0xff,0xff,0xff,0xff,
    0xff,0xff,0xff,0xff,0xff,0xff,0xff,0xff,0xff,0xff,0xff,0xff,0xff,0xff,0xff,0xff,
    0xff,0xff,0xff,0xff,0xff,0xff,0xff,0xff,0xff,0xff,0xff,0xff,0xff,0xff,0xff,0xff,
    0xff,0xff,0xff,0xff,0xff,0xff,0xff,0xff,0xff,0xff,0xff,0xff,0xff,0xff,0xff,0xff,
    0xff,0xff,0xff,0xff,0xff,0xff,0xff,0xff,0xff,0xff,0xff,0xff,0xff,0xff,0xff,0xff,
    0xff,0xff,0xff,0xff,0xff,0xff,0xff,0xff,0xff,0xff,0xff,0xff,0xff,0xff,0xff,0xff,
    0xff,0xff,0xff,0xff,0xff,0xff,0xff,0xff,0xff,0xff,0xff,0xff,0xff,0xff,0xff,0xff,
    0x9e,0xf7,0x14,0xa5,0x8e,0x73,0xef,0x7b,0x8e,0x73,0x0c,0x63,0xeb,0x5a,0xcb,0x5a,
    0xaa,0x52,0x8a,0x52,0x69,0x4a,0x28,0x42,0xe7,0x39,0xef,0x7b,0x59,0xce,0x9a,0xd6,
    0x59,0xce,0x79,0xce,0x9a,0xd6,0xdb,0xde,0xfb,0xde,0x1c,0xe7,0x1c,0xe7,0x1c,0xe7,
    0x1c,0xe7,0x3c,0xe7,0x3c,0xe7,0x3c,0xe7,0x3c,0xe7,0x3c,0xe7,0x3c,0xe7,0x3c,0xe7,
    0x3c,0xe7,0x3c,0xe7,0x3c,0xe7,0x3c,0xe7,0x3c,0xe7,0x3c,0xe7,0x3c,0xe7,0x3c,0xe7,
    0x3c,0xe7,0x3c,0xe7,0x3c,0xe7,0x3c,0xe7,0x3c,0xe7,0x3c,0xe7,0x3c,0xe7,0x3c,0xe7,
    0x3c,0xe7,0x3c,0xe7,0x3c,0xe7,0x3c,0xe7,0x3c,0xe7,0x3c,0xe7,0x3c,0xe7,0x3c,0xe7,
    0x3c,0xe7,0x3c,0xe7,0x3c,0xe7,0x3c,0xe7,0x3c,0xe7,0x3c,0xe7,0x3c,0xe7,0x3c,0xe7,
    0x3c,0xe7,0x3c,0xe7,0x3c,0xe7,0x5d,0xef,0x5d,0xef,0x5d,0xef,0x5d,0xef,0x5d,0xef,
    0x3c,0xe7,0x3c,0xe7,0x3c,0xe7,0x3c,0xe7,0x3c,0xe7,0x3c,0xe7,0x3c,0xe7,0x3c,0xe7,
    0x5d,0xef,0x5d,0xef,0x5d,0xef,0x3c,0xe7,0x5d,0xef,0xbe,0xf7,0x38,0xc6,0xae,0x73,
    0x6d,0x6b,0x10,0x84,0x30,0x84,0x51,0x8c,0xb2,0x94,0x34,0xa5,0x18,0xc6,0x9e,0xf7,
    0xff,0xff,0xff,0xff,0xff,0xff,0xff,0xff,0xff,0xff,0xff,0xff,0xff,0xff,0xff,0xff,
    0xff,0xff,0xff,0xff,0xff,0xff,0xff,0xff,0xff,0xff,0xff,0xff,0xff,0xff,0xff,0xff,
    0xff,0xff,0xff,0xff,0xff,0xff,0xff,0xff,0xff,0xff,0xff,0xff,0xff,0xff,0xff,0xff,
    0xff,0xff,0xff,0xff,0xff,0xff,0xff,0xff,0xff,0xff,0xff,0xff,0xff,0xff,0xff,0xff,
    0xff,0xff,0xff,0xff,0xff,0xff,0xff,0xff,0xff,0xff,0xff,0xff,0xff,0xff,0xff,0xff,
    0xff,0xff,0xff,0xff,0xff,0xff,0xff,0xff,0xff,0xff,0xff,0xff,0xff,0xff,0xff,0xff,
    0xff,0xff,0xff,0xff,0xff,0xff,0xff,0xff,0xff,0xff,0xff,0xff,0xff,0xff,0xff,0xff,
    0xff,0xff,0xff,0xff,0xff,0xff,0xff,0xff,0xff,0xff,0xff,0xff,0xff,0xff,0xff,0xff,
    0xff,0xff,0xff,0xff,0x38,0xc6,0x10,0x84,0xef,0x7b,0xcf,0x7b,0x4d,0x6b,0xeb,0x5a,
    0xeb,0x5a,0xeb,0x5a,0xaa,0x52,0x8a,0x52,0x69,0x4a,0xe7,0x39,0x0c,0x63,0xb6,0xb5,
    0xdb,0xde,0x9a,0xd6,0xba,0xd6,0xfb,0xde,0x1c,0xe7,0x1c,0xe7,0x1c,0xe7,0x1c,0xe7,
    0x1c,0xe7,0x1c,0xe7,0x3c,0xe7,0x3c,0xe7,0x3c,0xe7,0x3c,0xe7,0x3c,0xe7,0x3c,0xe7,
    0x3c,0xe7,0x3c,0xe7,0x3c,0xe7,0x3c,0xe7,0x3c,0xe7,0x3c,0xe7,0x3c,0xe7,0x3c,0xe7,
    0x3c,0xe7,0x3c,0xe7,0x3c,0xe7,0x3c,0xe7,0x3c,0xe7,0x3c,0xe7,0x3c,0xe7,0x3c,0xe7,
    0x3c,0xe7,0x3c,0xe7,0x3c,0xe7,0x3c,0xe7,0x3c,0xe7,0x3c,0xe7,0x3c,0xe7,0x3c,0xe7,
    0x3c,0xe7,0x3c,0xe7,0x3c,0xe7,0x3c,0xe7,0x3c,0xe7,0x3c,0xe7,0x3c,0xe7,0x3c,0xe7,
    0x5d,0xef,0x5d,0xef,0x5d,0xef,0x5d,0xef,0x5d,0xef,0x3c,0xe7,0x5d,0xef,0x3c,0xe7,
    0x3c,0xe7,0x3c,0xe7,0x3c,0xe7,0x3c,0xe7,0x3c,0xe7,0x5d,0xef,0x5d,0xef,0x5d,0xef,
    0x5d,0xef,0x5d,0xef,0x5d,0xef,0xbe,0xf7,0x5d,0xef,0x14,0xa5,0x4d,0x6b,0xcf,0x7b,
    0x30,0x84,0x30,0x84,0x51,0x8c,0xb2,0x94,0x55,0xad,0xba,0xd6,0xff,0xff,0xff,0xff,
    0xff,0xff,0xff,0xff,0xff,0xff,0xff,0xff,0xff,0xff,0xff,0xff,0xff,0xff,0xff,0xff,
    0xff,0xff,0xff,0xff,0xff,0xff,0xff,0xff,0xff,0xff,0xff,0xff,0xff,0xff,0xff,0xff,
    0xff,0xff,0xff,0xff,0xff,0xff,0xff,0xff,0xff,0xff,0xff,0xff,0xff,0xff,0xff,0xff,
    0xff,0xff,0xff,0xff,0xff,0xff,0xff,0xff,0xff,0xff,0xff,0xff,0xff,0xff,0xff,0xff,
    0xff,0xff,0xff,0xff,0xff,0xff,0xff,0xff,0xff,0xff,0xff,0xff,0xff,0xff,0xff,0xff,
    0xff,0xff,0xff,0xff,0xff,0xff,0xff,0xff,0xff,0xff,0xff,0xff,0xff,0xff,0xff,0xff,
    0xff,0xff,0xff,0xff,0xff,0xff,0xff,0xff,0xff,0xff,0xff,0xff,0xff,0xff,0xff,0xff,
    0xff,0xff,0xff,0xff,0xff,0xff,0xff,0xff,0xff,0xff,0xff,0xff,0xff,0xff,0xff,0xff,
    0xff,0xff,0xff,0xff,0xff,0xff,0x3c,0xe7,0x14,0xa5,0x30,0x84,0x10,0x84,0xae,0x73,
    0x0c,0x63,0xeb,0x5a,0x0c,0x63,0xeb,0x5a,0xaa,0x52,0x8a,0x52,0x08,0x42,0x28,0x42,
    0x92,0x94,0xdb,0xde,0x3c,0xe7,0x1c,0xe7,0x1c,0xe7,0x1c,0xe7,0x1c,0xe7,0x1c,0xe7,
    0x1c,0xe7,0x1c,0xe7,0x1c,0xe7,0x3c,0xe7,0x3c,0xe7,0x3c,0xe7,0x3c,0xe7,0x3c,0xe7,
    0x3c,0xe7,0x5d,0xef,0x5d,0xef,0x5d,0xef,0x5d,0xef,0x3c,0xe7,0x3c,0xe7,0x3c,0xe7,
    0x3c,0xe7,0x3c,0xe7,0x3c,0xe7,0x3c,0xe7,0x3c,0xe7,0x3c,0xe7,0x3c,0xe7,0x3c,0xe7,
    0x3c,0xe7,0x3c,0xe7,0x3c,0xe7,0x3c,0xe7,0x3c,0xe7,0x3c,0xe7,0x3c,0xe7,0x3c,0xe7,
    0x3c,0xe7,0x3c,0xe7,0x3c,0xe7,0x3c,0xe7,0x5d,0xef,0x5d,0xef,0x5d,0xef,0x7d,0xef,
    0x7d,0xef,0x5d,0xef,0x3c,0xe7,0x3c,0xe7,0x3c,0xe7,0x3c,0xe7,0x3c,0xe7,0x3c,0xe7,
    0x3c,0xe7,0x3c,0xe7,0x5d,0xef,0x5d,0xef,0x5d,0xef,0x5d,0xef,0x7d,0xef,0x5d,0xef,
    0x5d,0xef,0x9e,0xf7,0xbe,0xf7,0x38,0xc6,0xef,0x7b,0xae,0x73,0x30,0x84,0x30,0x84,
    0x10,0x84,0x71,0x8c,0xd3,0x9c,0xb6,0xb5,0x5d,0xef,0xff,0xff,0xff,0xff,0xff,0xff,
    0xff,0xff,0xff,0xff,0xff,0xff,0xff,0xff,0xff,0xff,0xff,0xff,0xff,0xff,0xff,0xff,
    0xff,0xff,0xff,0xff,0xff,0xff,0xff,0xff,0xff,0xff,0xff,0xff,0xff,0xff,0xff,0xff,
    0xff,0xff,0xff,0xff,0xff,0xff,0xff,0xff,0xff,0xff,0xff,0xff,0xff,0xff,0xff,0xff,
    0xff,0xff,0xff,0xff,0xff,0xff,0xff,0xff,0xff,0xff,0xff,0xff,0xff,0xff,0xff,0xff,
    0xff,0xff,0xff,0xff,0xff,0xff,0xff,0xff,0xff,0xff,0xff,0xff,0xff,0xff,0xff,0xff,
    0xff,0xff,0xff,0xff,0xff,0xff,0xff,0xff,0xff,0xff,0xff,0xff,0xff,0xff,0xff,0xff,
    0xff,0xff,0xff,0xff,0xff,0xff,0xff,0xff,0xff,0xff,0xff,0xff,0xff,0xff,0xff,0xff,
    0xff,0xff,0xff,0xff,0xff,0xff,0xff,0xff,0xff,0xff,0xff,0xff,0xff,0xff,0xff,0xff,
    0xff,0xff,0xff,0xff,0xff,0xff,0xff,0xff,0xff,0xff,0x59,0xce,0x92,0x94,0x51,0x8c,
    0x10,0x84,0x6d,0x6b,0xeb,0x5a,0xeb,0x5a,0xeb,0x5a,0xcb,0x5a,0xaa,0x52,0x69,0x4a,
    0x08,0x42,0x4d,0x6b,0x18,0xc6,0x7d,0xef,0x3c,0xe7,0x1c,0xe7,0x1c,0xe7,0x3c,0xe7,
    0x3c,0xe7,0x3c,0xe7,0x3c,0xe7,0x3c,0xe7,0x3c,0xe7,0x3c,0xe7,0x3c,0xe7,0x3c,0xe7,
    0x3c,0xe7,0x3c,0xe7,0x3c,0xe7,0x5d,0xef,0x5d,0xef,0x5d,0xef,0x5d,0xef,0x5d,0xef,
    0x5d,0xef,0x5d,0xef,0x5d,0xef,0x5d,0xef,0x3c,0xe7,0x3c,0xe7,0x3c,0xe7,0x3c,0xe7,
    0x3c,0xe7,0x3c,0xe7,0x3c,0xe7,0x3c,0xe7,0x3c,0xe7,0x3c,0xe7,0x5d,0xef,0x5d,0xef,
    0x5d,0xef,0x7d,0xef,0x7d,0xef,0x7d,0xef,0x7d,0xef,0x5d,0xef,0x5d,0xef,0x5d,0xef,
    0x3c,0xe7,0x3c,0xe7,0x3c,0xe7,0x3c,0xe7,0x3c,0xe7,0x5d,0xef,0x5d,0xef,0x5d,0xef,
    0x5d,0xef,0x7d,0xef,0x7d,0xef,0x7d,0xef,0x7d,0xef,0x7d,0xef,0x5d,0xef,0x7d,0xef,
    0xbe,0xf7,0x1c,0xe7,0xf3,0x9c,0x8e,0x73,0xef,0x7b,0x51,0x8c,0x30,0x84,0x71,0x8c,
    0xb2,0x94,0x34,0xa5,0x9a,0xd6,0xff,0xff,0xff,0xff,0xff,0xff,0xff,0xff,0xff,0xff,
    0xff,0xff,0xff,0xff,0xff,0xff,0xff,0xff,0xff,0xff,0xff,0xff,0xff,0xff,0xff,0xff,
    0xff,0xff,0xff,0xff,0xff,0xff,0xff,0xff,0xff,0xff,0xff,0xff,0xff,0xff,0xff,0xff,
    0xff,0xff,0xff,0xff,0xff,0xff,0xff,0xff,0xff,0xff,0xff,0xff,0xff,0xff,0xff,0xff,
    0xff,0xff,0xff,0xff,0xff,0xff,0xff,0xff,0xff,0xff,0xff,0xff,0xff,0xff,0xff,0xff,
    0xff,0xff,0xff,0xff,0xff,0xff,0xff,0xff,0xff,0xff,0xff,0xff,0xff,0xff,0xff,0xff,
    0xff,0xff,0xff,0xff,0xff,0xff,0xff,0xff,0xff,0xff,0xff,0xff,0xff,0xff,0xff,0xff,
    0xff,0xff,0xff,0xff,0xff,0xff,0xff,0xff,0xff,0xff,0xff,0xff,0xff,0xff,0xff,0xff,
    0xff,0xff,0xff,0xff,0xff,0xff,0xff,0xff,0xff,0xff,0xff,0xff,0xff,0xff,0xff,0xff,
    0xff,0xff,0xff,0xff,0xff,0xff,0xff,0xff,0xff,0xff,0xff,0xff,0x7d,0xef,0xd7,0xbd,
    0x71,0x8c,0x10,0x84,0xae,0x73,0x2c,0x63,0xeb,0x5a,0xeb,0x5a,0xeb,0x5a,0xeb,0x5a,
    0xcb,0x5a,0x49,0x4a,0x69,0x4a,0x92,0x94,0xdb,0xde,0x7d,0xef,0x3c,0xe7,0x1c,0xe7,
    0x3c,0xe7,0x3c,0xe7,0x3c,0xe7,0x3c,0xe7,0x3c,0xe7,0x3c,0xe7,0x3c,0xe7,0x3c,0xe7,
    0x3c,0xe7,0x3c,0xe7,0x3c,0xe7,0x3c,0xe7,0x3c,0xe7,0x3c,0xe7,0x3c,0xe7,0x5d,0xef,
    0x5d,0xef,0x5d,0xef,0x7d,0xef,0x7d,0xef,0x7d,0xef,0x7d,0xef,0x7d,0xef,0x7d,0xef,
    0x7d,0xef,0x7d,0xef,0x7d,0xef,0x7d,0xef,0x7d,0xef,0x7d,0xef,0x7d,0xef,0x7d,0xef,
    0x5d,0xef,0x5d,0xef,0x5d,0xef,0x3c,0xe7,0x3c,0xe7,0x3c,0xe7,0x3c,0xe7,0x3c,0xe7,
    0x5d,0xef,0x5d,0xef,0x5d,0xef,0x5d,0xef,0x5d,0xef,0x7d,0xef,0x7d,0xef,0x7d,0xef,
    0x7d,0xef,0x7d,0xef,0x7d,0xef,0x7d,0xef,0x5d,0xef,0x9e,0xf7,0xbe,0xf7,0x5d,0xef,
    0x75,0xad,0xef,0x7b,0xae,0x73,0x10,0x84,0x10,0x84,0x51,0x8c,0xb2,0x94,0x14,0xa5,
    0x18,0xc6,0x7d,0xef,0xff,0xff,0xff,0xff,0xff,0xff,0xff,0xff,0xff,0xff,0xff,0xff,
    0xff,0xff,0xff,0xff,0xff,0xff,0xff,0xff,0xff,0xff,0xff,0xff,0xff,0xff,0xff,0xff,
    0xff,0xff,0xff,0xff,0xff,0xff,0xff,0xff,0xff,0xff,0xff,0xff,0xff,0xff,0xff,0xff,
    0xff,0xff,0xff,0xff,0xff,0xff,0xff,0xff,0xff,0xff,0xff,0xff,0xff,0xff,0xff,0xff,
    0xff,0xff,0xff,0xff,0xff,0xff,0xff,0xff,0xff,0xff,0xff,0xff,0xff,0xff,0xff,0xff,
    0xff,0xff,0xff,0xff,0xff,0xff,0xff,0xff,0xff,0xff,0xff,0xff,0xff,0xff,0xff,0xff,
    0xff,0xff,0xff,0xff,0xff,0xff,0xff,0xff,0xff,0xff,0xff,0xff,0xff,0xff,0xff,0xff,
    0xff,0xff,0xff,0xff,0xff,0xff,0xff,0xff,0xff,0xff,0xff,0xff,0xff,0xff,0xff,0xff,
    0xff,0xff,0xff,0xff,0xff,0xff,0xff,0xff,0xff,0xff,0xff,0xff,0xff,0xff,0xff,0xff,
    0xff,0xff,0xff,0xff,0xff,0xff,0xff,0xff,0xff,0xff,0xff,0xff,0xff,0xff,0xff,0xff,
    0xfb,0xde,0x34,0xa5,0x30,0x84,0xcf,0x7b,0x6d,0x6b,0x0c,0x63,0xeb,0x5a,0x0c,0x63,
    0x2c,0x63,0x2c,0x63,0xeb,0x5a,0x69,0x4a,0xeb,0x5a,0xf3,0x9c,0x1c,0xe7,0x9e,0xf7,
    0x3c,0xe7,0x3c,0xe7,0x3c,0xe7,0x3c,0xe7,0x3c,0xe7,0x5d,0xef,0x5d,0xef,0x5d,0xef,
    0x5d,0xef,0x5d,0xef,0x5d,0xef,0x5d,0xef,0x5d,0xef,0x3c,0xe7,0x3c,0xe7,0x3c,0xe7,
    0x3c,0xe7,0x3c,0xe7,0x3c,0xe7,0x3c,0xe7,0x3c,0xe7,0x3c,0xe7,0x3c,0xe7,0x3c,0xe7,
    0x3c,0xe7,0x3c,0xe7,0x3c,0xe7,0x3c,0xe7,0x3c,0xe7,0x3c,0xe7,0x3c,0xe7,0x3c,0xe7,
    0x3c,0xe7,0x3c,0xe7,0x5d,0xef,0x5d,0xef,0x5d,0xef,0x5d,0xef,0x5d,0xef,0x5d,0xef,
    0x7d,0xef,0x7d,0xef,0x5d,0xef,0x7d,0xef,0x7d,0xef,0x7d,0xef,0x7d,0xef,0x7d,0xef,
    0x7d,0xef,0x7d,0xef,0x7d,0xef,0x9e,0xf7,0xdf,0xff,0x5d,0xef,0xd7,0xbd,0x30,0x84,
    0x8e,0x73,0xcf,0x7b,0xef,0x7b,0x30,0x84,0x71,0x8c,0xd3,0x9c,0xb6,0xb5,0x1c,0xe7,
    0xff,0xff,0xff,0xff,0xff,0xff,0xff,0xff,0xff,0xff,0xff,0xff,0xff,0xff,0xff,0xff,
    0xff,0xff,0xff,0xff,0xff,0xff,0xff,0xff,0xff,0xff,0xff,0xff,0xff,0xff,0xff,0xff,
    0xff,0xff,0xff,0xff,0xff,0xff,0xff,0xff,0xff,0xff,0xff,0xff,0xff,0xff,0xff,0xff,
    0xff,0xff,0xff,0xff,0xff,0xff,0xff,0xff,0xff,0xff,0xff,0xff,0xff,0xff,0xff,0xff,
    0xff,0xff,0xff,0xff,0xff,0xff,0xff,0xff,0xff,0xff,0xff,0xff,0xff,0xff,0xff,0xff,
    0xff,0xff,0xff,0xff,0xff,0xff,0xff,0xff,0xff,0xff,0xff,0xff,0xff,0xff,0xff,0xff,
    0xff,0xff,0xff,0xff,0xff,0xff,0xff,0xff,0xff,0xff,0xff,0xff,0xff,0xff,0xff,0xff,
    0xff,0xff,0xff,0xff,0xff,0xff,0xff,0xff,0xff,0xff,0xff,0xff,0xff,0xff,0xff,0xff,
    0xff,0xff,0xff,0xff,0xff,0xff,0xff,0xff,0xff,0xff,0xff,0xff,0xff,0xff,0xff,0xff,
    0xff,0xff,0xff,0xff,0xff,0xff,0xff,0xff,0xff,0xff,0xff,0xff,0xff,0xff,0xff,0xff,
    0xff,0xff,0xff,0xff,0x9a,0xd6,0xd3,0x9c,0xef,0x7b,0xcf,0x7b,0x8e,0x73,0x2c,0x63,
    0x0c,0x63,0x0c,0x63,0x2c,0x63,0x2c,0x63,0xeb,0x5a,0x69,0x4a,0x2c,0x63,0x55,0xad,
    0xfb,0xde,0x9e,0xf7,0x5d,0xef,0x3c,0xe7,0x3c,0xe7,0x5d,0xef,0x5d,0xef,0x5d,0xef,
    0x5d,0xef,0x5d,0xef,0x5d,0xef,0x5d,0xef,0x5d,0xef,0x5d,0xef,0x5d,0xef,0x5d,0xef,
    0x5d,0xef,0x5d,0xef,0x5d,0xef,0x5d,0xef,0x5d,0xef,0x5d,0xef,0x5d,0xef,0x5d,0xef,
    0x5d,0xef,0x5d,0xef,0x5d,0xef,0x5d,0xef,0x5d,0xef,0x5d,0xef,0x5d,0xef,0x5d,0xef,
    0x5d,0xef,0x7d,0xef,0x7d,0xef,0x7d,0xef,0x7d,0xef,0x7d,0xef,0x7d,0xef,0x7d,0xef,
    0x7d,0xef,0x7d,0xef,0x7d,0xef,0x7d,0xef,0x7d,0xef,0x7d,0xef,0x7d,0xef,0x7d,0xef,
    0x7d,0xef,0xbe,0xf7,0xbe,0xf7,0x3c,0xe7,0xf7,0xbd,0x51,0x8c,0xae,0x73,0xcf,0x7b,
    0xcf,0x7b,0x10,0x84,0x71,0x8c,0x92,0x94,0x55,0xad,0xba,0xd6,0xff,0xff,0xff,0xff,
    0xff,0xff,0xff,0xff,0xff,0xff,0xff,0xff,0xff,0xff,0xff,0xff,0xff,0xff,0xff,0xff,
    0xff,0xff,0xff,0xff,0xff,0xff,0xff,0xff,0xff,0xff,0xff,0xff,0xff,0xff,0xff,0xff,
    0xff,0xff,0xff,0xff,0xff,0xff,0xff,0xff,0xff,0xff,0xff,0xff,0xff,0xff,0xff,0xff,
    0xff,0xff,0xff,0xff,0xff,0xff,0xff,0xff,0xff,0xff,0xff,0xff,0xff,0xff,0xff,0xff,
    0xff,0xff,0xff,0xff,0xff,0xff,0xff,0xff,0xff,0xff,0xff,0xff,0xff,0xff,0xff,0xff,
    0xff,0xff,0xff,0xff,0xff,0xff,0xff,0xff,0xff,0xff,0xff,0xff,0xff,0xff,0xff,0xff,
    0xff,0xff,0xff,0xff,0xff,0xff,0xff,0xff,0xff,0xff,0xff,0xff,0xff,0xff,0xff,0xff,
    0xff,0xff,0xff,0xff,0xff,0xff,0xff,0xff,0xff,0xff,0xff,0xff,0xff,0xff,0xff,0xff,
    0xff,0xff,0xff,0xff,0xff,0xff,0xff,0xff,0xff,0xff,0xff,0xff,0xff,0xff,0xff,0xff,
    0xff,0xff,0xff,0xff,0xff,0xff,0xff,0xff,0xff,0xff,0xff,0xff,0xff,0xff,0xff,0xff,
    0xff,0xff,0xff,0xff,0xff,0xff,0xdf,0xff,0x79,0xce,0xd3,0x9c,0xef,0x7b,0xcf,0x7b,
    0xae,0x73,0x4d,0x6b,0x0c,0x63,0xeb,0x5a,0x0c,0x63,0x2c,0x63,0xcb,0x5a,0x8a,0x52,
    0x2c,0x63,0x14,0xa5,0xdb,0xde,0x9e,0xf7,0x9e,0xf7,0x7d,0xef,0x5d,0xef,0x5d,0xef,
    0x5d,0xef,0x7d,0xef,0x5d,0xef,0x7d,0xef,0x7d,0xef,0x7d,0xef,0x7d,0xef,0x7d,0xef,
    0x7d,0xef,0x7d,0xef,0x7d,0xef,0x7d,0xef,0x7d,0xef,0x7d,0xef,0x7d,0xef,0x7d,0xef,
    0x7d,0xef,0x5d,0xef,0x7d,0xef,0x7d,0xef,0x7d,0xef,0x7d,0xef,0x7d,0xef,0x7d,0xef,
    0x5d,0xef,0x7d,0xef,0x7d,0xef,0x7d,0xef,0x7d,0xef,0x7d,0xef,0x7d,0xef,0x7d,0xef,
    0x7d,0xef,0x7d,0xef,0x7d,0xef,0x7d,0xef,0x7d,0xef,0x7d,0xef,0x9e,0xf7,0xbe,0xf7,
    0x9e,0xf7,0xfb,0xde,0x96,0xb5,0x30,0x84,0xae,0x73,0xae,0x73,0x10,0x84,0x30,0x84,
    0x71,0x8c,0xd3,0x9c,0x55,0xad,0x9a,0xd6,0xdf,0xff,0xff,0xff,0xff,0xff,0xff,0xff,
    0xff,0xff,0xff,0xff,0xff,0xff,0xff,0xff,0xff,0xff,0xff,0xff,0xff,0xff,0xff,0xff,
    0xff,0xff,0xff,0xff,0xff,0xff,0xff,0xff,0xff,0xff,0xff,0xff,0xff,0xff,0xff,0xff,
    0xff,0xff,0xff,0xff,0xff,0xff,0xff,0xff,0xff,0xff,0xff,0xff,0xff,0xff,0xff,0xff,
    0xff,0xff,0xff,0xff,0xff,0xff,0xff,0xff,0xff,0xff,0xff,0xff,0xff,0xff,0xff,0xff,
    0xff,0xff,0xff,0xff,0xff,0xff,0xff,0xff,0xff,0xff,0xff,0xff,0xff,0xff,0xff,0xff,
    0xff,0xff,0xff,0xff,0xff,0xff,0xff,0xff,0xff,0xff,0xff,0xff,0xff,0xff,0xff,0xff,
    0xff,0xff,0xff,0xff,0xff,0xff,0xff,0xff,0xff,0xff,0xff,0xff,0xff,0xff,0xff,0xff,
    0xff,0xff,0xff,0xff,0xff,0xff,0xff,0xff,0xff,0xff,0xff,0xff,0xff,0xff,0xff,0xff,
    0xff,0xff,0xff,0xff,0xff,0xff,0xff,0xff,0xff,0xff,0xff,0xff,0xff,0xff,0xff,0xff,
    0xff,0xff,0xff,0xff,0xff,0xff,0xff,0xff,0xff,0xff,0xff,0xff,0xff,0xff,0xff,0xff,
    0xff,0xff,0xff,0xff,0xff,0xff,0xff,0xff,0xff,0xff,0xdf,0xff,0x79,0xce,0xd3,0x9c,
    0xcf,0x7b,0x8e,0x73,0x6d,0x6b,0x4d,0x6b,0x0c,0x63,0xeb,0x5a,0x0c,0x63,0x2c,0x63,
    0x2c,0x63,0xcb,0x5a,0x4d,0x6b,0xb2,0x94,0x38,0xc6,0x5d,0xef,0xbe,0xf7,0xbe,0xf7,
    0x7d,0xef,0x5d,0xef,0x5d,0xef,0x7d,0xef,0x7d,0xef,0x7d,0xef,0x7d,0xef,0x7d,0xef,
    0x7d,0xef,0x7d,0xef,0x7d,0xef,0x7d,0xef,0x7d,0xef,0x7d,0xef,0x7d,0xef,0x7d,0xef,
    0x7d,0xef,0x7d,0xef,0x7d,0xef,0x7d,0xef,0x7d,0xef,0x7d,0xef,0x7d,0xef,0x7d,0xef,
    0x7d,0xef,0x7d,0xef,0x7d,0xef,0x7d,0xef,0x7d,0xef,0x7d,0xef,0x7d,0xef,0x7d,0xef,
    0x7d,0xef,0x7d,0xef,0x9e,0xf7,0xbe,0xf7,0xdf,0xff,0xbe,0xf7,0x1c,0xe7,0xf7,0xbd,
    0x92,0x94,0xae,0x73,0x6d,0x6b,0xae,0x73,0xef,0x7b,0x51,0x8c,0x92,0x94,0xd3,0x9c,
    0xb6,0xb5,0xdb,0xde,0xdf,0xff,0xff,0xff,0xff,0xff,0xff,0xff,0xff,0xff,0xff,0xff,
    0xff,0xff,0xff,0xff,0xff,0xff,0xff,0xff,0xff,0xff,0xff,0xff,0xff,0xff,0xff,0xff,
    0xff,0xff,0xff,0xff,0xff,0xff,0xff,0xff,0xff,0xff,0xff,0xff,0xff,0xff,0xff,0xff,
    0xff,0xff,0xff,0xff,0xff,0xff,0xff,0xff,0xff,0xff,0xff,0xff,0xff,0xff,0xff,0xff,
    0xff,0xff,0xff,0xff,0xff,0xff,0xff,0xff,0xff,0xff,0xff,0xff,0xff,0xff,0xff,0xff,
    0xff,0xff,0xff,0xff,0xff,0xff,0xff,0xff,0xff,0xff,0xff,0xff,0xff,0xff,0xff,0xff,
    0xff,0xff,0xff,0xff,0xff,0xff,0xff,0xff,0xff,0xff,0xff,0xff,0xff,0xff,0xff,0xff,
    0xff,0xff,0xff,0xff,0xff,0xff,0xff,0xff,0xff,0xff,0xff,0xff,0xff,0xff,0xff,0xff,
    0xff,0xff,0xff,0xff,0xff,0xff,0xff,0xff,0xff,0xff,0xff,0xff,0xff,0xff,0xff,0xff,
    0xff,0xff,0xff,0xff,0xff,0xff,0xff,0xff,0xff,0xff,0xff,0xff,0xff,0xff,0xff,0xff,
    0xff,0xff,0xff,0xff,0xff,0xff,0xff,0xff,0xff,0xff,0xff,0xff,0xff,0xff,0xff,0xff,
    0xff,0xff,0xff,0xff,0xff,0xff,0xff,0xff,0xff,0xff,0xff,0xff,0xff,0xff,0xff,0xff,
    0xba,0xd6,0x14,0xa5,0xcf,0x7b,0x8e,0x73,0x8e,0x73,0x8e,0x73,0x4d,0x6b,0x0c,0x63,
    0x2c,0x63,0x4d,0x6b,0x4d,0x6b,0x2c,0x63,0x2c,0x63,0xef,0x7b,0x14,0xa5,0x9a,0xd6,
    0x7d,0xef,0xbe,0xf7,0xbe,0xf7,0xbe,0xf7,0x9e,0xf7,0x7d,0xef,0x7d,0xef,0x7d,0xef,
    0x7d,0xef,0x7d,0xef,0x7d,0xef,0x7d,0xef,0x7d,0xef,0x7d,0xef,0x7d,0xef,0x7d,0xef,
    0x7d,0xef,0x7d,0xef,0x7d,0xef,0x7d,0xef,0x7d,0xef,0x7d,0xef,0x7d,0xef,0x7d,0xef,
    0x7d,0xef,0x7d,0xef,0x7d,0xef,0x7d,0xef,0x7d,0xef,0x7d,0xef,0x7d,0xef,0x9e,0xf7,
    0xdf,0xff,0xdf,0xff,0xbe,0xf7,0x3c,0xe7,0x38,0xc6,0xd3,0x9c,0xcf,0x7b,0x6d,0x6b,
    0x6d,0x6b,0xae,0x73,0x10,0x84,0x51,0x8c,0x92,0x94,0xf3,0x9c,0xd7,0xbd,0xfb,0xde,
    0xff,0xff,0xff,0xff,0xff,0xff,0xff,0xff,0xff,0xff,0xff,0xff,0xff,0xff,0xff,0xff,
    0xff,0xff,0xff,0xff,0xff,0xff,0xff,0xff,0xff,0xff,0xff,0xff,0xff,0xff,0xff,0xff,
    0xff,0xff,0xff,0xff,0xff,0xff,0xff,0xff,0xff,0xff,0xff,0xff,0xff,0xff,0xff,0xff,
    0xff,0xff,0xff,0xff,0xff,0xff,0xff,0xff,0xff,0xff,0xff,0xff,0xff,0xff,0xff,0xff,
    0xff,0xff,0xff,0xff,0xff,0xff,0xff,0xff,0xff,0xff,0xff,0xff,0xff,0xff,0xff,0xff,
    0xff,0xff,0xff,0xff,0xff,0xff,0xff,0xff,0xff,0xff,0xff,0xff,0xff,0xff,0xff,0xff,
    0xff,0xff,0xff,0xff,0xff,0xff,0xff,0xff,0xff,0xff,0xff,0xff,0xff,0xff,0xff,0xff,
    0xff,0xff,0xff,0xff,0xff,0xff,0xff,0xff,0xff,0xff,0xff,0xff,0xff,0xff,0xff,0xff,
    0xff,0xff,0xff,0xff,0xff,0xff,0xff,0xff,0xff,0xff,0xff,0xff,0xff,0xff,0xff,0xff,
    0xff,0xff,0xff,0xff,0xff,0xff,0xff,0xff,0xff,0xff,0xff,0xff,0xff,0xff,0xff,0xff,
    0xff,0xff,0xff,0xff,0xff,0xff,0xff,0xff,0xff,0xff,0xff,0xff,0xff,0xff,0xff,0xff,
    0xff,0xff,0xff,0xff,0xff,0xff,0xff,0xff,0xff,0xff,0xff,0xff,0xff,0xff,0xff,0xff,
    0xff,0xff,0xff,0xff,0x5d,0xef,0xd7,0xbd,0x71,0x8c,0xcf,0x7b,0xae,0x73,0xae,0x73,
    0xae,0x73,0x6d,0x6b,0x4d,0x6b,0x4d,0x6b,0x2c,0x63,0x2c,0x63,0x0c,0x63,0x4d,0x6b,
    0xef,0x7b,0x14,0xa5,0x38,0xc6,0x1c,0xe7,0x9e,0xf7,0xdf,0xff,0xdf,0xff,0xdf,0xff,
    0xbe,0xf7,0x9e,0xf7,0x9e,0xf7,0x7d,0xef,0x7d,0xef,0x7d,0xef,0x7d,0xef,0x7d,0xef,
    0x7d,0xef,0x7d,0xef,0x7d,0xef,0x7d,0xef,0x7d,0xef,0x7d,0xef,0x7d,0xef,0x7d,0xef,
    0x7d,0xef,0x9e,0xf7,0xbe,0xf7,0xbe,0xf7,0xdf,0xff,0xdf,0xff,0xdf,0xff,0x5d,0xef,
    0x9a,0xd6,0x96,0xb5,0x92,0x94,0xae,0x73,0x4d,0x6b,0x6d,0x6b,0xcf,0x7b,0x10,0x84,
    0x51,0x8c,0x51,0x8c,0x92,0x94,0x55,0xad,0x59,0xce,0x7d,0xef,0xff,0xff,0xff,0xff,
    0xff,0xff,0xff,0xff,0xff,0xff,0xff,0xff,0xff,0xff,0xff,0xff,0xff,0xff,0xff,0xff,
    0xff,0xff,0xff,0xff,0xff,0xff,0xff,0xff,0xff,0xff,0xff,0xff,0xff,0xff,0xff,0xff,
    0xff,0xff,0xff,0xff,0xff,0xff,0xff,0xff,0xff,0xff,0xff,0xff,0xff,0xff,0xff,0xff,
    0xff,0xff,0xff,0xff,0xff,0xff,0xff,0xff,0xff,0xff,0xff,0xff,0xff,0xff,0xff,0xff,
    0xff,0xff,0xff,0xff,0xff,0xff,0xff,0xff,0xff,0xff,0xff,0xff,0xff,0xff,0xff,0xff,
    0xff,0xff,0xff,0xff,0xff,0xff,0xff,0xff,0xff,0xff,0xff,0xff,0xff,0xff,0xff,0xff,
    0xff,0xff,0xff,0xff,0xff,0xff,0xff,0xff,0xff,0xff,0xff,0xff,0xff,0xff,0xff,0xff,
    0xff,0xff,0xff,0xff,0xff,0xff,0xff,0xff,0xff,0xff,0xff,0xff,0xff,0xff,0xff,0xff,
    0xff,0xff,0xff,0xff,0xff,0xff,0xff,0xff,0xff,0xff,0xff,0xff,0xff,0xff,0xff,0xff,
    0xff,0xff,0xff,0xff,0xff,0xff,0xff,0xff,0xff,0xff,0xff,0xff,0xff,0xff,0xff,0xff,
    0xff,0xff,0xff,0xff,0xff,0xff,0xff,0xff,0xff,0xff,0xff,0xff,0xff,0xff,0xff,0xff,
    0xff,0xff,0xff,0xff,0xff,0xff,0xff,0xff,0xff,0xff,0xff,0xff,0xff,0xff,0xff,0xff,
    0xff,0xff,0xff,0xff,0xff,0xff,0xff,0xff,0xff,0xff,0xfb,0xde,0xb6,0xb5,0xb2,0x94,
    0x10,0x84,0xae,0x73,0xae,0x73,0x8e,0x73,0x6d,0x6b,0x4d,0x6b,0x4d,0x6b,0x2c,0x63,
    0x0c,0x63,0x0c,0x63,0x2c,0x63,0xae,0x73,0x71,0x8c,0x34,0xa5,0xf7,0xbd,0xba,0xd6,
    0x3c,0xe7,0x7d,0xef,0xbe,0xf7,0xdf,0xff,0xff,0xff,0xff,0xff,0xff,0xff,0xff,0xff,
    0xff,0xff,0xff,0xff,0xff,0xff,0xff,0xff,0xff,0xff,0xff,0xff,0xff,0xff,0xff,0xff,
    0xdf,0xff,0x9e,0xf7,0x3c,0xe7,0xba,0xd6,0xf7,0xbd,0x34,0xa5,0x71,0x8c,0xcf,0x7b,
    0x4d,0x6b,0x6d,0x6b,0xae,0x73,0xef,0x7b,0x30,0x84,0x71,0x8c,0x92,0x94,0xd3,0x9c,
    0x75,0xad,0x38,0xc6,0x3c,0xe7,0xdf,0xff,0xff,0xff,0xff,0xff,0xff,0xff,0xff,0xff,
    0xff,0xff,0xff,0xff,0xff,0xff,0xff,0xff,0xff,0xff,0xff,0xff,0xff,0xff,0xff,0xff,
    0xff,0xff,0xff,0xff,0xff,0xff,0xff,0xff,0xff,0xff,0xff,0xff,0xff,0xff,0xff,0xff,
    0xff,0xff,0xff,0xff,0xff,0xff,0xff,0xff,0xff,0xff,0xff,0xff,0xff,0xff,0xff,0xff,
    0xff,0xff,0xff,0xff,0xff,0xff,0xff,0xff,0xff,0xff,0xff,0xff,0xff,0xff,0xff,0xff,
    0xff,0xff,0xff,0xff,0xff,0xff,0xff,0xff,0xff,0xff,0xff,0xff,0xff,0xff,0xff,0xff,
    0xff,0xff,0xff,0xff,0xff,0xff,0xff,0xff,0xff,0xff,0xff,0xff,0xff,0xff,0xff,0xff,
    0xff,0xff,0xff,0xff,0xff,0xff,0xff,0xff,0xff,0xff,0xff,0xff,0xff,0xff,0xff,0xff,
    0xff,0xff,0xff,0xff,0xff,0xff,0xff,0xff,0xff,0xff,0xff,0xff,0xff,0xff,0xff,0xff,
    0xff,0xff,0xff,0xff,0xff,0xff,0xff,0xff,0xff,0xff,0xff,0xff,0xff,0xff,0xff,0xff,
    0xff,0xff,0xff,0xff,0xff,0xff,0xff,0xff,0xff,0xff,0xff,0xff,0xff,0xff,0xff,0xff,
    0xff,0xff,0xff,0xff,0xff,0xff,0xff,0xff,0xff,0xff,0xff,0xff,0xff,0xff,0xff,0xff,
    0xff,0xff,0xff,0xff,0xff,0xff,0xff,0xff,0xff,0xff,0xff,0xff,0xff,0xff,0xff,0xff,
    0xff,0xff,0xff,0xff,0xff,0xff,0xff,0xff,0xff,0xff,0xff,0xff,0xff,0xff,0xdf,0xff,
    0x1c,0xe7,0xf7,0xbd,0xd3,0x9c,0x10,0x84,0xcf,0x7b,0x8e,0x73,0x8e,0x73,0xae,0x73,
    0xae,0x73,0xcf,0x7b,0xae,0x73,0xae,0x73,0x6d,0x6b,0x6d,0x6b,0x6d,0x6b,0x6d,0x6b,
    0xae,0x73,0xef,0x7b,0x51,0x8c,0xd3,0x9c,0x55,0xad,0x96,0xb5,0xd7,0xbd,0x18,0xc6,
    0x38,0xc6,0x38,0xc6,0x38,0xc6,0x38,0xc6,0xf7,0xbd,0xb6,0xb5,0x75,0xad,0xf3,0x9c,
    0x92,0x94,0x30,0x84,0xcf,0x7b,0x8e,0x73,0x8e,0x73,0x8e,0x73,0xcf,0x7b,0xef,0x7b,
    0x30,0x84,0x51,0x8c,0x71,0x8c,0xb2,0x94,0x14,0xa5,0x96,0xb5,0x59,0xce,0x3c,0xe7,
    0xdf,0xff,0xff,0xff,0xff,0xff,0xff,0xff,0xff,0xff,0xff,0xff,0xff,0xff,0xff,0xff,
    0xff,0xff,0xff,0xff,0xff,0xff,0xff,0xff,0xff,0xff,0xff,0xff,0xff,0xff,0xff,0xff,
    0xff,0xff,0xff,0xff,0xff,0xff,0xff,0xff,0xff,0xff,0xff,0xff,0xff,0xff,0xff,0xff,
    0xff,0xff,0xff,0xff,0xff,0xff,0xff,0xff,0xff,0xff,0xff,0xff,0xff,0xff,0xff,0xff,
    0xff,0xff,0xff,0xff,0xff,0xff,0xff,0xff,0xff,0xff,0xff,0xff,0xff,0xff,0xff,0xff,
    0xff,0xff,0xff,0xff,0xff,0xff,0xff,0xff,0xff,0xff,0xff,0xff,0xff,0xff,0xff,0xff,
    0xff,0xff,0xff,0xff,0xff,0xff,0xff,0xff,0xff,0xff,0xff,0xff,0xff,0xff,0xff,0xff,
    0xff,0xff,0xff,0xff,0xff,0xff,0xff,0xff,0xff,0xff,0xff,0xff,0xff,0xff,0xff,0xff,
    0xff,0xff,0xff,0xff,0xff,0xff,0xff,0xff,0xff,0xff,0xff,0xff,0xff,0xff,0xff,0xff,
    0xff,0xff,0xff,0xff,0xff,0xff,0xff,0xff,0xff,0xff,0xff,0xff,0xff,0xff,0xff,0xff,
    0xff,0xff,0xff,0xff,0xff,0xff,0xff,0xff,0xff,0xff,0xff,0xff,0xff,0xff,0xff,0xff,
    0xff,0xff,0xff,0xff,0xff,0xff,0xff,0xff,0xff,0xff,0xff,0xff,0xff,0xff,0xff,0xff,
    0xff,0xff,0xff,0xff,0xff,0xff,0xff,0xff,0xff,0xff,0xff,0xff,0xff,0xff,0xff,0xff,
    0xff,0xff,0xff,0xff,0xff,0xff,0xff,0xff,0xff,0xff,0xff,0xff,0xff,0xff,0xff,0xff,
    0xff,0xff,0xff,0xff,0xff,0xff,0x7d,0xef,0x9a,0xd6,0x96,0xb5,0xd3,0x9c,0x51,0x8c,
    0x10,0x84,0x10,0x84,0x10,0x84,0x30,0x84,0x30,0x84,0x10,0x84,0x10,0x84,0xef,0x7b,
    0xcf,0x7b,0xae,0x73,0x8e,0x73,0x6d,0x6b,0x4d,0x6b,0x4d,0x6b,0x6d,0x6b,0x6d,0x6b,
    0x6d,0x6b,0x8e,0x73,0x8e,0x73,0x8e,0x73,0x8e,0x73,0xae,0x73,0xae,0x73,0xae,0x73,
    0xcf,0x7b,0x10,0x84,0x30,0x84,0x51,0x8c,0x71,0x8c,0x71,0x8c,0x71,0x8c,0x92,0x94,
    0xf3,0x9c,0x75,0xad,0x18,0xc6,0xdb,0xde,0x9e,0xf7,0xff,0xff,0xff,0xff,0xff,0xff,
    0xff,0xff,0xff,0xff,0xff,0xff,0xff,0xff,0xff,0xff,0xff,0xff,0xff,0xff,0xff,0xff,
    0xff,0xff,0xff,0xff,0xff,0xff,0xff,0xff,0xff,0xff,0xff,0xff,0xff,0xff,0xff,0xff,
    0xff,0xff,0xff,0xff,0xff,0xff,0xff,0xff,0xff,0xff,0xff,0xff,0xff,0xff,0xff,0xff,
    0xff,0xff,0xff,0xff,0xff,0xff,0xff,0xff,0xff,0xff,0xff,0xff,0xff,0xff,0xff,0xff,
    0xff,0xff,0xff,0xff,0xff,0xff,0xff,0xff,0xff,0xff,0xff,0xff,0xff,0xff,0xff,0xff,
    0xff,0xff,0xff,0xff,0xff,0xff,0xff,0xff,0xff,0xff,0xff,0xff,0xff,0xff,0xff,0xff,
    0xff,0xff,0xff,0xff,0xff,0xff,0xff,0xff,0xff,0xff,0xff,0xff,0xff,0xff,0xff,0xff,
    0xff,0xff,0xff,0xff,0xff,0xff,0xff,0xff,0xff,0xff,0xff,0xff,0xff,0xff,0xff,0xff,
    0xff,0xff,0xff,0xff,0xff,0xff,0xff,0xff,0xff,0xff,0xff,0xff,0xff,0xff,0xff,0xff,
    0xff,0xff,0xff,0xff,0xff,0xff,0xff,0xff,0xff,0xff,0xff,0xff,0xff,0xff,0xff,0xff,
    0xff,0xff,0xff,0xff,0xff,0xff,0xff,0xff,0xff,0xff,0xff,0xff,0xff,0xff,0xff,0xff,
    0xff,0xff,0xff,0xff,0xff,0xff,0xff,0xff,0xff,0xff,0xff,0xff,0xff,0xff,0xff,0xff,
    0xff,0xff,0xff,0xff,0xff,0xff,0xff,0xff,0xff,0xff,0xff,0xff,0xff,0xff,0xff,0xff,
    0xff,0xff,0xff,0xff,0xff,0xff,0xff,0xff,0xff,0xff,0xff,0xff,0xff,0xff,0xff,0xff,
    0xff,0xff,0xff,0xff,0xff,0xff,0xff,0xff,0xff,0xff,0xff,0xff,0xff,0xff,0x9e,0xf7,
    0xfb,0xde,0x9a,0xd6,0xf7,0xbd,0x75,0xad,0xf3,0x9c,0xb2,0x94,0x71,0x8c,0x51,0x8c,
    0x30,0x84,0x30,0x84,0x30,0x84,0x30,0x84,0x30,0x84,0x30,0x84,0x30,0x84,0x30,0x84,
    0x30,0x84,0x51,0x8c,0x51,0x8c,0x51,0x8c,0x51,0x8c,0x51,0x8c,0x51,0x8c,0x51,0x8c,
    0x71,0x8c,0xb2,0x94,0xd3,0x9c,0x34,0xa5,0xb6,0xb5,0x38,0xc6,0xba,0xd6,0x1c,0xe7,
    0x9e,0xf7,0xff,0xff,0xff,0xff,0xff,0xff,0xff,0xff,0xff,0xff,0xff,0xff,0xff,0xff,
    0xff,0xff,0xff,0xff,0xff,0xff,0xff,0xff,0xff,0xff,0xff,0xff,0xff,0xff,0xff,0xff,
    0xff,0xff,0xff,0xff,0xff,0xff,0xff,0xff,0xff,0xff,0xff,0xff,0xff,0xff,0xff,0xff,
    0xff,0xff,0xff,0xff,0xff,0xff,0xff,0xff,0xff,0xff,0xff,0xff,0xff,0xff,0xff,0xff,
    0xff,0xff,0xff,0xff,0xff,0xff,0xff,0xff,0xff,0xff,0xff,0xff,0xff,0xff,0xff,0xff,
    0xff,0xff,0xff,0xff,0xff,0xff,0xff,0xff,0xff,0xff,0xff,0xff,0xff,0xff,0xff,0xff,
    0xff,0xff,0xff,0xff,0xff,0xff,0xff,0xff,0xff,0xff,0xff,0xff,0xff,0xff,0xff,0xff,
    0xff,0xff,0xff,0xff,0xff,0xff,0xff,0xff,0xff,0xff,0xff,0xff,0xff,0xff,0xff,0xff,
    0xff,0xff,0xff,0xff,0xff,0xff,0xff,0xff,0xff,0xff,0xff,0xff,0xff,0xff,0xff,0xff,
    0xff,0xff,0xff,0xff,0xff,0xff,0xff,0xff,0xff,0xff,0xff,0xff,0xff,0xff,0xff,0xff,
    0xff,0xff,0xff,0xff,0xff,0xff,0xff,0xff,0xff,0xff,0xff,0xff,0xff,0xff,0xff,0xff,
    0xff,0xff,0xff,0xff,0xff,0xff,0xff,0xff,0xff,0xff,0xff,0xff,0xff,0xff,0xff,0xff,
    0xff,0xff,0xff,0xff,0xff,0xff,0xff,0xff,0xff,0xff,0xff,0xff,0xff,0xff,0xff,0xff,
    0xff,0xff,0xff,0xff,0xff,0xff,0xff,0xff,0xff,0xff,0xff,0xff,0xff,0xff,0xff,0xff,
    0xff,0xff,0xff,0xff,0xff,0xff,0xff,0xff,0xff,0xff,0xff,0xff,0xff,0xff,0xff,0xff,
    0xff,0xff,0xff,0xff,0xff,0xff,0xff,0xff,0xff,0xff,0xff,0xff,0xff,0xff,0xff,0xff,
    0xff,0xff,0xff,0xff,0xff,0xff,0xff,0xff,0xdf,0xff,0x7d,0xef,0x3c,0xe7,0xdb,0xde,
    0x9a,0xd6,0x59,0xce,0x18,0xc6,0xf7,0xbd,0xb6,0xb5,0x96,0xb5,0x75,0xad,0x75,0xad,
    0x75,0xad,0x75,0xad,0x96,0xb5,0x96,0xb5,0xd7,0xbd,0xf7,0xbd,0x38,0xc6,0x79,0xce,
    0xdb,0xde,0x1c,0xe7,0x7d,0xef,0xbe,0xf7,0xff,0xff,0xff,0xff,0xff,0xff,0xff,0xff,
    0xff,0xff,0xff,0xff,0xff,0xff,0xff,0xff,0xff,0xff,0xff,0xff,0xff,0xff,0xff,0xff,
    0xff,0xff,0xff,0xff,0xff,0xff,0xff,0xff,0xff,0xff,0xff,0xff,0xff,0xff,0xff,0xff,
    0xff,0xff,0xff,0xff,0xff,0xff,0xff,0xff,0xff,0xff,0xff,0xff,0xff,0xff,0xff,0xff,
    0xff,0xff,0xff,0xff,0xff,0xff,0xff,0xff,0xff,0xff,0xff,0xff,0xff,0xff,0xff,0xff,
    0xff,0xff,0xff,0xff,0xff,0xff,0xff,0xff,0xff,0xff,0xff,0xff,0xff,0xff,0xff,0xff,
    0xff,0xff,0xff,0xff,0xff,0xff,0xff,0xff,0xff,0xff,0xff,0xff,0xff,0xff,0xff,0xff,
    0xff,0xff,0xff,0xff,0xff,0xff,0xff,0xff,0xff,0xff,0xff,0xff,0xff,0xff,0xff,0xff,
    0xff,0xff,0xff,0xff,0xff,0xff,0xff,0xff,0xff,0xff,0xff,0xff,0xff,0xff,0xff,0xff,

};

const lv_image_dsc_t eyes_img = {
  .header.magic = LV_IMAGE_HEADER_MAGIC,
  .header.cf = LV_COLOR_FORMAT_RGB565,
  .header.flags = 0,
  .header.w = 160,
  .header.h = 160,
  .header.stride = 320,
  .data_size = 51200,
  .data = eyes_img_map,
};
